id,Exited
15000,0.23096028383572179
15001,0.13835532847760773
15002,0.4119313828853991
15003,0.46747937722363786
15004,0.20967186752831654
15005,0.39315555232386423
15006,0.37905685254465965
15007,0.34469781651550896
15008,0.1430117061864497
15009,0.20379584281503094
15010,0.31800743357022854
15011,0.992189779611396
15012,0.332256417611387
15013,0.490787025992314
15014,0.5413634527411758
15015,0.12340229944019172
15016,0.1715139653175079
15017,0.19292855588327654
15018,0.7488651499276413
15019,0.19584435848916693
15020,0.0744218141982747
15021,0.02886193547370735
15022,0.9886630817783785
15023,0.5198141539095794
15024,0.2836148413853781
15025,0.927690254536325
15026,0.9058563397255162
15027,0.1922700304429477
15028,0.23234907977497918
15029,0.8680788074736874
15030,0.6388235838306198
15031,0.6417827253116217
15032,0.42168022847378056
15033,0.5447118288997687
15034,0.8325157614860974
15035,0.34873155941328643
15036,0.10501045847344928
15037,0.9161926942470945
15038,0.3815206317254639
15039,0.18798869553680758
15040,0.6692189058270821
15041,0.0768821848382029
15042,0.08442923096205682
15043,0.19906489087102303
15044,0.04201375014000574
15045,0.3043797346640952
15046,0.5488749110892983
15047,0.9415558328653594
15048,0.0528507450395162
15049,0.7599736267931283
15050,0.35059632202956637
15051,0.24008485782538797
15052,0.08056609905291881
15053,0.7621825670264082
15054,0.6217388613917695
15055,0.20246641109639646
15056,0.055120314030752
15057,0.9749595574475469
15058,0.8372045130059307
15059,0.5101451489731743
15060,0.061809027838623624
15061,0.06240036196126388
15062,0.94014592768252
15063,0.7937075358522427
15064,0.05486727230491537
15065,0.2967344538417847
15066,0.13224601348580436
15067,0.9607965599471413
15068,0.910937618292081
15069,0.26948308283011196
15070,0.9682273650562624
15071,0.22573885543050642
15072,0.8485536388919253
15073,0.8296564756875545
15074,0.22908080525466878
15075,0.08535020095160349
15076,0.026025965293791836
15077,0.24991444313193387
15078,0.03965236334104541
15079,0.1435465761394368
15080,0.8618850225958777
15081,0.25454028898420983
15082,0.4654901010764618
15083,0.32612662040902046
15084,0.07309907464871604
15085,0.03490190223369993
15086,0.7874553414875788
15087,0.022150137192206314
15088,0.22750035843799515
15089,0.10018104741936203
15090,0.13806301510648436
15091,0.20907234141218123
15092,0.03200312217789208
15093,0.42233190840866947
15094,0.1605186825177443
15095,0.1293420145750094
15096,0.6443378393554796
15097,0.021503585472681927
15098,0.1466613243939513
15099,0.3250877336727635
15100,0.01825937617877731
15101,0.8578834866822292
15102,0.689234798925291
15103,0.40013343874940505
15104,0.5925584891770636
15105,0.6276930469843435
15106,0.24160013495763652
15107,0.982808640969233
15108,0.20042102527293335
15109,0.10066132384806187
15110,0.5064316884857643
15111,0.32579721792644006
15112,0.6387587017279232
15113,0.24518847937698177
15114,0.18348406145891297
15115,0.42543454543171527
15116,0.1196119178897994
15117,0.5570291977568734
15118,0.36076573090471914
15119,0.5270987945815006
15120,0.2185353926713085
15121,0.47430788153323555
15122,0.23799339335350192
15123,0.28750701097156045
15124,0.7452112835993797
15125,0.1159729101754832
15126,0.8814088204341651
15127,0.02178406405405896
15128,0.31394215360981226
15129,0.16631020244074318
15130,0.018735435493664257
15131,0.9444451761460831
15132,0.06630873680655228
15133,0.41369131084305755
15134,0.06636616230270133
15135,0.7816598669878315
15136,0.7258631758996472
15137,0.6158629775101871
15138,0.10485480856546474
15139,0.10755938864927417
15140,0.15541437623009646
15141,0.9126168654691382
15142,0.06562039947765148
15143,0.9583227186607377
15144,0.6544899540937912
15145,0.2692117415345492
15146,0.10161201839117405
15147,0.9141489689357906
15148,0.23671338502123118
15149,0.9857890923096524
15150,0.18978718296246871
15151,0.7274383073675463
15152,0.3595116720465861
15153,0.480152690245133
15154,0.917223147235234
15155,0.6067995612551229
15156,0.0751201803961607
15157,0.5769034709545354
15158,0.6143055289947027
15159,0.5896597350774923
15160,0.7344624910783314
15161,0.012047079113850617
15162,0.039075549722698694
15163,0.11185363043493957
15164,0.02932692764066259
15165,0.371975120067585
15166,0.9942851887304497
15167,0.48025429058337504
15168,0.36682266199824204
15169,0.19858818824290222
15170,0.5474631116811575
15171,0.08966623405281625
15172,0.3028106809134749
15173,0.9580676745844104
15174,0.9147151177260368
15175,0.5845695989029562
15176,0.06488920815234468
15177,0.29852885778116633
15178,0.3885934492636143
15179,0.17748873126693943
15180,0.8516091485485053
15181,0.9922653788701167
15182,0.4700773724521645
15183,0.9764307802318918
15184,0.12231762609590655
15185,0.6979367403834675
15186,0.2600360249557829
15187,0.12820819892075255
15188,0.1325692412118781
15189,0.10380604890383498
15190,0.19688486016589699
15191,0.1597066678791517
15192,0.6551238172921029
15193,0.365503658549704
15194,0.8807018115368297
15195,0.5155618549141064
15196,0.5350839883163105
15197,0.015335691868351658
15198,0.8267337967322833
15199,0.47389057532191664
15200,0.5865587376483423
15201,0.18264439094851395
15202,0.015953118144581745
15203,0.04322778114290186
15204,0.04988698920602309
15205,0.5040499729855857
15206,0.4555056436561219
15207,0.6429743660344132
15208,0.1774571272109946
15209,0.41007982615687427
15210,0.10519220635159271
15211,0.4109212936737956
15212,0.7652682261007644
15213,0.14643955956803498
15214,0.13111232498514683
15215,0.32908277324057567
15216,0.7365420741127714
15217,0.12447578574139806
15218,0.3663974624722827
15219,0.23165939360424184
15220,0.26272397411414583
15221,0.22706520178403233
15222,0.16701942969975533
15223,0.21141463668300353
15224,0.21683706879485773
15225,0.7956949394589543
15226,0.753350253335786
15227,0.054991391914724005
15228,0.7896966171679622
15229,0.27189800084022925
15230,0.9518726943194525
15231,0.9972600653196808
15232,0.14718140953934244
15233,0.48857411450904203
15234,0.8736995201194512
15235,0.09275403378576601
15236,0.3929692313796161
15237,0.5744031424092364
15238,0.11221755005167171
15239,0.18710230903600375
15240,0.5090366656828055
15241,0.25330139901889276
15242,0.5796575162776837
15243,0.8640765740417604
15244,0.22953220892656692
15245,0.9774555413562196
15246,0.2053270004049737
15247,0.6856631546558506
15248,0.5895732321724358
15249,0.12428507012586604
15250,0.11096182672113046
15251,0.21165936852772907
15252,0.31413123595686027
15253,0.44029815406744055
15254,0.09985917740980792
15255,0.12747482814828617
15256,0.08318906943561029
15257,0.13131706787705938
15258,0.9064343468603374
15259,0.2796540386967271
15260,0.023466955594574596
15261,0.29629975777042844
15262,0.18911407429909138
15263,0.9897911112270994
15264,0.44812057145654816
15265,0.49047092958559857
15266,0.03286341753654267
15267,0.6097581983889647
15268,0.09441746686296437
15269,0.19324889001227166
15270,0.3832426852428481
15271,0.5278162574237374
15272,0.3390953448086979
15273,0.04296546613224657
15274,0.9661165568226447
15275,0.8567695728945816
15276,0.3667262123299116
15277,0.07612120877836852
15278,0.12459547101083593
15279,0.4160972521866232
15280,0.9691262167641129
15281,0.34524971449148745
15282,0.6497181521557114
15283,0.9324228338470489
15284,0.11924683498016711
15285,0.9225230428116067
15286,0.018045465766819518
15287,0.2510812442552096
15288,0.18537826436996405
15289,0.1399446815917388
15290,0.012245109571911121
15291,0.17054828775386813
15292,0.1325601696005539
15293,0.9943409117400501
15294,0.19367006259173272
15295,0.1527929115680187
15296,0.20940213227669333
15297,0.09245436685457513
15298,0.03077876972871254
15299,0.040300981608490195
15300,0.21172753329871327
15301,0.9123927622077741
15302,0.5936957021052998
15303,0.10377801417282051
15304,0.20945875446979406
15305,0.17238343357036712
15306,0.07063052496537411
15307,0.9229584544141157
15308,0.017143215881507426
15309,0.43392578737134624
15310,0.8006859417487031
15311,0.4809978222008028
15312,0.1652390052774891
15313,0.14347868798033145
15314,0.043745118699512635
15315,0.0961464029414601
15316,0.22872642317872327
15317,0.3241462498650713
15318,0.6729922578835799
15319,0.022637949021517216
15320,0.06721220868413043
15321,0.19959029202962825
15322,0.6329140130633716
15323,0.020014446224279545
15324,0.9319394103470796
15325,0.025451101232266016
15326,0.37214432434106987
15327,0.5512523860939823
15328,0.16721930341596283
15329,0.031195597163302356
15330,0.06171149072344154
15331,0.13679061157722566
15332,0.06196425350742575
15333,0.05621029793794281
15334,0.5366027489093202
15335,0.13920276490707234
15336,0.37825707165319833
15337,0.5230976440895051
15338,0.643111117318067
15339,0.06256202909397897
15340,0.11694744647667331
15341,0.034444628289022554
15342,0.9343113196510435
15343,0.1957507527584648
15344,0.3324852358919107
15345,0.5872734493681715
15346,0.955329683775962
15347,0.48935870584499763
15348,0.14896370762596434
15349,0.286575959246587
15350,0.1184704391719036
15351,0.1453239092727134
15352,0.26493891331397584
15353,0.5414412369701239
15354,0.13661760568678413
15355,0.27299965146896954
15356,0.7992339491428807
15357,0.14971530575547545
15358,0.5323045075205259
15359,0.011247154962225586
15360,0.26011368004358304
15361,0.07083447270591932
15362,0.1809095165324178
15363,0.23500618079320157
15364,0.36838990421538853
15365,0.7649910700148531
15366,0.8888031349380023
15367,0.9148694994630011
15368,0.03816799525960715
15369,0.3245441516126195
15370,0.946496629835744
15371,0.22399538735993144
15372,0.23645839684510045
15373,0.3595383504884685
15374,0.5485574212695055
15375,0.029764305550489967
15376,0.25882473341971224
15377,0.7850243042841144
15378,0.7028700917224566
15379,0.9190097717441039
15380,0.973310115060861
15381,0.03284531900201404
15382,0.08057669396173786
15383,0.07087877562292279
15384,0.9535411122447893
15385,0.3680542437200561
15386,0.3370248278102944
15387,0.4016422899542361
15388,0.22172238883001041
15389,0.5625046057839229
15390,0.5867881942624086
15391,0.4544786121702652
15392,0.05871679503636814
15393,0.05606202320978191
15394,0.053962113175406556
15395,0.12080637577040881
15396,0.44741449265591116
15397,0.13055510731715947
15398,0.18405236310193646
15399,0.23578662608411863
15400,0.662955899496192
15401,0.09594945577749914
15402,0.11712466036428801
15403,0.09913951132217745
15404,0.9045950660363958
15405,0.345783062302818
15406,0.6134161653181669
15407,0.5307741613579126
15408,0.04187017430299323
15409,0.8889132637439752
15410,0.7184868998947584
15411,0.0902631705901005
15412,0.22694434948995126
15413,0.794433840600072
15414,0.9918530695091278
15415,0.19497018856417647
15416,0.1319013512447295
15417,0.34077666274806306
15418,0.25267900232345714
15419,0.7053096454959136
15420,0.2117279333986704
15421,0.07597090009317758
15422,0.6283384080168426
15423,0.5759972128399782
15424,0.12879644269800344
15425,0.9382460658543573
15426,0.7973079311273636
15427,0.13915375696354157
15428,0.47973213478893395
15429,0.3684814361399699
15430,0.009977105552357141
15431,0.2787988329493952
15432,0.3514255208064846
15433,0.0528934714274107
15434,0.103915492797002
15435,0.032183687875999865
15436,0.25868257447518234
15437,0.6197468195403658
15438,0.3259424251849104
15439,0.2209412432168562
15440,0.10446952884644171
15441,0.12390663213092816
15442,0.8778636453356008
15443,0.8623459804258682
15444,0.07900082333182974
15445,0.12361130070700696
15446,0.43509406057481276
15447,0.20178716479607575
15448,0.910434916440289
15449,0.2538150747451066
15450,0.2430580118273705
15451,0.2650557182845062
15452,0.7168324725601318
15453,0.32540784723642663
15454,0.1946462709525002
15455,0.915475199707989
15456,0.2687344000350122
15457,0.07853103915404243
15458,0.4961585401066342
15459,0.8133172830677978
15460,0.9722621716608871
15461,0.22224621317530077
15462,0.5627937425827698
15463,0.18365237835627557
15464,0.898366282060371
15465,0.7225629280324871
15466,0.09876655159984751
15467,0.8926106817831443
15468,0.06697056426186404
15469,0.05877503192748181
15470,0.05719357877270954
15471,0.062349129912129174
15472,0.244452597945335
15473,0.6106398453456928
15474,0.35711924528627037
15475,0.6619177800721922
15476,0.761632299707441
15477,0.5775251461998767
15478,0.06872125475510522
15479,0.26560675334582184
15480,0.9430561403058059
15481,0.9894443106168753
15482,0.4195092635349042
15483,0.9747073559984825
15484,0.20487017041569486
15485,0.5484500046276867
15486,0.09954332083906037
15487,0.9426469828031218
15488,0.22877725081350195
15489,0.4009873554006298
15490,0.9339171977198508
15491,0.8640801388917702
15492,0.7684659067563466
15493,0.2443150060335722
15494,0.19113965848484124
15495,0.7055214879975589
15496,0.31758788460237936
15497,0.06204112213203573
15498,0.986601579889815
15499,0.4709052147772044
15500,0.10765328940699459
15501,0.020459334150128097
15502,0.4174146063017579
15503,0.9848367339420206
15504,0.06944549505224142
15505,0.4418366706997239
15506,0.4754336854423611
15507,0.01593538112212987
15508,0.6176542724397399
15509,0.09073818876896926
15510,0.23222541232266863
15511,0.03917238559925329
15512,0.06751446081814169
15513,0.15974630622867741
15514,0.14688955594307598
15515,0.06984246630824156
15516,0.55308114043078
15517,0.5929077798760511
15518,0.10370508751004584
15519,0.4332635173164665
15520,0.5011883703073579
15521,0.4438646339216782
15522,0.11164652003660311
15523,0.05952481885709318
15524,0.43357508926500216
15525,0.020692622877177953
15526,0.08629513987576402
15527,0.30849381409226573
15528,0.050302588712622304
15529,0.5390191923063106
15530,0.052141460301316084
15531,0.32696102083984463
15532,0.19476075250869943
15533,0.510645271480429
15534,0.10904425624315116
15535,0.17020740090455297
15536,0.5546335769270135
15537,0.42717717970144914
15538,0.31070208017340706
15539,0.2635250836704897
15540,0.28171087185086585
15541,0.5054789960315973
15542,0.10386376492715385
15543,0.09861728436267171
15544,0.24488874536151115
15545,0.2518992218226407
15546,0.7193627825450807
15547,0.6281244815009722
15548,0.10527122030350693
15549,0.8540240709266408
15550,0.09087420811893082
15551,0.18603991065467507
15552,0.17106204313239573
15553,0.10219569373171783
15554,0.5395277204438906
15555,0.09599736313541314
15556,0.10906258178970774
15557,0.23406830906509055
15558,0.25289823433565867
15559,0.1337956855689956
15560,0.29607920072360505
15561,0.4188600993210242
15562,0.0999823294395178
15563,0.30726155956228296
15564,0.3725549381606979
15565,0.6026981496855596
15566,0.07990462039722987
15567,0.16263930809567664
15568,0.07258808643659675
15569,0.07052891314396724
15570,0.5030751896985454
15571,0.8084635032991643
15572,0.9275007955862221
15573,0.19889692677901674
15574,0.1354389606040142
15575,0.13673712501337124
15576,0.4120574064345777
15577,0.7117996356668171
15578,0.9786329953135781
15579,0.7271108861693368
15580,0.13673883932901387
15581,0.11577691475969905
15582,0.2715548741976184
15583,0.14050030508473857
15584,0.5744234991957631
15585,0.14613350066507969
15586,0.015773266483358705
15587,0.12134942569612243
15588,0.35381985485801
15589,0.0860681785437016
15590,0.3019582450188757
15591,0.4284489040142941
15592,0.1313222783155694
15593,0.99377982435932
15594,0.6627905848295628
15595,0.08054437968670798
15596,0.9335269917697856
15597,0.8375966171691994
15598,0.5207036243104343
15599,0.2422030723350818
15600,0.7320196706582498
15601,0.6381865137181028
15602,0.1111379757415721
15603,0.15897423047001563
15604,0.45330979625047435
15605,0.3739135436637764
15606,0.07257091827395251
15607,0.19315519834742897
15608,0.26092074694766065
15609,0.3886384313093294
15610,0.973747818643004
15611,0.013125626408936063
15612,0.3980799825019982
15613,0.3910255920795551
15614,0.17753825548367755
15615,0.47311923235623654
15616,0.0322224996324357
15617,0.9409816846990523
15618,0.4949078135927021
15619,0.0972512264649368
15620,0.5615362854666812
15621,0.17875334924827224
15622,0.24058623461739737
15623,0.5650892561567196
15624,0.2803123029094714
15625,0.9633339782791672
15626,0.261549101472146
15627,0.802444515663668
15628,0.2567234279758162
15629,0.6076933549537932
15630,0.0397539684508405
15631,0.4588516915769848
15632,0.11931410381419226
15633,0.03553922064111728
15634,0.16982517389777835
15635,0.5785580316855395
15636,0.19712824259686115
15637,0.26758626938829916
15638,0.4334336002769211
15639,0.6969472385964129
15640,0.6358709767293822
15641,0.9893163264586372
15642,0.6971070943456025
15643,0.30247933918673076
15644,0.3845217075125216
15645,0.30767685456880245
15646,0.07235314951050326
15647,0.130552039211328
15648,0.4986329216971792
15649,0.20401021927284185
15650,0.10089720340334431
15651,0.22623731174007997
15652,0.06796510401871465
15653,0.7185906105867074
15654,0.20867508083011252
15655,0.8357604752921132
15656,0.6591741034789798
15657,0.7470068725337038
15658,0.029242314521924783
15659,0.5290069661179633
15660,0.22807180797591753
15661,0.5526931509702209
15662,0.08362198944656965
15663,0.333824520822514
15664,0.5084015102613622
15665,0.6372493863850335
15666,0.13043535726700284
15667,0.26706012720960615
15668,0.019457771454822487
15669,0.6081302956222648
15670,0.9486176272018056
15671,0.9766319089091073
15672,0.056627385936634994
15673,0.5345390425524799
15674,0.37236298981655974
15675,0.8126423417236988
15676,0.037681521226254726
15677,0.6781927335977096
15678,0.06825737147672559
15679,0.17727284408943053
15680,0.1871993673602994
15681,0.07212604409773556
15682,0.08620921661066297
15683,0.1882269909968978
15684,0.21877113112799781
15685,0.16321168547129522
15686,0.8281891422079866
15687,0.09052387333105523
15688,0.8072691275419774
15689,0.5593750569678465
15690,0.614614452290758
15691,0.09981482439672139
15692,0.31203334431349583
15693,0.6393759883876288
15694,0.025813278323316778
15695,0.25320114283935713
15696,0.30703566211401023
15697,0.23759462780466786
15698,0.4890590129195159
15699,0.08349357041525284
15700,0.058657561175214534
15701,0.5051281007904306
15702,0.2380467453561648
15703,0.4933783826070791
15704,0.039500039629113845
15705,0.9694670052556346
15706,0.4340779938513975
15707,0.1685983754217341
15708,0.8060747414912047
15709,0.024142200733076012
15710,0.9321081018050834
15711,0.7646239244136935
15712,0.08428626787984327
15713,0.044072886489499905
15714,0.1214912494397046
15715,0.8449174742316098
15716,0.15654970869711082
15717,0.21997637161373323
15718,0.07284624412880815
15719,0.21416438303435947
15720,0.6606038681023008
15721,0.09864794275323786
15722,0.017848829867458404
15723,0.12256152241821519
15724,0.19752438905130468
15725,0.2933525857186333
15726,0.26182924954444003
15727,0.2666649846894596
15728,0.054723321465306424
15729,0.9082071026040617
15730,0.3051288938396309
15731,0.04678046957298464
15732,0.9691641485630313
15733,0.766759231438864
15734,0.45779680635306486
15735,0.7176911151338246
15736,0.21235063192520187
15737,0.7494987930688185
15738,0.10691622058569104
15739,0.08982179637371458
15740,0.572608045569289
15741,0.8880237236393479
15742,0.8740064223201226
15743,0.7372510037623254
15744,0.10035826575127464
15745,0.09531173823583454
15746,0.4613550029331166
15747,0.7451514715761751
15748,0.5947592647024943
15749,0.06577760686714526
15750,0.19600511342489924
15751,0.056984732169798845
15752,0.6960029989891888
15753,0.3138028137823148
15754,0.09555800635975806
15755,0.42350904493471586
15756,0.06405391131076982
15757,0.07035695165013113
15758,0.051605367564086076
15759,0.1258138470940107
15760,0.626534441817784
15761,0.3325757629499644
15762,0.8590380727811648
15763,0.30128729977725754
15764,0.26360724299446064
15765,0.5485432958967835
15766,0.38485172423975084
15767,0.044624632602110026
15768,0.19808532169841844
15769,0.14194354330967807
15770,0.3057557376203705
15771,0.14987771494427043
15772,0.07097821252784868
15773,0.48474050993769247
15774,0.2940158267992744
15775,0.03309225137219903
15776,0.4011763048220305
15777,0.865078497065555
15778,0.9441118174873155
15779,0.266005861229862
15780,0.8255863959588378
15781,0.20794962118796803
15782,0.2876222206939641
15783,0.03616107192891238
15784,0.20857345218045245
15785,0.2790413059063343
15786,0.19279587820054736
15787,0.05921028092600952
15788,0.787283308153999
15789,0.7270037160466776
15790,0.24728973427054377
15791,0.08693693040842722
15792,0.9597984335648457
15793,0.08203951983608165
15794,0.08521835014828756
15795,0.45797130306737777
15796,0.0740130673301922
15797,0.3886369771367704
15798,0.9875173211460958
15799,0.23607833345501122
15800,0.583063010474411
15801,0.7603790022291338
15802,0.8563310504060379
15803,0.4968238019849657
15804,0.21517571594426385
15805,0.2646469495234324
15806,0.09757932307383108
15807,0.906746170939287
15808,0.7355173571654624
15809,0.12424349598969031
15810,0.9417255406018427
15811,0.9838861570542986
15812,0.28644275003897085
15813,0.05925303088563185
15814,0.054901194448557344
15815,0.27901715074660427
15816,0.597830082012774
15817,0.3845145021940397
15818,0.17740671833453783
15819,0.4355489640028965
15820,0.1836467902752707
15821,0.8176771432548018
15822,0.4572924417820654
15823,0.8883990894003408
15824,0.05469420395634681
15825,0.0618137964715246
15826,0.08885975700345089
15827,0.1462734182746596
15828,0.0580095651203876
15829,0.6380578985886303
15830,0.9520243259995311
15831,0.45550914449065133
15832,0.5340427570937383
15833,0.8359922712448835
15834,0.18331367285708122
15835,0.06321623877258616
15836,0.05097609023447771
15837,0.39241813447971097
15838,0.028946917610487007
15839,0.011491962403320026
15840,0.06095773632259284
15841,0.12389771294155835
15842,0.6255113261762594
15843,0.34452223271073107
15844,0.3212058778962707
15845,0.760050652756138
15846,0.656246435165489
15847,0.2847758307283722
15848,0.2452802717350261
15849,0.13111956897862315
15850,0.024385968355368222
15851,0.3281797879432526
15852,0.20977834970844408
15853,0.5308826151866859
15854,0.050717659084191444
15855,0.33652294510312747
15856,0.11108258358702588
15857,0.5156472177465562
15858,0.1714206914709487
15859,0.9887895855016805
15860,0.14420764220496052
15861,0.6758840794399739
15862,0.2007093508175248
15863,0.3159718659534959
15864,0.9228799333036054
15865,0.5518387646963063
15866,0.15417419303585192
15867,0.3693986474360656
15868,0.12001595788535797
15869,0.24432859121019743
15870,0.13981137398952218
15871,0.17304582604988017
15872,0.06051670194546504
15873,0.579055723772628
15874,0.014759259208567018
15875,0.370245313442992
15876,0.10612358423389096
15877,0.05878916718053791
15878,0.47325412814516826
15879,0.7801021168871545
15880,0.20512252985926974
15881,0.10435214785005115
15882,0.24319182240099588
15883,0.0544596801193512
15884,0.5558029423104048
15885,0.23421335335816862
15886,0.5949669976271441
15887,0.37860625286845634
15888,0.4474365708687043
15889,0.2433795528165621
15890,0.18591200170486374
15891,0.9589155016774062
15892,0.12455173322668073
15893,0.41777136047809876
15894,0.1171958729047921
15895,0.2225908521550573
15896,0.22702100555557017
15897,0.5415375730311531
15898,0.39767894580255636
15899,0.19702290927272406
15900,0.5219756581889005
15901,0.6139656426116258
15902,0.28018143361160064
15903,0.6134694989518173
15904,0.036328336400303106
15905,0.5336312002165361
15906,0.3430094347045953
15907,0.23157648203051373
15908,0.46662360103284417
15909,0.30029886965083225
15910,0.4237378458873386
15911,0.4099633300303006
15912,0.2394606198685472
15913,0.1563067759280202
15914,0.7422321362586481
15915,0.21357225642669628
15916,0.2929432255584064
15917,0.17844400420102816
15918,0.050336289404315546
15919,0.4181449509522436
15920,0.6588666542926224
15921,0.7094491955515888
15922,0.19894177263191434
15923,0.06002373394277522
15924,0.898335074804702
15925,0.07763239399143272
15926,0.21302650572834841
15927,0.896212725272543
15928,0.3559993231835017
15929,0.741458497743468
15930,0.9584017383744654
15931,0.682004457575453
15932,0.9126272345265655
15933,0.6841873616351971
15934,0.09305707724357873
15935,0.025374547948669463
15936,0.139350568030167
15937,0.06615854905016846
15938,0.4562918492200278
15939,0.16319759049859084
15940,0.12787311554950861
15941,0.2048832276942248
15942,0.025023803736514843
15943,0.40941607740828945
15944,0.06235052664838097
15945,0.08526421019430613
15946,0.35502509842847646
15947,0.038703098786201505
15948,0.7543217581779992
15949,0.8921026533081254
15950,0.11339569816548331
15951,0.2824332587273697
15952,0.995696095259439
15953,0.4965122372139135
15954,0.08348682733365972
15955,0.09661180127152309
15956,0.03654278247684832
15957,0.9123443462476952
15958,0.9638335386481187
15959,0.4779594345076266
15960,0.17279090248308737
15961,0.8366340709497544
15962,0.21046377374019165
15963,0.05424990903790791
15964,0.04337527546704209
15965,0.320599607096309
15966,0.981337433445489
15967,0.17522296900360385
15968,0.7446802273138615
15969,0.05955950289712251
15970,0.3748738092891823
15971,0.28443226910366637
15972,0.6618229575922314
15973,0.16691397192168558
15974,0.33197656135563425
15975,0.6485971530991984
15976,0.008753854296313972
15977,0.4367239542293796
15978,0.5235672681709934
15979,0.07847086280508661
15980,0.07029977416662864
15981,0.13063811202730663
15982,0.08606384796869967
15983,0.23276254518842343
15984,0.10594268964689703
15985,0.4258723661241778
15986,0.5022423143887527
15987,0.2061032693810209
15988,0.17599685417063635
15989,0.26629158554810317
15990,0.757247543722867
15991,0.036169397340317
15992,0.9789456314914025
15993,0.5173130447629813
15994,0.15913038549207328
15995,0.15662219750400683
15996,0.9644233105040028
15997,0.30717607245113854
15998,0.12472941750199305
15999,0.2700066943718022
16000,0.7326369189735935
16001,0.08646738966385131
16002,0.18404126905661505
16003,0.12011580012096433
16004,0.5810202302506193
16005,0.3210321989461193
16006,0.2739214860977231
16007,0.2602355637808046
16008,0.08000009531166523
16009,0.8688070950965872
16010,0.09360750745763043
16011,0.8021145445207779
16012,0.2080375341270494
16013,0.08152190987951118
16014,0.12550874802060535
16015,0.7460396616052485
16016,0.8932790047832871
16017,0.18295762094108267
16018,0.6523904320787405
16019,0.08004139325596496
16020,0.40580056924420926
16021,0.04415458254925934
16022,0.04169834668630479
16023,0.43258084570783734
16024,0.36537037762263835
16025,0.08177280539818205
16026,0.9422412446534288
16027,0.08361190399415354
16028,0.20488649171324214
16029,0.365274695791366
16030,0.18049759760138548
16031,0.9775680986559652
16032,0.5378410884024553
16033,0.05415115337861782
16034,0.7213788276957274
16035,0.1433196566100734
16036,0.09307853824465415
16037,0.343736984248235
16038,0.5503338291570213
16039,0.3190891247844796
16040,0.2657370738950657
16041,0.8273675365296469
16042,0.6308252288684955
16043,0.08594195461256815
16044,0.02584550342101724
16045,0.9881163680762499
16046,0.8108777671468452
16047,0.7262223420507541
16048,0.44788155435368443
16049,0.32220320868960867
16050,0.26094978273043773
16051,0.14940171472707336
16052,0.2243128504737179
16053,0.08323852129640893
16054,0.6667647532713353
16055,0.21986641311832872
16056,0.5733703248488149
16057,0.9005429486531937
16058,0.7757056256024707
16059,0.17287372863977593
16060,0.9050356970391541
16061,0.5531227102532574
16062,0.09486087516394415
16063,0.05115079506718358
16064,0.18063830730710725
16065,0.12140387481864232
16066,0.147753071571995
16067,0.18937583522481452
16068,0.6013920172129176
16069,0.5162648338471372
16070,0.9109455681604958
16071,0.10088674930048742
16072,0.30169664726609363
16073,0.5971812483851138
16074,0.24402730776828777
16075,0.9758824531032582
16076,0.6712318112729734
16077,0.7143416636918385
16078,0.926687447503247
16079,0.9619719178296746
16080,0.1470042202879083
16081,0.09318580949270334
16082,0.5438191580525774
16083,0.5944328176276423
16084,0.1502877161657087
16085,0.09914648360426492
16086,0.7910147520019897
16087,0.08173635921980875
16088,0.09177469243616734
16089,0.03373750442420455
16090,0.8994610151403193
16091,0.44423790677366864
16092,0.3185694965479957
16093,0.18521969844800004
16094,0.8242982559215287
16095,0.9277357785298918
16096,0.14443358325349845
16097,0.5600349276647174
16098,0.5738039944795226
16099,0.5235988788957793
16100,0.027442508396924015
16101,0.06557308944206765
16102,0.39301060330547344
16103,0.21189674765478644
16104,0.05757017156188422
16105,0.8563338445881346
16106,0.6770413345661471
16107,0.16541449714497447
16108,0.9508834703643637
16109,0.4385347990327208
16110,0.14655962357326266
16111,0.7774996234459355
16112,0.37425378310365803
16113,0.37247853063632114
16114,0.0351003572836253
16115,0.30208940924150235
16116,0.10202228906626555
16117,0.12606268731868134
16118,0.04750721492489675
16119,0.8681384474999434
16120,0.04854111478866736
16121,0.03815176583440122
16122,0.10232174864810094
16123,0.11587246095761798
16124,0.03991770207141277
16125,0.015138999153416996
16126,0.1851529102265784
16127,0.04295454233074331
16128,0.6348790575201658
16129,0.3999548512203101
16130,0.8196809785129741
16131,0.08031392145214658
16132,0.896076147036242
16133,0.8196072493019724
16134,0.7406797817712752
16135,0.15352905617373605
16136,0.21811924464100277
16137,0.10349491644760034
16138,0.034970201048016694
16139,0.053455164777897295
16140,0.06726400624967506
16141,0.6341703557948177
16142,0.2511413818650755
16143,0.22943086033544197
16144,0.02079153832166078
16145,0.20010992745147277
16146,0.32012838645496366
16147,0.3768623953294836
16148,0.5263291163333047
16149,0.9557881757568981
16150,0.2003625185105206
16151,0.10660254135132195
16152,0.8756523132929442
16153,0.7299834392634801
16154,0.030631223540986605
16155,0.7645835514187209
16156,0.10318576120621013
16157,0.201108088331023
16158,0.7247653203764466
16159,0.51226117043343
16160,0.600363018811244
16161,0.7118741497659251
16162,0.04259029922577593
16163,0.15732218000200704
16164,0.7349858395783553
16165,0.3129514749346621
16166,0.17224471500494315
16167,0.5969928489497472
16168,0.3034957331555461
16169,0.3808520375550381
16170,0.2378855732920193
16171,0.7209448595136112
16172,0.34220791549012136
16173,0.8781060884510359
16174,0.6499067549454272
16175,0.2761702702383992
16176,0.18772223096091345
16177,0.8137947100305452
16178,0.13798942662238442
16179,0.5273438946107601
16180,0.06019085525439826
16181,0.1356159040093936
16182,0.3386680715097222
16183,0.054207261061662404
16184,0.13124005772607683
16185,0.26140783654497657
16186,0.9569232056933303
16187,0.18781988682528583
16188,0.554491830454585
16189,0.19940884703928627
16190,0.05019171030594305
16191,0.835489000067169
16192,0.9736976327335417
16193,0.5922383325231161
16194,0.25474550913313654
16195,0.3332425082745898
16196,0.3399317294016766
16197,0.15911295740172685
16198,0.3029889387763253
16199,0.60223283468909
16200,0.0483370141849772
16201,0.3745725772181953
16202,0.30396782380531534
16203,0.8517962922463814
16204,0.1953900391691517
16205,0.7260960968450743
16206,0.1735971904619351
16207,0.29407505928282196
16208,0.49290410010299884
16209,0.6917539124293419
16210,0.5329462403222258
16211,0.7748453818704124
16212,0.2211914819060416
16213,0.9423918328782397
16214,0.5048873627728965
16215,0.5357848391233562
16216,0.027329561479863974
16217,0.8401571487372549
16218,0.9227152997421262
16219,0.3834392756580221
16220,0.10591578965077492
16221,0.1328140726463061
16222,0.8109405101222049
16223,0.9760962117664842
16224,0.048743589646471776
16225,0.15265957140149294
16226,0.2151188942984111
16227,0.04713216861580006
16228,0.18593575621298553
16229,0.7516752211781279
16230,0.3157558517343718
16231,0.8112707394674814
16232,0.8963726009701474
16233,0.9267432476856892
16234,0.960508235471922
16235,0.0459639624413084
16236,0.16159726174860833
16237,0.9908301485563973
16238,0.48699856073357767
16239,0.05728368458366655
16240,0.14737838881273238
16241,0.08624778221337692
16242,0.2053684565040542
16243,0.7220012966445082
16244,0.44711767388557516
16245,0.7422534830424007
16246,0.04400907671867341
16247,0.05090860908264217
16248,0.9779217524271093
16249,0.5355938932629175
16250,0.7357333362905996
16251,0.9250964414960333
16252,0.051209370317461256
16253,0.2692147894848763
16254,0.08743974063165161
16255,0.7368688735739822
16256,0.03251864983982631
16257,0.11007836170350756
16258,0.5033421284048784
16259,0.38594490200690784
16260,0.09678377255786666
16261,0.2552170701298794
16262,0.06691725373871679
16263,0.17535132051561184
16264,0.2005341793399127
16265,0.09067151548201298
16266,0.8264936121302986
16267,0.13704678974419973
16268,0.1540666693890279
16269,0.16637162961585808
16270,0.16782168894005756
16271,0.09264669165835596
16272,0.23146996247078064
16273,0.2168805092720628
16274,0.548919887095373
16275,0.2646408495801939
16276,0.14912057040946097
16277,0.9537349891461583
16278,0.3220223699203297
16279,0.43094606792550133
16280,0.025400652611143233
16281,0.8533031854516094
16282,0.3237795866609037
16283,0.08885700776927963
16284,0.6135373557375084
16285,0.2199915346949184
16286,0.23808965146797745
16287,0.34779828837082344
16288,0.6418051331292659
16289,0.06027654850986745
16290,0.062383942425252276
16291,0.08650799377591242
16292,0.8259671434703821
16293,0.9057286802226334
16294,0.16903404337660521
16295,0.2403685515216638
16296,0.28536142486277916
16297,0.8314433187551107
16298,0.3788118837029016
16299,0.8550480435401235
16300,0.3521013933690094
16301,0.6824805116628534
16302,0.7809889779077601
16303,0.15895711450660563
16304,0.16782516323813315
16305,0.20929923435945097
16306,0.35362888425117994
16307,0.8483197812563676
16308,0.11547000142772697
16309,0.40754919870287326
16310,0.15844498923918454
16311,0.2746432145485975
16312,0.9433405144090262
16313,0.3823327507242543
16314,0.009494504384480257
16315,0.9230319859676027
16316,0.9127539912675042
16317,0.25559144467833095
16318,0.21261472364596756
16319,0.5763737024989428
16320,0.6608207995347383
16321,0.26526408408401986
16322,0.819417231204828
16323,0.024321468979111475
16324,0.03578100612416598
16325,0.46725872663282997
16326,0.28565753140238054
16327,0.32751903070766686
16328,0.5938853007796456
16329,0.09363447383115768
16330,0.5728615391565398
16331,0.0636869966591353
16332,0.3224078358081884
16333,0.11956807992970749
16334,0.41354674932819335
16335,0.2699011072776436
16336,0.5259207481863624
16337,0.044301537094775634
16338,0.019830775415135202
16339,0.10136199149698186
16340,0.06852914006434878
16341,0.7203517572696517
16342,0.07366826316722873
16343,0.41014914150339743
16344,0.17729289239459223
16345,0.18147368915655832
16346,0.5061557706270837
16347,0.35862494841828724
16348,0.1929703974173772
16349,0.4892123526973679
16350,0.0416841797116058
16351,0.22804519184332425
16352,0.16397443858394026
16353,0.13995280847564529
16354,0.1453511972656653
16355,0.92368887975779
16356,0.6106819155785547
16357,0.8960075616005824
16358,0.1382860833715559
16359,0.4579807134578199
16360,0.1628768575525979
16361,0.8322163196944017
16362,0.07462684800058014
16363,0.05365235765538511
16364,0.19892373890071985
16365,0.639018913082735
16366,0.7589662442812252
16367,0.053362616237631465
16368,0.881123187828708
16369,0.4595747135662276
16370,0.8007115326552062
16371,0.062153295861812646
16372,0.09593871908409189
16373,0.1728909787525576
16374,0.1638782129632929
16375,0.144620831601315
16376,0.5144176156106445
16377,0.38542058217008757
16378,0.03651004906019138
16379,0.7648259635116414
16380,0.7070882514146242
16381,0.6835832717922012
16382,0.13806308947287735
16383,0.051323087245264735
16384,0.10293444566513249
16385,0.40999489330946864
16386,0.9527279971951865
16387,0.168123519186736
16388,0.19986363231546214
16389,0.9551348494688099
16390,0.8053237675010105
16391,0.48982937734997684
16392,0.34582449395623444
16393,0.02435820368060598
16394,0.06491406030660365
16395,0.15620804668128557
16396,0.6751248407581095
16397,0.4136672893884277
16398,0.8731033072872791
16399,0.07756389974558882
16400,0.24882989643240436
16401,0.13324305202348674
16402,0.882455969112179
16403,0.10601075162292953
16404,0.012096206889428673
16405,0.4535981543839129
16406,0.7483159671330736
16407,0.8429743154199439
16408,0.7753005991914405
16409,0.1505094788737011
16410,0.17516108695544444
16411,0.16315883824029898
16412,0.9728104885596456
16413,0.9001897746530889
16414,0.4408268260729016
16415,0.08670020375538781
16416,0.14520594344605195
16417,0.3613625909073334
16418,0.15236463210555484
16419,0.4822888928880472
16420,0.29479998291609544
16421,0.2666294295793335
16422,0.38166143611528747
16423,0.690758622370085
16424,0.06005445086847914
16425,0.5805294940339973
16426,0.25510863460405087
16427,0.013844553928318834
16428,0.12770950634675843
16429,0.9447587759926684
16430,0.037153401020109784
16431,0.10908153492924343
16432,0.3036902520214713
16433,0.2016972369358677
16434,0.6782170963956494
16435,0.04157524480898488
16436,0.1338572052509173
16437,0.02407767082302108
16438,0.26310380879260464
16439,0.1952461839817177
16440,0.016398986265554378
16441,0.09917143765334287
16442,0.40396406083361425
16443,0.603222433876644
16444,0.727239900510959
16445,0.4768054514327031
16446,0.4036009686234767
16447,0.4817686946994177
16448,0.12708911049774302
16449,0.06690659659016134
16450,0.21569098298059736
16451,0.03285593020131385
16452,0.8682945714752529
16453,0.3993342447982899
16454,0.7267230202536774
16455,0.4862542555817139
16456,0.3721440781755866
16457,0.4588330235432953
16458,0.30782149872513864
16459,0.1325944129430814
16460,0.12341761516707941
16461,0.29233685375909063
16462,0.03014601005038902
16463,0.9315866274253279
16464,0.07754583281272949
16465,0.24452823682651398
16466,0.4438294213615601
16467,0.17401514037143703
16468,0.44715439363718873
16469,0.1803107658455467
16470,0.17019755284695318
16471,0.8458165695823305
16472,0.11934560998497977
16473,0.3744789808634052
16474,0.07538909473461283
16475,0.9120555696940505
16476,0.9835006091776382
16477,0.08798878257503427
16478,0.1286948731454833
16479,0.1543368144767818
16480,0.1865337920690834
16481,0.16351191396799078
16482,0.008793635747546404
16483,0.8133377649111119
16484,0.1575111212561851
16485,0.021529832579159722
16486,0.3324168337858125
16487,0.16611613122404484
16488,0.13458664968370565
16489,0.9913702138293236
16490,0.4112559009330751
16491,0.12086679974618415
16492,0.6288978028371964
16493,0.21277487457969022
16494,0.6577402585641531
16495,0.019004319092516223
16496,0.35581918328633555
16497,0.15766245566044945
16498,0.29725539723882144
16499,0.03342108820772734
16500,0.1510039290735208
16501,0.25986898057619273
16502,0.2685233770902782
16503,0.4166208349032856
16504,0.05759895366663209
16505,0.10374805086266707
16506,0.4137465653378314
16507,0.0696200987088063
16508,0.6479438943152098
16509,0.25531472512241826
16510,0.38706941666866296
16511,0.09762283670031374
16512,0.05902258696991145
16513,0.30195793066162846
16514,0.5175560836780875
16515,0.051422060314890584
16516,0.01944061223008333
16517,0.34833601629512567
16518,0.831650282326975
16519,0.04330076850672715
16520,0.29460700644392757
16521,0.0868615668436689
16522,0.3471109347480592
16523,0.6782371498879359
16524,0.4279007463649846
16525,0.7953311716807613
16526,0.14277664041169225
16527,0.037558750740708906
16528,0.9493463437264476
16529,0.7411645597850144
16530,0.06623718443666728
16531,0.03831703413462905
16532,0.7926472758513203
16533,0.06167493444702118
16534,0.21973879935766366
16535,0.320066532324978
16536,0.38729228561995765
16537,0.029475466625422064
16538,0.17797195234480764
16539,0.8795471082563452
16540,0.5808834431870525
16541,0.061537665570761915
16542,0.22595451713991066
16543,0.5600976358066904
16544,0.6754298781261512
16545,0.4121122849409058
16546,0.06874441798425793
16547,0.6776271272742147
16548,0.7395297523321311
16549,0.2718883622987342
16550,0.1894350143512932
16551,0.1168655435127402
16552,0.20607689648031116
16553,0.34496766823724834
16554,0.11865408428065682
16555,0.21883375425511972
16556,0.7067277108990596
16557,0.951777739940193
16558,0.27071220057993234
16559,0.41557393853616975
16560,0.41305843095766204
16561,0.24554978324057672
16562,0.4439085727538196
16563,0.18276631459787496
16564,0.245969045038266
16565,0.9847377876560466
16566,0.46346141512307487
16567,0.5249558537069863
16568,0.7439686509801778
16569,0.09623187455084882
16570,0.46429887418116145
16571,0.24803968990207573
16572,0.1441097599963104
16573,0.02478570804886939
16574,0.8378822491485609
16575,0.11353882237758459
16576,0.22846321668222971
16577,0.2051750678793939
16578,0.1665540088950427
16579,0.26910492148016
16580,0.07820657281124901
16581,0.12662354528120018
16582,0.4579826297260263
16583,0.3162343549494788
16584,0.03216366155565505
16585,0.11184078996169113
16586,0.8174799210520841
16587,0.34495817213356517
16588,0.8591338931544217
16589,0.11903012684582569
16590,0.8534706462479495
16591,0.03636766186173805
16592,0.9669772829183356
16593,0.5015991231301424
16594,0.8340219477375075
16595,0.24747225364136755
16596,0.22653997751148205
16597,0.8838921306218095
16598,0.8481013806097323
16599,0.07016500820116373
16600,0.8439231533756429
16601,0.14384048690844314
16602,0.8214034922645301
16603,0.04043657867862631
16604,0.453529636200915
16605,0.4155135350635554
16606,0.13016597345363262
16607,0.22210255693239153
16608,0.8644659621474156
16609,0.8805281728630634
16610,0.6826585158836741
16611,0.209402849368567
16612,0.04924663249567496
16613,0.0810208846700026
16614,0.7418872631934338
16615,0.28105955312910813
16616,0.5043781543320432
16617,0.12220816597397154
16618,0.059937253780053074
16619,0.3318438078659134
16620,0.3149734823780712
16621,0.864420295723879
16622,0.8929554518288717
16623,0.4875527475925788
16624,0.6484068984571214
16625,0.20577253885285585
16626,0.07192426369204323
16627,0.25552156428536243
16628,0.025908169438888243
16629,0.07160523374890881
16630,0.37184345422760245
16631,0.9220904594716962
16632,0.3866263380945757
16633,0.6054843589229524
16634,0.11097457343433051
16635,0.937081566002444
16636,0.5229549421615863
16637,0.10750137076312558
16638,0.6296938936892438
16639,0.37470431372673424
16640,0.5811938224238467
16641,0.08045785905622997
16642,0.06675422030451442
16643,0.3647790241447009
16644,0.3037882319507552
16645,0.4721935103113397
16646,0.1619192652873217
16647,0.16709618780605348
16648,0.22759211955613265
16649,0.5273769314799852
16650,0.0232851618336073
16651,0.018003666800090436
16652,0.38236541237475036
16653,0.038568544652353196
16654,0.12211764947942735
16655,0.023890926124645676
16656,0.9459977840001201
16657,0.6458533496111781
16658,0.12121514467778867
16659,0.1019901246186061
16660,0.8812593810104417
16661,0.20165317902654542
16662,0.20012223738285442
16663,0.27513040714718495
16664,0.04030073043930142
16665,0.29594777349093926
16666,0.14931564151728202
16667,0.12928095614999077
16668,0.9069184620880629
16669,0.07203797796693762
16670,0.12697500016628568
16671,0.03191192553129832
16672,0.5927642587223492
16673,0.9050591874247274
16674,0.14033825103938372
16675,0.2505405651875
16676,0.11234945718040672
16677,0.12049054218585724
16678,0.1284455879263831
16679,0.02978157180102176
16680,0.06938707913041925
16681,0.26299188373332427
16682,0.7169328606815627
16683,0.2481254730536255
16684,0.09108066443888235
16685,0.23530418975309078
16686,0.603655085871472
16687,0.25832316249550974
16688,0.45606231074191195
16689,0.1546157010008439
16690,0.8355916256508893
16691,0.44195528268801487
16692,0.07522291029521201
16693,0.29578156464455
16694,0.12462827330617773
16695,0.06733337228567521
16696,0.05638819332230475
16697,0.2185282832493552
16698,0.22834109118316176
16699,0.2828161862217599
16700,0.2942888012165644
16701,0.9145036296976977
16702,0.057967627591250064
16703,0.1888982623657436
16704,0.28262823761944944
16705,0.15477760804157034
16706,0.12528377620239275
16707,0.8647675851849065
16708,0.10544147809946852
16709,0.11715833971960085
16710,0.3402172130555349
16711,0.8816045754396685
16712,0.2336564047570748
16713,0.9085904624134375
16714,0.2177234561881446
16715,0.6241955602741478
16716,0.3585696984328728
16717,0.5569774246070345
16718,0.7252900633551836
16719,0.8751457432854742
16720,0.10116680667287471
16721,0.8127802136085235
16722,0.469685919043966
16723,0.07379383885273544
16724,0.26083260224615445
16725,0.06268056644552261
16726,0.04471272072707789
16727,0.04306633708556589
16728,0.6093634795695402
16729,0.4225185442521027
16730,0.018243799349018843
16731,0.18683061329491057
16732,0.9703487663767344
16733,0.2618198547286714
16734,0.24123919057657028
16735,0.6590581984947077
16736,0.9078584564951475
16737,0.17106616888519727
16738,0.08178999544237298
16739,0.12901061542313566
16740,0.07642146989311424
16741,0.23130522032640885
16742,0.6607859926172558
16743,0.0967243923083075
16744,0.22172522218365917
16745,0.035935362314145
16746,0.0634525703371943
16747,0.060568208847768853
16748,0.48982431567169016
16749,0.20161398001101266
16750,0.024487949151738374
16751,0.026515261663282788
16752,0.45253272421578256
16753,0.06517448694757497
16754,0.13073326688228357
16755,0.14188824704987107
16756,0.14305378835791666
16757,0.20334962283899422
16758,0.04895351914410353
16759,0.40065892739425985
16760,0.11212003358173345
16761,0.2688563386232708
16762,0.09525869089856223
16763,0.6015105139555005
16764,0.8697721769144923
16765,0.13313398921590705
16766,0.4158039403598327
16767,0.39168959382442314
16768,0.3078534771434046
16769,0.5108518244746608
16770,0.8170248731316909
16771,0.04783419128920419
16772,0.46791960838395985
16773,0.04831333974332565
16774,0.07052423836681823
16775,0.18217084502046596
16776,0.0803969252735893
16777,0.24625089010644283
16778,0.7425373545408375
16779,0.07506903796610677
16780,0.41534896839590907
16781,0.4954996788451639
16782,0.8896597404809717
16783,0.15373338016773253
16784,0.47918745469418234
16785,0.0854701867743687
16786,0.06863229660818344
16787,0.1691869644106461
16788,0.2543857523821311
16789,0.8417607942281992
16790,0.1265497552606964
16791,0.039146074298436535
16792,0.586152429194167
16793,0.2874083112468613
16794,0.4352383521163622
16795,0.6974283703480579
16796,0.22944065310720207
16797,0.32889746132277536
16798,0.24177336890248785
16799,0.11886627247734079
16800,0.4578790816144032
16801,0.39574303329000593
16802,0.16840810425634886
16803,0.0225654070423629
16804,0.6467637489521683
16805,0.020277250661796684
16806,0.039961391046804365
16807,0.8621239267668954
16808,0.028482407800768467
16809,0.030003036476721607
16810,0.14383680885684957
16811,0.025037581490933655
16812,0.07079806195040096
16813,0.49782639312348953
16814,0.5246637688443629
16815,0.32655223226456664
16816,0.06866558653301114
16817,0.22157264131686366
16818,0.9288085900813382
16819,0.6107401807578531
16820,0.4844179884797777
16821,0.9610799435313144
16822,0.031872848667453366
16823,0.16148350665214983
16824,0.9133339671761471
16825,0.2034042673708426
16826,0.16746698235768878
16827,0.023941844811269392
16828,0.03547968445810841
16829,0.9672290286113577
16830,0.4190896595280762
16831,0.9350156823993556
16832,0.9745110220256866
16833,0.8697203791188967
16834,0.12095905635183843
16835,0.30508449669123044
16836,0.6978867690213543
16837,0.4761646294858077
16838,0.7843745457995104
16839,0.9932275718562666
16840,0.9819798118722414
16841,0.1482760520935955
16842,0.6657275733057998
16843,0.3656501958195489
16844,0.9179151750866128
16845,0.18336316025580576
16846,0.8997487602944461
16847,0.9850291731773997
16848,0.7603502701672546
16849,0.42518320964026607
16850,0.99851780562574
16851,0.4252446550593663
16852,0.10582490328911102
16853,0.3908874201026906
16854,0.6387571969234355
16855,0.14271847375177324
16856,0.794320189042931
16857,0.7195995119972873
16858,0.9411914259520407
16859,0.11035636549184698
16860,0.44589393989905657
16861,0.024447768481780246
16862,0.20998043752012477
16863,0.24130908117682312
16864,0.17445533243718278
16865,0.09916270429020035
16866,0.46553877909926594
16867,0.29625127976358007
16868,0.5664494109118748
16869,0.10941968455777502
16870,0.3903920226305646
16871,0.8326753984974128
16872,0.42837715584096
16873,0.11531224677428097
16874,0.09907713634502202
16875,0.8171918632070942
16876,0.0709709774277823
16877,0.07717641527676308
16878,0.04134027134166764
16879,0.08408988872617953
16880,0.25447867539998864
16881,0.33960491197596765
16882,0.18459669001679838
16883,0.2519331157808578
16884,0.40327474730936574
16885,0.30746871240645873
16886,0.023684492642579033
16887,0.4681333618829297
16888,0.04434444703240625
16889,0.623468666305673
16890,0.5087004336746598
16891,0.06507292894251501
16892,0.4913548327505472
16893,0.6251773318269926
16894,0.166250230129292
16895,0.09566555665792364
16896,0.2824154313635387
16897,0.19675703873937636
16898,0.12155546272525003
16899,0.16347846076374964
16900,0.2773116539825887
16901,0.04890889645015631
16902,0.9572048022582224
16903,0.2586911137156638
16904,0.6329020815614653
16905,0.047378515060832994
16906,0.23167689361469793
16907,0.19885866377065614
16908,0.35326718520100286
16909,0.02173935882477038
16910,0.04190241777865672
16911,0.3519087991138398
16912,0.09303593237882289
16913,0.12296152018071349
16914,0.13831568705997646
16915,0.24039095761995424
16916,0.059297676180515124
16917,0.12065907302826984
16918,0.8910144978206296
16919,0.16399887496260826
16920,0.13782892475872235
16921,0.124349637302046
16922,0.3506721348353233
16923,0.24751833263283818
16924,0.4843393105840908
16925,0.1073289395376429
16926,0.13691858358123676
16927,0.053392758428444126
16928,0.601088456584304
16929,0.8397899490002873
16930,0.05244794903892879
16931,0.8553011446166545
16932,0.4519859618278316
16933,0.32852982977672535
16934,0.14472055514066884
16935,0.36868457988077413
16936,0.9000234180483421
16937,0.39854357430548093
16938,0.0204282844459787
16939,0.16374615902518966
16940,0.7893067956966492
16941,0.19362673836381006
16942,0.41384015715948896
16943,0.9759516359728062
16944,0.20558048698099995
16945,0.1009042952641247
16946,0.346047252062601
16947,0.14411497488247296
16948,0.130740793983327
16949,0.6517340918862017
16950,0.27740507838370154
16951,0.9806027985523154
16952,0.13396341394702305
16953,0.4285747251236607
16954,0.9618576073939465
16955,0.07660453124018288
16956,0.18553465443978223
16957,0.7041879816259011
16958,0.30583811099610075
16959,0.042845088839762124
16960,0.9683041236052319
16961,0.06205016959934172
16962,0.2535405611380403
16963,0.34787576466424225
16964,0.16550693996480803
16965,0.07131016753158316
16966,0.9667854151126772
16967,0.8591350253124755
16968,0.9604775269833467
16969,0.17378746500658712
16970,0.06583287605494219
16971,0.8204967715545771
16972,0.929918088714148
16973,0.9721926996487292
16974,0.5357287266095206
16975,0.10068345510138384
16976,0.42929796995723984
16977,0.1516626066329746
16978,0.37672254854345977
16979,0.1762635089031865
16980,0.7241198355435058
16981,0.8701269645063022
16982,0.9231999871808199
16983,0.9719593997078361
16984,0.31303363031241443
16985,0.12506532961909622
16986,0.026332639711670748
16987,0.09427859155129555
16988,0.04056317262089577
16989,0.7789167270111964
16990,0.12347198472623676
16991,0.13203782053836627
16992,0.43794899722759933
16993,0.038059810072633045
16994,0.4962422245891296
16995,0.1950383033590858
16996,0.07967553932613515
16997,0.29610177392165404
16998,0.8695011090443372
16999,0.30040326611224266
17000,0.11150945824225246
17001,0.08020065580478372
17002,0.22322723535853278
17003,0.8069450157455789
17004,0.18080523578601654
17005,0.5905589464032066
17006,0.10429040801875096
17007,0.6347598715591395
17008,0.41915437292970187
17009,0.7138179405999371
17010,0.4593464200602291
17011,0.3672758292872861
17012,0.19145679357401665
17013,0.12336891121783863
17014,0.8684529420491074
17015,0.8821228619126031
17016,0.28249702522035663
17017,0.48447957680878506
17018,0.18620608221942722
17019,0.25946164925336473
17020,0.20096865121189422
17021,0.1018133675872976
17022,0.4130639769190092
17023,0.9772947756472966
17024,0.13999518804603453
17025,0.2843806422969053
17026,0.04793267833605752
17027,0.13115330786010412
17028,0.9437410314634695
17029,0.15641746427380757
17030,0.03706384060392443
17031,0.05354346873156396
17032,0.8257050994469836
17033,0.28280441988136834
17034,0.19156862622839396
17035,0.18797763745833349
17036,0.2489731805502332
17037,0.03079626595839658
17038,0.025782239311640365
17039,0.13721915623476694
17040,0.1295670654165271
17041,0.04443678861027283
17042,0.97669393702991
17043,0.11688529102031074
17044,0.18460234032539255
17045,0.4410384559765417
17046,0.8404903261708117
17047,0.07641540612848592
17048,0.24974258114974962
17049,0.42184435881438925
17050,0.3068003077965248
17051,0.9088556512920744
17052,0.45637047755141247
17053,0.8914905050984027
17054,0.3099142532239063
17055,0.2964021767895089
17056,0.2608291646248757
17057,0.12304964871562546
17058,0.14638314730313237
17059,0.10945878104093566
17060,0.8005503418396251
17061,0.9818694653783279
17062,0.07933764382538215
17063,0.21115925032868638
17064,0.5684584328991754
17065,0.33907203789660356
17066,0.8133550108873895
17067,0.77025147696369
17068,0.8332247539357777
17069,0.7448291257692907
17070,0.8354867070177655
17071,0.8686598999649393
17072,0.30639785518258916
17073,0.19249838897180194
17074,0.60902634616485
17075,0.28685796660745727
17076,0.17023752066731013
17077,0.8472890090475665
17078,0.797289117093985
17079,0.5873960174657152
17080,0.3982561044744703
17081,0.23736849628099366
17082,0.30320833395341495
17083,0.10996583958593498
17084,0.4989345270961951
17085,0.9107649829933104
17086,0.24798706164379045
17087,0.2683049504119764
17088,0.05384093280047333
17089,0.2638578179152918
17090,0.04999243077152941
17091,0.10893005754506516
17092,0.37200500767464734
17093,0.04891402430604746
17094,0.17138578613123154
17095,0.8900863186291375
17096,0.795810686338565
17097,0.7475336249248327
17098,0.14829049394062255
17099,0.08956134247997789
17100,0.8874076314440106
17101,0.5296540706569091
17102,0.8875860796985693
17103,0.291726130285175
17104,0.4874667449678716
17105,0.115890082211613
17106,0.20641717992667125
17107,0.2708559122855271
17108,0.4619272085048985
17109,0.2503823230904839
17110,0.039669326599295354
17111,0.24378114723805525
17112,0.2680591015229728
17113,0.3385566442168471
17114,0.08269941629962453
17115,0.43561359673743755
17116,0.44434587618575383
17117,0.17843803299162084
17118,0.7661651579762063
17119,0.3350728633864634
17120,0.2440325817862347
17121,0.07366212310838578
17122,0.6940716433478707
17123,0.5569331039948423
17124,0.9787327479134373
17125,0.10659254476831988
17126,0.3825368479407897
17127,0.06911201481279856
17128,0.9491910489976928
17129,0.34673208750228734
17130,0.5816765205569362
17131,0.07066394887241956
17132,0.619070171857947
17133,0.17282380118478252
17134,0.33299547332441004
17135,0.5545831921108474
17136,0.5097191476342412
17137,0.1880701200319492
17138,0.9970637268596778
17139,0.6091609723589125
17140,0.19023064128819644
17141,0.6687194385618775
17142,0.6386584677350301
17143,0.8130879595463784
17144,0.08335132915074918
17145,0.21328115274032036
17146,0.4679248426037163
17147,0.8637012762697761
17148,0.2585989294081477
17149,0.34530563986503954
17150,0.3158183546389592
17151,0.31113498064791417
17152,0.2397584526929682
17153,0.1665953997160985
17154,0.39580395823616454
17155,0.08851029491819018
17156,0.6711955180010595
17157,0.46379564812616414
17158,0.5272353593646648
17159,0.26645082966812184
17160,0.47853221695886505
17161,0.6612441527216034
17162,0.09664357341410916
17163,0.9387246569096379
17164,0.09463931920675037
17165,0.011732320523720717
17166,0.17023109948712725
17167,0.28847370765145763
17168,0.2917724833276774
17169,0.8029252292250332
17170,0.07707089386711961
17171,0.14999916012866576
17172,0.20038656298031599
17173,0.49755243307011615
17174,0.34440431007874134
17175,0.6149571091469361
17176,0.19155153437999614
17177,0.7171871308281638
17178,0.2620299201112108
17179,0.6292776771941
17180,0.05980123574128613
17181,0.626742159115059
17182,0.9873198551895601
17183,0.6449554144060793
17184,0.6070053717470536
17185,0.16760291748450878
17186,0.11440952116460361
17187,0.2266922748862986
17188,0.9689994563166912
17189,0.21782640994204036
17190,0.9404398219942486
17191,0.11687770196174008
17192,0.03269263193440642
17193,0.048122254843064725
17194,0.08987641677636234
17195,0.19722853494823028
17196,0.1859163528987974
17197,0.10610650702806253
17198,0.30113559237127463
17199,0.9661373352349052
17200,0.1271627802549691
17201,0.32200200986271565
17202,0.09685604731108075
17203,0.32140854164873095
17204,0.19326649633562495
17205,0.14678562074625226
17206,0.10285819512370743
17207,0.07620784409070581
17208,0.07279737323414558
17209,0.10569078594471137
17210,0.06228388181446775
17211,0.023501653695589087
17212,0.44271246125478814
17213,0.2576256945123577
17214,0.7048293040627804
17215,0.9903065071876124
17216,0.09385311857336065
17217,0.6289723272751694
17218,0.5723447060396559
17219,0.053704394463453035
17220,0.05349393534550786
17221,0.28394910246526006
17222,0.5673139817488632
17223,0.4553119691974854
17224,0.17691620511761688
17225,0.13217615583928866
17226,0.29445477944002796
17227,0.06541031719530443
17228,0.3377743291362757
17229,0.8772485005766805
17230,0.08276596359552063
17231,0.05714142849296096
17232,0.10659435363383189
17233,0.16694498566347915
17234,0.3916485473096179
17235,0.13000380089841151
17236,0.03938843204576929
17237,0.21683334848062927
17238,0.6305581319915612
17239,0.3984330970817185
17240,0.036270478736765345
17241,0.12104779959141608
17242,0.23256270408484536
17243,0.14636327833830814
17244,0.6382282376924813
17245,0.01329824489221321
17246,0.0854592694079508
17247,0.09125171621896663
17248,0.2640051300022234
17249,0.3699949014982718
17250,0.8115970275871435
17251,0.6746124398300808
17252,0.4641613704486723
17253,0.26860911482101874
17254,0.30572208395564154
17255,0.3195734632578621
17256,0.22591035141757615
17257,0.9753163386730022
17258,0.7733219172230447
17259,0.8770596631986886
17260,0.5100161270926856
17261,0.18729461030676736
17262,0.5607760873818888
17263,0.11409339611271302
17264,0.7768782558814563
17265,0.06938714476249226
17266,0.030946626672432528
17267,0.14371117517394133
17268,0.8600196258697982
17269,0.4871023013911536
17270,0.11744855060529887
17271,0.07571496381879728
17272,0.4176131666691718
17273,0.9316404047759679
17274,0.17634934619858136
17275,0.6602563433771169
17276,0.3588496407944143
17277,0.2711585777301327
17278,0.14892411141435996
17279,0.9185842558789413
17280,0.4972106935764709
17281,0.3067373831676315
17282,0.26348285501381924
17283,0.8735599813502856
17284,0.4778981910179226
17285,0.05905379970824519
17286,0.17707829411118586
17287,0.7522347351026621
17288,0.05135110480086555
17289,0.2059384074035089
17290,0.05042956738303829
17291,0.07297284692333088
17292,0.5677345168883489
17293,0.7139124042512867
17294,0.9214336168320932
17295,0.05902029205374496
17296,0.024669372931512876
17297,0.17126670792669219
17298,0.3765654045848797
17299,0.4513680920532126
17300,0.1834906344321821
17301,0.9574146613919521
17302,0.36190716411031565
17303,0.27310764195202036
17304,0.17600324288358812
17305,0.05237915945914383
17306,0.6405360611566283
17307,0.2038123604585797
17308,0.09479258701399174
17309,0.977173595869901
17310,0.4842995755622719
17311,0.3208923846112401
17312,0.8581775838445337
17313,0.9923462511467998
17314,0.06689022702698284
17315,0.6017147798472439
17316,0.26164440548666096
17317,0.08774783815102553
17318,0.14010571520470136
17319,0.38028067996359766
17320,0.45443195780561246
17321,0.2929923389552157
17322,0.1892116634667722
17323,0.9873774491296206
17324,0.3916168164648477
17325,0.07198220204649196
17326,0.25568121790573417
17327,0.08937942271348699
17328,0.8655498040860213
17329,0.130435515407554
17330,0.13678290416633376
17331,0.755843332525866
17332,0.23255381049084112
17333,0.8612780342792681
17334,0.6996192106488054
17335,0.29561225543906217
17336,0.36971189616943423
17337,0.5095711209175695
17338,0.21595995323133058
17339,0.3319443479979838
17340,0.45871884348957115
17341,0.14473745508310204
17342,0.725728028238113
17343,0.1464464130673815
17344,0.963113972396884
17345,0.2916265553759621
17346,0.2210325068862016
17347,0.8861311467588311
17348,0.6566203949959106
17349,0.0303201116454553
17350,0.2530280646628831
17351,0.2534768875217775
17352,0.2175629089891501
17353,0.04120955621367581
17354,0.6771334742838477
17355,0.47165952107780906
17356,0.7936172225340368
17357,0.4874804541984901
17358,0.05191652323159626
17359,0.22107911687125706
17360,0.4616756871364532
17361,0.6415520884740257
17362,0.37968315434087696
17363,0.6903413885410273
17364,0.4268545577991944
17365,0.05310313718341423
17366,0.30509331103180676
17367,0.21853215344502167
17368,0.5232772651381293
17369,0.16554424361839407
17370,0.025823437960549395
17371,0.9981989538225513
17372,0.37827156816498536
17373,0.19210441465644207
17374,0.01848863594777718
17375,0.07757122150616351
17376,0.950169367217304
17377,0.8323183708445192
17378,0.596256353482686
17379,0.9691116436406821
17380,0.14161497315816288
17381,0.029939932088467167
17382,0.2629160253993755
17383,0.05128224021165517
17384,0.1396087768934544
17385,0.8927805777639083
17386,0.029249781499455924
17387,0.6718463481449676
17388,0.69883121636913
17389,0.13279863209708723
17390,0.15377028898078518
17391,0.8006580253099131
17392,0.3555561015447036
17393,0.2924401068433289
17394,0.749200667868017
17395,0.4242949255343685
17396,0.7173294850946323
17397,0.3484133823294267
17398,0.9616586388587937
17399,0.22918218390087686
17400,0.4659614029200103
17401,0.04642518485310007
17402,0.23045376074813279
17403,0.8720232056227104
17404,0.4430303641676484
17405,0.7356224572207831
17406,0.22107313855959743
17407,0.06715107813701889
17408,0.479610333637476
17409,0.13081052166897092
17410,0.11879951778088248
17411,0.031680130327769125
17412,0.6584539081086127
17413,0.3685538803201933
17414,0.36712154765315824
17415,0.5364293864724206
17416,0.04600644041759894
17417,0.24168671895873226
17418,0.8082336611919013
17419,0.612732687782175
17420,0.14528914981488675
17421,0.9214054121365807
17422,0.1257953654519259
17423,0.21596783315480395
17424,0.7351343910444702
17425,0.07315556518824297
17426,0.2762954463182912
17427,0.12679621939210248
17428,0.06959548961300215
17429,0.5549861399701982
17430,0.15604756650906337
17431,0.42022907688301
17432,0.17539844844026983
17433,0.3877072955960789
17434,0.24501933208686727
17435,0.06274998462959835
17436,0.8516971910997481
17437,0.8616091215191579
17438,0.27644200568500277
17439,0.05650170905319182
17440,0.31930389837540574
17441,0.021856491271391682
17442,0.046346430859474305
17443,0.42448509718752725
17444,0.03991239156474604
17445,0.08985770263256898
17446,0.9812698314966337
17447,0.05791265387236365
17448,0.1267620519549004
17449,0.7893578835368533
17450,0.20784473214966634
17451,0.1794487800904247
17452,0.5733558521786567
17453,0.18645870935832987
17454,0.698006327589314
17455,0.6007691029378874
17456,0.16580559720746318
17457,0.16758965758445812
17458,0.24866959780939552
17459,0.5345477421216369
17460,0.2698196855239905
17461,0.41929226994269353
17462,0.6866733120705298
17463,0.23902664054030598
17464,0.7777574772563154
17465,0.03518845815083078
17466,0.12977304067155662
17467,0.48242841057697083
17468,0.14238307062276534
17469,0.21294169547925595
17470,0.5633820945404734
17471,0.8781725988426122
17472,0.11980942520379288
17473,0.22069519314139696
17474,0.064077362491329
17475,0.8510997274370328
17476,0.04072234649161706
17477,0.08268553582498188
17478,0.17199663259517967
17479,0.2712526104581589
17480,0.13528166365350253
17481,0.12961497204342995
17482,0.36307047886034965
17483,0.6363013356265249
17484,0.4311306731100159
17485,0.02618784661524134
17486,0.5232280163071553
17487,0.1477761239308689
17488,0.04683842486137142
17489,0.9893836223644329
17490,0.9876399916175759
17491,0.11379569978085513
17492,0.35516637054233385
17493,0.08925939790074006
17494,0.04052869338962754
17495,0.9553245690904361
17496,0.19983307995655267
17497,0.5606458183405794
17498,0.22249026700780103
17499,0.7960367622107107
17500,0.010971171467642843
17501,0.08441317617559013
17502,0.7148913705222831
17503,0.4102668200935849
17504,0.0942203570148711
17505,0.5962507685431863
17506,0.101518044131125
17507,0.688108453886135
17508,0.9181798974249044
17509,0.08108493496155815
17510,0.651260411393915
17511,0.21810027981717428
17512,0.2579221277625045
17513,0.35188879623954394
17514,0.900914945448184
17515,0.24964987828787685
17516,0.3171833930918632
17517,0.9846993661636798
17518,0.1366357812223207
17519,0.8705313769175089
17520,0.6262289961747026
17521,0.906254064646727
17522,0.08798963892034745
17523,0.40813094645760345
17524,0.18297085154019982
17525,0.26023614340538564
17526,0.01735918933714385
17527,0.2928607926858952
17528,0.07636051740848274
17529,0.9783904305046737
17530,0.5177096511851991
17531,0.13530385091446087
17532,0.9924429000882664
17533,0.3120419650104901
17534,0.3101150951672802
17535,0.12239873318728187
17536,0.11209117953210847
17537,0.08213627212309177
17538,0.027316645711380812
17539,0.2585600032761961
17540,0.7721260261348704
17541,0.7840931537277913
17542,0.261437341665911
17543,0.4316254347258377
17544,0.014548810352797176
17545,0.9746393387492224
17546,0.7232203505741192
17547,0.4568326580905233
17548,0.6452665282399638
17549,0.6699916875104973
17550,0.46189043394800217
17551,0.3756980714761414
17552,0.10675157966307643
17553,0.4495334391898149
17554,0.9515167125078464
17555,0.4496808214536526
17556,0.22891094594628575
17557,0.2536778014728506
17558,0.048985752351846074
17559,0.3165943739671339
17560,0.44406357834947624
17561,0.08699152370287078
17562,0.6810585399623368
17563,0.7978316689952083
17564,0.13781490199153343
17565,0.29612775712511274
17566,0.3000132548207612
17567,0.46819643392610166
17568,0.23299854066539927
17569,0.5526254852257265
17570,0.08406095644278655
17571,0.0826227823282719
17572,0.012937422667714863
17573,0.15999761353789954
17574,0.32848998460120993
17575,0.7292840577381491
17576,0.34509330534244853
17577,0.7820554202966716
17578,0.8909688498669434
17579,0.08105138796599737
17580,0.7767119250403307
17581,0.6173171518361479
17582,0.09031487948809047
17583,0.11313371363395984
17584,0.11708289111587507
17585,0.3108634357923381
17586,0.3091442687052864
17587,0.2903459782217486
17588,0.1624997746357318
17589,0.49413565549659555
17590,0.6510423994096985
17591,0.8521930400729725
17592,0.2128346198706372
17593,0.598215044774304
17594,0.07659398685968226
17595,0.11927472796133808
17596,0.1774817625926399
17597,0.13651472738551032
17598,0.6765168937799436
17599,0.45762626171092696
17600,0.33502385459208167
17601,0.4292383603434505
17602,0.8130560016380026
17603,0.6511068095334499
17604,0.0814485141115367
17605,0.22973945328261416
17606,0.07068923099560873
17607,0.11126553497112823
17608,0.48161490499398
17609,0.9656360513889855
17610,0.1946749882950549
17611,0.7017420341730398
17612,0.2422748817223729
17613,0.5662424990122982
17614,0.3138259244423143
17615,0.5858873772001535
17616,0.3458362190156192
17617,0.1872105910369823
17618,0.1714345790458595
17619,0.9807703489967992
17620,0.1963583588692847
17621,0.10233563148031485
17622,0.1711531866503184
17623,0.013208167466552703
17624,0.12146622604546373
17625,0.8978368992723443
17626,0.21129652379198968
17627,0.972875604346226
17628,0.26832830501853094
17629,0.7159468361675998
17630,0.6969046098058782
17631,0.16112276539050685
17632,0.943063945979237
17633,0.0360934677454906
17634,0.6985550453904767
17635,0.10371985068292584
17636,0.45062897548536696
17637,0.9925317333469372
17638,0.8706602226934677
17639,0.18738260721921896
17640,0.4976797285163589
17641,0.07814959429858791
17642,0.6413183732318807
17643,0.19563238616764922
17644,0.47776874907691497
17645,0.1847638570122039
17646,0.39517022492280424
17647,0.6446196410045618
17648,0.9315141263946769
17649,0.28260131762530616
17650,0.055766192578489436
17651,0.5052169760958368
17652,0.6869822078068311
17653,0.28978167740583943
17654,0.23396765437591266
17655,0.6237668361683795
17656,0.0630748429954263
17657,0.3819688198143393
17658,0.21129093004868585
17659,0.9617758288752548
17660,0.1887279718894572
17661,0.3534908149404904
17662,0.3588230761734072
17663,0.30281748450915286
17664,0.23480413537558528
17665,0.04188495230955706
17666,0.19879508864674847
17667,0.23867987098179236
17668,0.25104044516121143
17669,0.21648330239768118
17670,0.0840045746993954
17671,0.008160163992940226
17672,0.26603804948562493
17673,0.10417995383660807
17674,0.039728887463260254
17675,0.3265040407099338
17676,0.9385595672958148
17677,0.1976113480495357
17678,0.22568451664767797
17679,0.11263283415463557
17680,0.20734202400606505
17681,0.9757183481197566
17682,0.8403223710435423
17683,0.48348088991155447
17684,0.98001346715479
17685,0.2868057600808187
17686,0.32671349441803954
17687,0.27006995485072616
17688,0.2590501018462782
17689,0.15261594767578682
17690,0.06185561838266796
17691,0.1579901032144419
17692,0.4267941055738368
17693,0.4445870553844521
17694,0.1080276618115082
17695,0.931603337103592
17696,0.26403143363051473
17697,0.1084667449334374
17698,0.7093498110309464
17699,0.043123957821452785
17700,0.12574684542240872
17701,0.3019842546072363
17702,0.08678317150568371
17703,0.8537890255359487
17704,0.08550127661347676
17705,0.16342051371005925
17706,0.6376604670066205
17707,0.11608273881651442
17708,0.03253114978372514
17709,0.047101854008335595
17710,0.059385898314737465
17711,0.020909583901975785
17712,0.42871969477901073
17713,0.0918362774127334
17714,0.121764954832365
17715,0.276282308609673
17716,0.022052071658321515
17717,0.26683196337847087
17718,0.19413708697885315
17719,0.4893103909569442
17720,0.9235503847989578
17721,0.5493641719806909
17722,0.013502628640029022
17723,0.09302689258406241
17724,0.36745368168689285
17725,0.8510232173840986
17726,0.8891644522747579
17727,0.4907372434056808
17728,0.15970308684070733
17729,0.2156554339206296
17730,0.6564122048648009
17731,0.830203780818799
17732,0.043850911517611564
17733,0.22711999010297082
17734,0.5226528532220358
17735,0.7100865810754847
17736,0.1453810280385373
17737,0.35229167433187625
17738,0.8902929419660678
17739,0.02046225998910676
17740,0.4493726799646778
17741,0.07545954751484507
17742,0.08432387968352088
17743,0.24305345605439935
17744,0.45008192913200135
17745,0.08438781356899679
17746,0.3063433161029881
17747,0.4112633331420882
17748,0.07296979980521996
17749,0.13129541543927156
17750,0.11331662625051368
17751,0.11395128824974429
17752,0.33140006873421934
17753,0.5643988434109511
17754,0.10340055140249625
17755,0.09311255352652947
17756,0.698076748608021
17757,0.6803231295111339
17758,0.2661874233462001
17759,0.5769395720827323
17760,0.4840647043693651
17761,0.2689491115593602
17762,0.3510291916083315
17763,0.2480972238848688
17764,0.47084635923545237
17765,0.9179110313889809
17766,0.42154445533021256
17767,0.9689489004370122
17768,0.8789276953876467
17769,0.995698531001956
17770,0.11813289606887074
17771,0.6020291288844588
17772,0.7790441693454884
17773,0.08108579353052868
17774,0.27919951208029753
17775,0.6931467476465636
17776,0.7824952681878299
17777,0.05291925981948068
17778,0.06384264251824401
17779,0.7691840931063538
17780,0.14431569625884091
17781,0.9229458941476891
17782,0.3289368260421173
17783,0.09999713807733841
17784,0.2297285282862192
17785,0.05230193785174425
17786,0.26656221302647154
17787,0.8938382932827295
17788,0.22577873995626865
17789,0.4425711601100204
17790,0.2580512989025826
17791,0.3911441396970591
17792,0.31843618102371757
17793,0.7741129154428034
17794,0.17510633843586335
17795,0.30097269739832844
17796,0.05971035768308391
17797,0.9433656038411284
17798,0.7800699871176289
17799,0.09218810499655868
17800,0.45816087041583037
17801,0.5903469098027934
17802,0.06749669785718329
17803,0.5958342917559097
17804,0.13679046093802566
17805,0.17246360564652904
17806,0.9420295542600912
17807,0.33110650597443836
17808,0.034540308123894
17809,0.933453417487307
17810,0.06841290092449939
17811,0.9298975158500739
17812,0.27260268444075
17813,0.21469311767504906
17814,0.22422693111443395
17815,0.7378128324726819
17816,0.5449453295084663
17817,0.17253377283845392
17818,0.14146544658344548
17819,0.6126957358627474
17820,0.38478192730242305
17821,0.49574908832759396
17822,0.007701500668040763
17823,0.8390877500770489
17824,0.04561730980581125
17825,0.22719502603976025
17826,0.06846645998444145
17827,0.304465337471763
17828,0.11995442188879452
17829,0.1662607577756928
17830,0.5094005962177501
17831,0.6095316709059966
17832,0.04389461349215399
17833,0.9642099828189048
17834,0.020737524344791314
17835,0.8928946367497106
17836,0.38006748301810794
17837,0.4663661671754912
17838,0.8588424801694896
17839,0.4576307053054222
17840,0.11209961365370637
17841,0.6447776990218473
17842,0.27151976432334624
17843,0.33446557316128295
17844,0.14200628595798637
17845,0.7232291683627744
17846,0.10546921621383608
17847,0.19151256576572548
17848,0.36824035269523614
17849,0.9890943310760915
17850,0.7296900296937945
17851,0.196103553480837
17852,0.034336323536466616
17853,0.13080944181627743
17854,0.11777188707676974
17855,0.055134269517397104
17856,0.826275861667955
17857,0.3090552672744788
17858,0.3048881212316611
17859,0.3538746162324722
17860,0.8786483248051475
17861,0.47617879839949395
17862,0.9614147860479055
17863,0.07252139462671121
17864,0.1416002827563493
17865,0.9388116654474039
17866,0.22165450820113133
17867,0.7339474184939525
17868,0.11949581474139605
17869,0.057775518810646805
17870,0.43069282529209224
17871,0.027630494635962996
17872,0.1282482843959109
17873,0.1791711713348493
17874,0.42388024910319344
17875,0.3515721864901782
17876,0.41469768926560524
17877,0.7327670638135186
17878,0.2583427443468717
17879,0.11942507078214624
17880,0.017456816572928108
17881,0.12678493373197133
17882,0.357227456691898
17883,0.29884859459764823
17884,0.29663588254469037
17885,0.631285397317761
17886,0.4610700844334165
17887,0.09631756796835748
17888,0.9253879915047448
17889,0.9939244901201565
17890,0.26671401935172523
17891,0.03425201618939718
17892,0.8336285373188042
17893,0.9854954545231766
17894,0.7719029191671006
17895,0.6622535172628217
17896,0.717434628107901
17897,0.6084745213485611
17898,0.5556900352675115
17899,0.07538529957809469
17900,0.18763335673305828
17901,0.28205874530665104
17902,0.03695106705293593
17903,0.07645890105856401
17904,0.2527487312341025
17905,0.9755899420133332
17906,0.035523651892612446
17907,0.12729652705113564
17908,0.953510211178192
17909,0.027426900417868355
17910,0.29694862263255345
17911,0.7296475376327602
17912,0.7674727258167571
17913,0.09044916328396077
17914,0.8842205044082644
17915,0.18028816545979928
17916,0.2311494634464201
17917,0.27672554457061255
17918,0.1044369601154327
17919,0.11112712299869291
17920,0.2172451316402285
17921,0.6807365718244114
17922,0.48716907079113386
17923,0.07661357502000136
17924,0.49592742733158435
17925,0.21632061547319675
17926,0.10909719660809714
17927,0.04773499810698155
17928,0.5166686079561059
17929,0.29825224085492125
17930,0.7327034671407314
17931,0.5456657267784867
17932,0.9462127689869614
17933,0.20974348228595557
17934,0.04851607515632732
17935,0.9664653057116023
17936,0.016554342672812947
17937,0.5907018921838859
17938,0.06731310964937705
17939,0.06125265795843236
17940,0.4175624221451836
17941,0.08660226760762707
17942,0.06103264451093182
17943,0.17499869375551977
17944,0.9536528608719356
17945,0.632246841902383
17946,0.03556414506649816
17947,0.5901026634481027
17948,0.5921315742337548
17949,0.03296925863318846
17950,0.3254916561180906
17951,0.06983948031254134
17952,0.019253512248685573
17953,0.889378782188528
17954,0.19379101705386031
17955,0.28505029678212834
17956,0.033025257513559614
17957,0.14246303984584927
17958,0.30407773394455223
17959,0.1479853822623513
17960,0.6201639758121422
17961,0.04007216518301983
17962,0.08336042589970524
17963,0.7061760265429263
17964,0.23653318927767866
17965,0.03913616284813953
17966,0.5097895110327786
17967,0.7142574914537809
17968,0.28008349740434685
17969,0.20353821931712032
17970,0.23508774357438028
17971,0.04769498226104722
17972,0.5437754019174555
17973,0.24162898018843945
17974,0.28305913518113757
17975,0.4694161062125426
17976,0.2094065501866003
17977,0.34041130352907023
17978,0.26683061436645644
17979,0.16551244610505364
17980,0.12321562296187026
17981,0.6574840504385627
17982,0.13296294332151967
17983,0.13014573465732424
17984,0.2381611473564968
17985,0.4520130970573587
17986,0.14644457549720394
17987,0.184403677279332
17988,0.21281543770984768
17989,0.06480268765969309
17990,0.06290740874413087
17991,0.015905973085683187
17992,0.3504379214619358
17993,0.5691797991690107
17994,0.12009010510170837
17995,0.2585376580879906
17996,0.4315125431452319
17997,0.16150807974348264
17998,0.05314080476823796
17999,0.9463351826088809
18000,0.012800541848134455
18001,0.9749282268978907
18002,0.4708047198067288
18003,0.22894401806823153
18004,0.24554236559342013
18005,0.3677804836736201
18006,0.3717630371462115
18007,0.02538735363667893
18008,0.18492794708322838
18009,0.11458219855577514
18010,0.10735770924796399
18011,0.18591019168259182
18012,0.4191484053043635
18013,0.2624985450984127
18014,0.08823897526037301
18015,0.06077642790344803
18016,0.1581754953258497
18017,0.0832669238448773
18018,0.5239106995297268
18019,0.17914594816390378
18020,0.03718338910855685
18021,0.852128968333639
18022,0.32760759326092065
18023,0.15241626478567177
18024,0.9052498501939387
18025,0.15594743177408293
18026,0.5726304196426056
18027,0.18027130282606854
18028,0.19201052233853017
18029,0.977942597489324
18030,0.1621126474046777
18031,0.3340520025157245
18032,0.11500296291970771
18033,0.3050616976736302
18034,0.23440193825451427
18035,0.2782360163862962
18036,0.40965368536548713
18037,0.14202045091039256
18038,0.070225911167792
18039,0.2410969695837235
18040,0.6960091102379684
18041,0.5879420134160643
18042,0.9378680237765058
18043,0.4983953776065299
18044,0.058279778092167465
18045,0.06361678643520359
18046,0.19329695719662873
18047,0.1954629484266176
18048,0.0434516572523304
18049,0.340810306804564
18050,0.7328163686510596
18051,0.641019985086793
18052,0.17238972960698404
18053,0.9557057234523022
18054,0.48636039181052226
18055,0.4401763647232722
18056,0.06696130921301716
18057,0.44256742560161194
18058,0.10696857384284793
18059,0.3684500326701927
18060,0.5429538363756753
18061,0.2860835133895961
18062,0.36468778244176675
18063,0.4613563134012833
18064,0.19276947819293083
18065,0.8680513904333185
18066,0.2652756612387513
18067,0.7308741735127382
18068,0.07118919411442785
18069,0.17243785294432407
18070,0.034544758281469794
18071,0.15960949352433798
18072,0.8877412547276244
18073,0.9255384615106571
18074,0.036805864574379774
18075,0.10747051057260891
18076,0.09928039125856303
18077,0.35419261350204984
18078,0.14623336604050827
18079,0.17169432915727073
18080,0.1013018185812217
18081,0.638599330841107
18082,0.12540138579974683
18083,0.017920282737329794
18084,0.4335776598439862
18085,0.561615901040499
18086,0.9701889153796702
18087,0.680386306891698
18088,0.03560169208142215
18089,0.11801512196099113
18090,0.05642228693289597
18091,0.9681665416677699
18092,0.8767331734748671
18093,0.3628759137225734
18094,0.9763984420249859
18095,0.043997633685293885
18096,0.33887105090163766
18097,0.02960669511889505
18098,0.11784456939602801
18099,0.18795671307641956
18100,0.5926937478318878
18101,0.13113884648108584
18102,0.05769426572763201
18103,0.20797890822540535
18104,0.2777515075292528
18105,0.06252012233525721
18106,0.7984191589944404
18107,0.09749271525179429
18108,0.29556956467407575
18109,0.7282082700148209
18110,0.42711762960573085
18111,0.39075630964997987
18112,0.9494544893684174
18113,0.03910770210083382
18114,0.2361792828485186
18115,0.3498542975027221
18116,0.08926905459288137
18117,0.17114600740412161
18118,0.1491758555385672
18119,0.38234959318540673
18120,0.23394532572614407
18121,0.12260821592716047
18122,0.2564299721673092
18123,0.20164298279429585
18124,0.5570603245424329
18125,0.17862179119861366
18126,0.39763080134469353
18127,0.733147003322766
18128,0.07592269664984706
18129,0.015893494414487078
18130,0.45770875180633125
18131,0.08625332263055685
18132,0.13854638174531062
18133,0.14293350226131218
18134,0.018133779868039136
18135,0.40291575332956614
18136,0.8790101806034141
18137,0.9673806972896267
18138,0.4597544862529991
18139,0.5248089654435593
18140,0.538382668888096
18141,0.07761581328687524
18142,0.04116109441097282
18143,0.997404797758126
18144,0.2339328487744339
18145,0.2160629282773522
18146,0.6945971062019394
18147,0.27876382736772276
18148,0.7164687083392969
18149,0.07370575885286008
18150,0.10506044220915937
18151,0.9752535923900219
18152,0.2053939550197664
18153,0.07573668516172204
18154,0.23988807996073924
18155,0.7960629023030348
18156,0.007207718317395543
18157,0.40954678306445347
18158,0.9359866448159224
18159,0.07507465964720278
18160,0.7413013375474211
18161,0.49420116612947856
18162,0.6078180041370437
18163,0.1519355345448045
18164,0.5741199834013384
18165,0.3058903587612174
18166,0.36286781136082763
18167,0.7598008356003145
18168,0.796686640899691
18169,0.187761418296731
18170,0.9652480300658892
18171,0.9915086997198825
18172,0.18440604990890405
18173,0.14924103694429933
18174,0.2400257470601745
18175,0.1889972640974028
18176,0.9383785603146808
18177,0.7145033449445208
18178,0.3320042319135662
18179,0.1574519563511359
18180,0.9442737840974705
18181,0.5379645779837272
18182,0.006832399799495702
18183,0.9155586792486071
18184,0.28184397023927216
18185,0.7810643962240544
18186,0.04854885937603736
18187,0.4722687382496324
18188,0.2735282374085997
18189,0.28325953852867497
18190,0.9206859980527844
18191,0.25922278738154975
18192,0.9314012897059443
18193,0.1540226701336275
18194,0.06930229862540327
18195,0.9449673381819471
18196,0.09104775401097204
18197,0.13177045945058408
18198,0.7428109668093728
18199,0.24017984719315594
18200,0.5798770596898293
18201,0.6754393558593856
18202,0.5065151626245441
18203,0.6958608899114399
18204,0.11584601257660675
18205,0.04699673659207222
18206,0.06904470504217539
18207,0.4746208973685297
18208,0.175713821864617
18209,0.08838333768697675
18210,0.1911115782673931
18211,0.4817375071507244
18212,0.23724770568312012
18213,0.5854564442042988
18214,0.3590431607007714
18215,0.23799458965984946
18216,0.6294149398189977
18217,0.9177881739430686
18218,0.21965027575781143
18219,0.32758472515880743
18220,0.9169881399952199
18221,0.22381292154481217
18222,0.051050558628647526
18223,0.46839714639796615
18224,0.8715317349472382
18225,0.05945675732164654
18226,0.8497438124989678
18227,0.24055300571620902
18228,0.047089161607815185
18229,0.7982283912161127
18230,0.15317259022460958
18231,0.8415150040882968
18232,0.9170858445295108
18233,0.3475257429713962
18234,0.808813119320067
18235,0.9604198945166267
18236,0.1281378694114751
18237,0.6313879822451833
18238,0.39200121085465006
18239,0.3041097591836751
18240,0.14802814659552913
18241,0.7772322745797144
18242,0.19314560013936052
18243,0.04040954758639724
18244,0.9277891130632027
18245,0.4020577137362227
18246,0.45591798317944926
18247,0.21874163301209976
18248,0.5502740869552049
18249,0.42930729874390605
18250,0.10284317440085727
18251,0.2230810692625194
18252,0.14113976834471995
18253,0.9132077671265648
18254,0.671259868224796
18255,0.912521957488748
18256,0.09801927536806272
18257,0.02081005530453391
18258,0.44525255777700284
18259,0.07420960492216265
18260,0.12366262834360077
18261,0.020412612638822054
18262,0.05364479449137632
18263,0.4954624339581565
18264,0.11211478820689276
18265,0.6697918455527204
18266,0.5539211747956185
18267,0.9109640017283194
18268,0.05545843786032994
18269,0.6340686681076644
18270,0.3606670677948484
18271,0.41178385614623525
18272,0.8535518897327036
18273,0.18371663400712465
18274,0.2529173588435675
18275,0.12228672034980508
18276,0.7327799920956983
18277,0.2745717820898714
18278,0.13260831067983608
18279,0.065077286061618
18280,0.3601105577229894
18281,0.7856822632794186
18282,0.4095664179504048
18283,0.20676435246453562
18284,0.6060709897267946
18285,0.10867095583614839
18286,0.12051070991935443
18287,0.15142325152076178
18288,0.16284910742953787
18289,0.7297902348233788
18290,0.0543098625464834
18291,0.036420158529896544
18292,0.1426436964967088
18293,0.22371056613901516
18294,0.07991599042378142
18295,0.7698507818539969
18296,0.9596098802131887
18297,0.10929096772386686
18298,0.3982274880832838
18299,0.2677081773420341
18300,0.7971449536116172
18301,0.07076560008094956
18302,0.9003669208988977
18303,0.3686315576451371
18304,0.09798330496909712
18305,0.8331305726925154
18306,0.4419784035275652
18307,0.13356763915634798
18308,0.9210513231684377
18309,0.07328776198452829
18310,0.5194175233508656
18311,0.642419277040365
18312,0.07521032735512316
18313,0.18632475891872513
18314,0.22769838509646645
18315,0.18275899144360383
18316,0.1744765778704789
18317,0.13042229844083278
18318,0.08189926203716076
18319,0.04376214629612238
18320,0.5454069751603584
18321,0.45908603921422664
18322,0.7886193219750941
18323,0.30841165418814204
18324,0.9425059898357493
18325,0.3082722381059631
18326,0.5649731874575283
18327,0.16875181970148062
18328,0.39873966579898873
18329,0.6761165351651567
18330,0.2488559638741722
18331,0.5637035113426256
18332,0.09524974200081548
18333,0.06599810145703698
18334,0.03700177605548513
18335,0.9832690759140923
18336,0.2641912236134303
18337,0.8070179526365002
18338,0.19136480201613887
18339,0.08652206045912642
18340,0.1827106340900732
18341,0.07306827685509115
18342,0.26346733570516584
18343,0.16702790460372935
18344,0.44505976380840306
18345,0.8124810583949007
18346,0.4460460449795666
18347,0.2703751599751354
18348,0.06318627399395997
18349,0.31043236468747204
18350,0.639143195094592
18351,0.05013604516802889
18352,0.559915727413374
18353,0.4257494072032821
18354,0.2183666432465839
18355,0.021352164855441585
18356,0.05724310169691091
18357,0.9209878963413196
18358,0.3798190074278373
18359,0.34649795465337696
18360,0.17985453026676612
18361,0.9283836511866753
18362,0.19143231727268903
18363,0.05807182369568432
18364,0.7147718907646501
18365,0.8447772060996399
18366,0.6963316559669445
18367,0.05795451229710243
18368,0.046967394735304875
18369,0.58716498005745
18370,0.286163954722953
18371,0.8903674211459929
18372,0.17453719424104985
18373,0.28794488668725876
18374,0.18979008411692178
18375,0.4523616940675724
18376,0.360253903777963
18377,0.10767761499104989
18378,0.3114529318414008
18379,0.09358290674309967
18380,0.7306439266572117
18381,0.9834805180165759
18382,0.7993903782158523
18383,0.6050465739657543
18384,0.05658451704393331
18385,0.030178426600843952
18386,0.9585164653512801
18387,0.9042140587736417
18388,0.6572416174032876
18389,0.2003492586086064
18390,0.71917402829096
18391,0.48332013983678845
18392,0.17208447810610966
18393,0.6544751220915196
18394,0.37044795234795475
18395,0.6215504765986858
18396,0.7627705183860557
18397,0.06151515351113389
18398,0.9535710419220613
18399,0.46687483396342583
18400,0.18041260306737614
18401,0.021307581815266294
18402,0.9721249536567806
18403,0.7462005430158513
18404,0.21470560630744118
18405,0.29784355604041596
18406,0.9506953628254066
18407,0.5120493708234823
18408,0.8779072496397433
18409,0.18180708583472616
18410,0.25070223465878866
18411,0.15947534420332654
18412,0.2052162069188532
18413,0.19574561379037692
18414,0.2733101594994591
18415,0.1519020781846848
18416,0.47756985455437667
18417,0.04305043018093889
18418,0.6681976039017099
18419,0.6058973486638732
18420,0.06251511427995418
18421,0.8805821980474803
18422,0.08443666189458209
18423,0.3993117045852208
18424,0.5850174286790006
18425,0.5585238412418494
18426,0.7317724673421986
18427,0.8291685043125454
18428,0.029148158944179856
18429,0.6958902733174807
18430,0.9303230312785736
18431,0.08429059882497664
18432,0.031747275867234526
18433,0.05842551207586749
18434,0.18705384151242413
18435,0.39518081414295003
18436,0.31656897636772585
18437,0.08050902410320124
18438,0.33072704229534505
18439,0.35187805118487053
18440,0.25774816632535186
18441,0.3504350926116376
18442,0.30491062664439306
18443,0.09360823954407206
18444,0.7045949848121458
18445,0.9480508077123555
18446,0.8871606209990951
18447,0.0819114096303909
18448,0.933989731558633
18449,0.15001946510194297
18450,0.9083902709051275
18451,0.03029304368460356
18452,0.8922044962535025
18453,0.41298553529849724
18454,0.898554056463156
18455,0.8219681738541363
18456,0.0722860021219683
18457,0.1294437323445111
18458,0.8963137844658292
18459,0.8560669071893244
18460,0.41882308416435005
18461,0.761540103787598
18462,0.18262816371966695
18463,0.10523366620999079
18464,0.03407923611013872
18465,0.08050009134563278
18466,0.06800190180675174
18467,0.5252087905664828
18468,0.7153386871848395
18469,0.16829841538968937
18470,0.7255608257380771
18471,0.9679646133842983
18472,0.12961360859576845
18473,0.3409082482459105
18474,0.038626729883769466
18475,0.44877059709404055
18476,0.20973080405827224
18477,0.061656057584208154
18478,0.9764547396527183
18479,0.17654310256227118
18480,0.9455558445161213
18481,0.11332524383356411
18482,0.8334513739814896
18483,0.036313877483666525
18484,0.9348944819392538
18485,0.9850174778057581
18486,0.3754825791850327
18487,0.13513389426702183
18488,0.8984164425907873
18489,0.25938838142562964
18490,0.06845250973292681
18491,0.08304488759476485
18492,0.8555344092215802
18493,0.41248311725498155
18494,0.786298475637639
18495,0.9595665048506283
18496,0.39833072273405956
18497,0.3488401246403855
18498,0.9303696478522264
18499,0.009990266813209166
18500,0.9642179993792759
18501,0.8171239231917421
18502,0.10530054805026594
18503,0.08655126616300984
18504,0.16622185801727538
18505,0.2014725329786616
18506,0.6499584479117586
18507,0.33525063648484804
18508,0.22845913858713549
18509,0.1067372500347778
18510,0.5861517801882882
18511,0.06779316957658726
18512,0.11858414549757286
18513,0.925264293774147
18514,0.022566103209291997
18515,0.309823922920379
18516,0.3966987796548595
18517,0.012995702557966837
18518,0.30109557334575227
18519,0.3336808375419466
18520,0.05260116763369442
18521,0.4774536780782594
18522,0.16777826760874592
18523,0.05028802192065984
18524,0.4208927022022659
18525,0.08919007868506906
18526,0.4419472672855298
18527,0.9919475871955036
18528,0.17386515472758865
18529,0.0680940431004017
18530,0.09507945452259559
18531,0.14265042981217768
18532,0.641058310443285
18533,0.03346284247004355
18534,0.645532318220991
18535,0.16326247110414532
18536,0.040148989867866546
18537,0.01814546142870122
18538,0.6562628067116759
18539,0.39304970071021683
18540,0.7260179652745615
18541,0.15488705907258843
18542,0.49335282130491276
18543,0.23227349497454325
18544,0.6206842958853689
18545,0.34876116426032683
18546,0.1667174925486999
18547,0.18404687839739658
18548,0.8778274516843219
18549,0.9727552509001886
18550,0.4996173496344757
18551,0.15148941264787683
18552,0.7190060799063127
18553,0.813403821539611
18554,0.21197926313813426
18555,0.10086326027530712
18556,0.044405453655411806
18557,0.18995104664726695
18558,0.12091779697737365
18559,0.7849542405746307
18560,0.5874553633562595
18561,0.2144717823007177
18562,0.623270065589632
18563,0.16596949933954014
18564,0.9191502749334627
18565,0.07753675051425458
18566,0.079736195636247
18567,0.25839734671013664
18568,0.008557763095507754
18569,0.09878530700110703
18570,0.7381783447784025
18571,0.1555713280049161
18572,0.02565677140371223
18573,0.16933933451453564
18574,0.4733019723197914
18575,0.22585361583198374
18576,0.16149045767165038
18577,0.4023114564471289
18578,0.1585785564438139
18579,0.7239643416639029
18580,0.09116413731305202
18581,0.17700434797628087
18582,0.14098879137607384
18583,0.12773974472626504
18584,0.6959009947612416
18585,0.12119226693890663
18586,0.5010386208983338
18587,0.1957523750282602
18588,0.8801082522227748
18589,0.5124176241831709
18590,0.21901815478594708
18591,0.5538907358840125
18592,0.6514440050293088
18593,0.21230131581575248
18594,0.45625345070182194
18595,0.9577382424755352
18596,0.3556016004137638
18597,0.11074556566612084
18598,0.7087013451205345
18599,0.9318178435675701
18600,0.7761525801653391
18601,0.07741858568466572
18602,0.02404076206789932
18603,0.08561985075965292
18604,0.8396891514681645
18605,0.18586160817194125
18606,0.3307796317374276
18607,0.5760407049889933
18608,0.8650401041735939
18609,0.6976817107364254
18610,0.4352041032626713
18611,0.051143338852944115
18612,0.33182956528576957
18613,0.9838871690273616
18614,0.20091658445817084
18615,0.7443676767563581
18616,0.04556675848902166
18617,0.9142600392807985
18618,0.3937505868922422
18619,0.06680331469406038
18620,0.08842201485800774
18621,0.09564712120538503
18622,0.05075689713971202
18623,0.6443591661334279
18624,0.45200887981174126
18625,0.13086954891223723
18626,0.0268847751139073
18627,0.30983861555897335
18628,0.0550064648739464
18629,0.43786278123433997
18630,0.9501007519512501
18631,0.8652128911550491
18632,0.15545454451172805
18633,0.04249600599661028
18634,0.6710779041583373
18635,0.031609916673819384
18636,0.47868539925133247
18637,0.6974182003408205
18638,0.17113279395029019
18639,0.6339273343812548
18640,0.6968324907866786
18641,0.08379253751598992
18642,0.940508102286619
18643,0.26961850861692344
18644,0.07457044535571401
18645,0.09462311994649962
18646,0.6906526376018647
18647,0.08559707464908368
18648,0.5773758938525898
18649,0.07539120425272038
18650,0.15641609174938825
18651,0.9122144771287678
18652,0.11288780348005775
18653,0.08468268840522568
18654,0.731094517118237
18655,0.4562255740175626
18656,0.4403261343237625
18657,0.10512158506721074
18658,0.2755115732524829
18659,0.09238632854046579
18660,0.05003977199460501
18661,0.12195736659099352
18662,0.09412832636725542
18663,0.06056956053612278
18664,0.14767012496297185
18665,0.27643126631509723
18666,0.26040084732309193
18667,0.3043732210483463
18668,0.21194249267867052
18669,0.25345666359003977
18670,0.16014401191093802
18671,0.07819428996626801
18672,0.959068098150648
18673,0.8801715801524578
18674,0.10359362151468107
18675,0.8972093370550815
18676,0.10161834572907413
18677,0.06835477483479051
18678,0.42258523867888775
18679,0.0961321046214337
18680,0.9475277506873374
18681,0.4152975415943782
18682,0.3886932982599341
18683,0.5297881577687154
18684,0.9850402350124688
18685,0.028022324660487524
18686,0.5439511346545246
18687,0.917677934305944
18688,0.30525284227135624
18689,0.36948204945889085
18690,0.13102705210017876
18691,0.5668187470312701
18692,0.531141287792166
18693,0.6052707676604009
18694,0.09252692281540548
18695,0.8573804050310186
18696,0.692568779721993
18697,0.7503532583391982
18698,0.9491704596951478
18699,0.18870994043869538
18700,0.021396814049261775
18701,0.21863602207248312
18702,0.4278649884901829
18703,0.03564158806220906
18704,0.8142693448923425
18705,0.4456317072794278
18706,0.36445324495529846
18707,0.28822055024984566
18708,0.2524849984033977
18709,0.8456686192586695
18710,0.39320447078229853
18711,0.11451052620850903
18712,0.21015875415537383
18713,0.15929839350015573
18714,0.22716418264193225
18715,0.049248855246683085
18716,0.8182230029363776
18717,0.16823638495009124
18718,0.1914620438080167
18719,0.13071848635591113
18720,0.3349074487238198
18721,0.04041675678296233
18722,0.07149861355817659
18723,0.909305991827033
18724,0.8665278580054574
18725,0.9058765112983413
18726,0.4497378520043729
18727,0.22796425150877614
18728,0.7362862924717365
18729,0.8575703374988148
18730,0.03715927832166038
18731,0.9577715900899962
18732,0.06303732032511877
18733,0.5033191856752097
18734,0.08204930761683968
18735,0.5459990018530342
18736,0.5120610610362369
18737,0.5137234723003817
18738,0.6785221477684763
18739,0.06029008675857963
18740,0.13077378623755323
18741,0.05060757472165153
18742,0.4590897361668464
18743,0.08660052758110547
18744,0.03371204505708717
18745,0.11387545637658562
18746,0.2812248396795672
18747,0.004724768275127866
18748,0.9545843458816604
18749,0.9923484483385234
18750,0.15183348283716733
18751,0.47947109827985357
18752,0.009869377252213
18753,0.4864769631404879
18754,0.40695589662812465
18755,0.045557026160230885
18756,0.23356606553726916
18757,0.30367268589837687
18758,0.24405631286672608
18759,0.8923188125174643
18760,0.15403571503733426
18761,0.1640718362052526
18762,0.4544533345911089
18763,0.8552302198544761
18764,0.047487026460707314
18765,0.12917362348532527
18766,0.5537181807759698
18767,0.35106524207620077
18768,0.08413184245861625
18769,0.13884973579766186
18770,0.1259644201771112
18771,0.11541810469725636
18772,0.2587203292057252
18773,0.06148816633789107
18774,0.49808519281662583
18775,0.053720258271029
18776,0.020409909448226283
18777,0.0797568310699892
18778,0.1041206356317737
18779,0.04249483960208254
18780,0.22194222030808677
18781,0.13100170274360523
18782,0.09413109697918162
18783,0.7995117712071964
18784,0.9216222187894344
18785,0.2284332771087268
18786,0.2487862166734806
18787,0.047191946156349265
18788,0.805931291515397
18789,0.5408485424081195
18790,0.8544281412402401
18791,0.018776256874030603
18792,0.3062357449366339
18793,0.15234084662526146
18794,0.08474649674498756
18795,0.5477397129591015
18796,0.1610471535237657
18797,0.2003452137276957
18798,0.12125677196737109
18799,0.18303122416448003
18800,0.08937365328574445
18801,0.11128078182881493
18802,0.9600552330360428
18803,0.26423664200737107
18804,0.2889655293522452
18805,0.6008325654576653
18806,0.2626905762216706
18807,0.5138326687853109
18808,0.791713326724198
18809,0.16860219749053645
18810,0.4470853404797348
18811,0.21973055324249635
18812,0.13340419132923392
18813,0.07961835049709984
18814,0.2959957110340202
18815,0.3022902913349586
18816,0.22967583306728448
18817,0.10872598043745378
18818,0.04504016274598016
18819,0.2249751502285421
18820,0.5207441837343948
18821,0.031124630475835035
18822,0.16168105144968176
18823,0.08078498453957395
18824,0.9252143887728342
18825,0.3355553588949687
18826,0.821953560748506
18827,0.7953379467897475
18828,0.24540079601698694
18829,0.07080738354187842
18830,0.13376537612198855
18831,0.9696193651309218
18832,0.925579819730317
18833,0.11670341664465636
18834,0.7004968616621771
18835,0.4529710616688203
18836,0.8071486773315584
18837,0.7031112922215176
18838,0.2561827203048091
18839,0.6550335721865771
18840,0.0972047165661052
18841,0.07178713259310777
18842,0.16584139021150934
18843,0.12900077531877574
18844,0.5713884737768716
18845,0.4804096921165392
18846,0.06881261505069367
18847,0.6990428171749253
18848,0.3203038082731392
18849,0.09138079594714439
18850,0.8139170145873491
18851,0.11961690736200441
18852,0.1627031681573274
18853,0.7249264235003016
18854,0.2463418819196304
18855,0.7936245110912155
18856,0.3380731474518128
18857,0.2933180008873158
18858,0.031592193348810325
18859,0.1531459086025535
18860,0.7564900221822605
18861,0.15723743239776827
18862,0.1382976645274943
18863,0.5204830499760876
18864,0.27487556585968115
18865,0.08836597707714458
18866,0.4285283417852273
18867,0.04498095818657505
18868,0.17815611477327822
18869,0.09132394159638965
18870,0.3823562474303407
18871,0.2029786638672809
18872,0.8419342970917044
18873,0.8343933054047245
18874,0.27215268200210957
18875,0.04163657140709029
18876,0.9852279503817193
18877,0.0718494150876683
18878,0.6142123801004928
18879,0.11955976994134605
18880,0.8170764935139746
18881,0.45964170929524706
18882,0.5021634344690762
18883,0.6981050708803624
18884,0.9621659436154962
18885,0.0964339253636811
18886,0.997765056618629
18887,0.18267867954525627
18888,0.28047459205509123
18889,0.3718638286630296
18890,0.5543851426579873
18891,0.02926185854560171
18892,0.0844191259721949
18893,0.13040363049509357
18894,0.3288444692722613
18895,0.45043783908671137
18896,0.888831778378732
18897,0.2642317470045478
18898,0.15754232583635017
18899,0.129702668702612
18900,0.36613152306510194
18901,0.4858121193903435
18902,0.09624996528167032
18903,0.1609641473076269
18904,0.1962492854590894
18905,0.1229111228811964
18906,0.549487481231067
18907,0.037527849371298216
18908,0.13191401445311132
18909,0.82249438680928
18910,0.40398762133650973
18911,0.29484566432577036
18912,0.8790436002930629
18913,0.4237542977858226
18914,0.4231064516322683
18915,0.3155645510711259
18916,0.9224207482024217
18917,0.04234659965783545
18918,0.9850713808395638
18919,0.8231318187378973
18920,0.303200265663929
18921,0.5567447408896639
18922,0.8485608882410651
18923,0.9234177447048862
18924,0.26921236333759196
18925,0.8643686641904268
18926,0.16596070994859435
18927,0.03756828991770926
18928,0.2630336960773052
18929,0.17517235407975773
18930,0.8872353489121495
18931,0.9721090940568893
18932,0.290545960803308
18933,0.8925085547701916
18934,0.08171311708103202
18935,0.8037500028131586
18936,0.06629471582228655
18937,0.08333512830449073
18938,0.4829200988864501
18939,0.9600318556202726
18940,0.15983304517568264
18941,0.2558429005609004
18942,0.28185314840445197
18943,0.00815651593540599
18944,0.9300728647874649
18945,0.39560095260725064
18946,0.17407574001689363
18947,0.025377305134493534
18948,0.09924279053029317
18949,0.11371944395546364
18950,0.6188962841430661
18951,0.9771155337638225
18952,0.5648303282434751
18953,0.06617593441582564
18954,0.007197646185249039
18955,0.34604696577705824
18956,0.9202463666793665
18957,0.08706891621171324
18958,0.29836799313298445
18959,0.03598948303410968
18960,0.32761858383781406
18961,0.17599595202197627
18962,0.10772417604174457
18963,0.21249908595702807
18964,0.06263300219911187
18965,0.041794634937262744
18966,0.33252509372391664
18967,0.9181027124093678
18968,0.9699399502148693
18969,0.362407663271712
18970,0.8943767066761793
18971,0.0663991453095019
18972,0.09559885750386699
18973,0.2889508139236685
18974,0.03666538893210518
18975,0.09785724119641083
18976,0.11101274525356075
18977,0.5648313210346823
18978,0.7670540067922869
18979,0.22567843245717292
18980,0.016656699338485424
18981,0.4795033349215738
18982,0.5632281908343434
18983,0.20118821036170081
18984,0.11989995615885941
18985,0.020512932578953057
18986,0.9744492709784344
18987,0.027623526589911254
18988,0.01421715827750209
18989,0.3130528583045556
18990,0.6214304654249395
18991,0.12368807764474664
18992,0.9058356916662477
18993,0.11280266470529855
18994,0.3144268890293279
18995,0.183259946390774
18996,0.9497423940883906
18997,0.9100104541901975
18998,0.14548187136493954
18999,0.12546537996945142
19000,0.17693166788870732
19001,0.21722828444403158
19002,0.2426568233007902
19003,0.0697882845973201
19004,0.9630362424333296
19005,0.5815780554497462
19006,0.5250198193946336
19007,0.05886402116179994
19008,0.9682842688239305
19009,0.9069640038811533
19010,0.1976604803059936
19011,0.30873194868850906
19012,0.0625211046567969
19013,0.06037818826735926
19014,0.8618123903218678
19015,0.3657393622442962
19016,0.24814914132467833
19017,0.13725314574336842
19018,0.01096933204922149
19019,0.16777514289309736
19020,0.0996955562868342
19021,0.8920058764005447
19022,0.10634828887201299
19023,0.1746806369862601
19024,0.7663803846385888
19025,0.23880704795997526
19026,0.0965937805692047
19027,0.3233902319504246
19028,0.840976527338088
19029,0.15204954205055132
19030,0.6170077115381161
19031,0.2586584385214614
19032,0.3084645008583098
19033,0.16514291988613428
19034,0.12258687838989354
19035,0.14312221468765315
19036,0.023119317699127465
19037,0.24525883242375326
19038,0.05236119818915978
19039,0.11363963481142857
19040,0.7139865875520007
19041,0.2287375980026477
19042,0.06188511279187443
19043,0.08618159922068473
19044,0.14194544500050515
19045,0.9970567326071744
19046,0.04110536348360254
19047,0.8344401430994421
19048,0.12846823544021685
19049,0.40674700046085255
19050,0.10492187752068793
19051,0.14452534685071322
19052,0.35062376948867974
19053,0.08344704643784388
19054,0.5733529451654183
19055,0.7027928685361723
19056,0.45975300978012984
19057,0.06101699213500598
19058,0.5877938952421053
19059,0.6567868278646846
19060,0.16224395618933504
19061,0.03835426561232511
19062,0.16263759013538662
19063,0.019806866102847032
19064,0.5294626216921771
19065,0.04353906462559186
19066,0.8472415997669819
19067,0.24298150923017953
19068,0.10014517497117789
19069,0.34387692747071286
19070,0.2689424320044617
19071,0.8171920709765301
19072,0.5153949850133359
19073,0.21173769936495296
19074,0.01447797910754784
19075,0.5835360399867618
19076,0.18368413085413518
19077,0.3290753862246221
19078,0.193970720094613
19079,0.41594344873585837
19080,0.03459964070956062
19081,0.1337688842916292
19082,0.04316771450122826
19083,0.8884413751144197
19084,0.019049384596363173
19085,0.0590767641718352
19086,0.8994287166980193
19087,0.8041442659870273
19088,0.17307219611261182
19089,0.4435945136880005
19090,0.6486858733270487
19091,0.7388582006122204
19092,0.9735713733667071
19093,0.30776449551535745
19094,0.19492707998741787
19095,0.5361278923028565
19096,0.3013125679276176
19097,0.29888739454551067
19098,0.932545363595636
19099,0.3753269833989228
19100,0.9147565673162169
19101,0.41043613001721335
19102,0.10148979184169597
19103,0.05965382695910004
19104,0.16118697253132605
19105,0.13665099698323765
19106,0.29152843713247595
19107,0.48881806994960275
19108,0.3390826976006491
19109,0.4181601870770163
19110,0.4022008049774191
19111,0.2775601621818188
19112,0.04453058672881839
19113,0.25957941427536985
19114,0.15505608915610675
19115,0.28397177080657554
19116,0.3373304142776339
19117,0.5393436484944962
19118,0.20141053637329911
19119,0.523008198132083
19120,0.08796079098457159
19121,0.12245105557276263
19122,0.05586286274668747
19123,0.20394029622006624
19124,0.18651987776450235
19125,0.32213938593087926
19126,0.05045209738718932
19127,0.09157898133914542
19128,0.25345935911412043
19129,0.058445705986760466
19130,0.96260167391156
19131,0.3678307506339789
19132,0.7649068477295303
19133,0.17147454883269955
19134,0.011320877785368165
19135,0.7739310870144898
19136,0.6308173389826663
19137,0.0789886448515987
19138,0.12207626812773435
19139,0.026999144774189295
19140,0.2800769519300769
19141,0.37224555165694384
19142,0.8947318147690604
19143,0.5570893267522606
19144,0.7490640088190913
19145,0.07804861409065031
19146,0.0696666001936253
19147,0.05991360419268264
19148,0.5954779068135747
19149,0.14951653756715788
19150,0.1368787619816523
19151,0.11674257039922042
19152,0.8328481371618485
19153,0.9551217160845904
19154,0.4748053123709442
19155,0.550836901190838
19156,0.3918112937281021
19157,0.4437397494776305
19158,0.09646956877072234
19159,0.12367649240502855
19160,0.8575529364716589
19161,0.6804020871408262
19162,0.198056021145911
19163,0.21004283172337657
19164,0.3576496528349466
19165,0.09943060684873815
19166,0.014957136972788629
19167,0.2520834764512132
19168,0.9471119623545562
19169,0.4215429841190349
19170,0.8144365262306765
19171,0.17992629861189752
19172,0.4323116726561473
19173,0.15075230777092155
19174,0.12382272198402863
19175,0.27840985606713486
19176,0.30341206684376054
19177,0.04543190478495422
19178,0.05626443454825365
19179,0.35956210223496027
19180,0.26184720923729465
19181,0.4274944748089609
19182,0.6816730172656565
19183,0.3774466435615692
19184,0.406655331752447
19185,0.014599413474657165
19186,0.18898527740643772
19187,0.639379954788892
19188,0.18314901019962623
19189,0.13026301148230587
19190,0.12621013721236427
19191,0.5849765129415881
19192,0.950346403160446
19193,0.2965057520398241
19194,0.13962727225825614
19195,0.41591922846933527
19196,0.09632312750003663
19197,0.33606924346735056
19198,0.1896743592990494
19199,0.973515268208085
19200,0.9542207470806022
19201,0.7064858888014265
19202,0.8747190729836138
19203,0.07439294915339574
19204,0.05003401955930989
19205,0.22773379450220155
19206,0.17107621366739378
19207,0.9331562197627279
19208,0.06849281377103322
19209,0.8528172531306526
19210,0.9070690068876478
19211,0.4283904263399094
19212,0.99420415009825
19213,0.2764752404083614
19214,0.2645476395491666
19215,0.6481227443944529
19216,0.3041200487251241
19217,0.13943253205007694
19218,0.415360795123142
19219,0.15918482907805648
19220,0.798355210664506
19221,0.27786631034738235
19222,0.6049148002919025
19223,0.033796498454513164
19224,0.5417317111198872
19225,0.813246088974176
19226,0.6056945997757954
19227,0.40382622693450176
19228,0.15507634411154328
19229,0.16367722300404355
19230,0.27526104387239503
19231,0.3297139909259872
19232,0.21196339628380845
19233,0.1570100538022267
19234,0.25769224527104134
19235,0.11603517280920127
19236,0.281414866815749
19237,0.4305854787896324
19238,0.14506312657870618
19239,0.057853003254208946
19240,0.04980963652706301
19241,0.2949545038205695
19242,0.04508024231661735
19243,0.928246176450342
19244,0.06956002423734899
19245,0.3341051910840912
19246,0.007422288816608839
19247,0.8542708912837199
19248,0.1256649544669791
19249,0.03676186138863899
19250,0.14713993463101158
19251,0.18236120033435635
19252,0.14434038329245413
19253,0.01168204041649075
19254,0.0994077793507173
19255,0.23472690584867062
19256,0.3185914329711562
19257,0.23746848256861078
19258,0.9405092598351322
19259,0.895645495969963
19260,0.8247547322064498
19261,0.3145341861144172
19262,0.09029644340151993
19263,0.009427387473877578
19264,0.6904492656064973
19265,0.45698734785353246
19266,0.05401720473638355
19267,0.1050021093947652
19268,0.8058296142225693
19269,0.3752693718861275
19270,0.4356160472043828
19271,0.419348426263919
19272,0.5585501249300878
19273,0.059912637673591104
19274,0.03029411715241734
19275,0.3839014084973847
19276,0.33128023579501603
19277,0.03038866161393179
19278,0.9074440495383518
19279,0.061496166462431924
19280,0.434322348352431
19281,0.1628307326483889
19282,0.07112780961391435
19283,0.14107828104345882
19284,0.12120433163602866
19285,0.9126974411185549
19286,0.06956367585420384
19287,0.07187541072850093
19288,0.3820763397032783
19289,0.017826112534613255
19290,0.6362965237766842
19291,0.5954206912541709
19292,0.14335517764383918
19293,0.9622086575747022
19294,0.024510699156662968
19295,0.022290351640663796
19296,0.11398499358185621
19297,0.36619394640225794
19298,0.9672699930879534
19299,0.08308692683733476
19300,0.22415158570276794
19301,0.6195174621156743
19302,0.7356351345832224
19303,0.4849334538281213
19304,0.7729276349531607
19305,0.47816605508524407
19306,0.07778663813426773
19307,0.28331250326362467
19308,0.44403793478202225
19309,0.6002852183051758
19310,0.0693702374119461
19311,0.407012654198308
19312,0.3670263990528338
19313,0.545646396994086
19314,0.7558694209794582
19315,0.2479806629497552
19316,0.37956842294755533
19317,0.3113239496134437
19318,0.5556709285074511
19319,0.6366183703086481
19320,0.0632250027478046
19321,0.18659519049481832
19322,0.3407673095811256
19323,0.6701193302069953
19324,0.031487025842436824
19325,0.7839749147614549
19326,0.661468331631441
19327,0.12832569878962036
19328,0.17505474615390762
19329,0.1395988784346988
19330,0.05161343426215384
19331,0.9816454354167642
19332,0.2015110013924432
19333,0.1859194267143958
19334,0.14470922340406797
19335,0.09841933757767696
19336,0.4520870743007976
19337,0.9579400992552602
19338,0.7490871663142684
19339,0.03436851578897893
19340,0.278980678530053
19341,0.35288547728393194
19342,0.03343006578099803
19343,0.17357446883920183
19344,0.29913908010086687
19345,0.23705025477376485
19346,0.007571930066021596
19347,0.1704085685678532
19348,0.08388930109156471
19349,0.7895144999917717
19350,0.39701265690947507
19351,0.2808914758896602
19352,0.9910093057247412
19353,0.25987277875324927
19354,0.44435899633754067
19355,0.1743060156552163
19356,0.15741103857899336
19357,0.21743909348319823
19358,0.4756935859682165
19359,0.7271343766308097
19360,0.3990479471195111
19361,0.023320865638375966
19362,0.752299348995601
19363,0.19970561578612078
19364,0.6199488923174191
19365,0.8317147223430493
19366,0.08654564225568674
19367,0.8386697135709297
19368,0.6845885369099656
19369,0.570411999200115
19370,0.0452191264980836
19371,0.8610346904698115
19372,0.09461927824212436
19373,0.13289030502058244
19374,0.10076612817612313
19375,0.1929023414267289
19376,0.06110390145069711
19377,0.9496533892541816
19378,0.5023538215103223
19379,0.040644340187939554
19380,0.0326198589975377
19381,0.10302461838885274
19382,0.07213152423691156
19383,0.28614645846402553
19384,0.09463969255638345
19385,0.42328194639953975
19386,0.09462985609500026
19387,0.04111428607643348
19388,0.43880554908794883
19389,0.4086811710863806
19390,0.6896521992386084
19391,0.9255827517003532
19392,0.23484878070871473
19393,0.1405770273985679
19394,0.5411817806123171
19395,0.17787037360690117
19396,0.2305628549679691
19397,0.03638156500371348
19398,0.5162340681680144
19399,0.04504076226304974
19400,0.8895578577641072
19401,0.45477657832133084
19402,0.08781906922937437
19403,0.610007420014264
19404,0.07238983979871703
19405,0.022917932218224753
19406,0.8736596741373414
19407,0.5005028072556155
19408,0.3380074149726913
19409,0.16730309824313866
19410,0.04390394112088004
19411,0.011399060471857597
19412,0.11860428348220524
19413,0.03300939197615081
19414,0.9069014408673537
19415,0.09075470871021131
19416,0.6059523215897146
19417,0.5623198510585724
19418,0.21895924809125872
19419,0.6715302878566132
19420,0.19831706447078057
19421,0.9758716744548247
19422,0.48652804824024426
19423,0.48362768281861973
19424,0.9205880676173117
19425,0.05523767548316132
19426,0.12065768501739799
19427,0.5021193007627458
19428,0.1350833459405721
19429,0.4058768054098266
19430,0.08524003981876732
19431,0.42926366363856955
19432,0.09282438756243676
19433,0.31029047622965983
19434,0.7716137828665008
19435,0.14340901056021146
19436,0.02210314938136487
19437,0.9926205386524163
19438,0.02605591119341291
19439,0.8730295715398972
19440,0.44631731777793937
19441,0.25590863123408325
19442,0.8216231102003184
19443,0.1468726408027964
19444,0.15406418888983012
19445,0.39067847232956276
19446,0.0350443225668543
19447,0.1349486465372625
19448,0.377395670874208
19449,0.04257933411635022
19450,0.39620276869119386
19451,0.6714155951826061
19452,0.06831274424506723
19453,0.2672653650979109
19454,0.8312934646800473
19455,0.7451739836974092
19456,0.9129939446205073
19457,0.41406822901978074
19458,0.26662197331119264
19459,0.15415341037419722
19460,0.9963804166527916
19461,0.24019217106853663
19462,0.09380452404876408
19463,0.122330391316352
19464,0.2849674297185744
19465,0.5258013041110017
19466,0.3519932964168961
19467,0.48501609778258886
19468,0.8983728606982843
19469,0.08868894360623991
19470,0.7646776681816793
19471,0.7435636685401182
19472,0.842266986277719
19473,0.23501129409793356
19474,0.17516225041326164
19475,0.38922115079460057
19476,0.0767530658015667
19477,0.9591855752970604
19478,0.5299521053161456
19479,0.03931512285470581
19480,0.08374019906197341
19481,0.6867200511915176
19482,0.12041765571080022
19483,0.06760036297186683
19484,0.04245619728638796
19485,0.04109581656156597
19486,0.9811848310130546
19487,0.2770983937220253
19488,0.5729124450404819
19489,0.38777791440625314
19490,0.04436834520602346
19491,0.2571044846158359
19492,0.3737827552563209
19493,0.32543935452265926
19494,0.9537300113763629
19495,0.32486552253815243
19496,0.9611574706818293
19497,0.09613520355427997
19498,0.1636552917208947
19499,0.11752454325131755
19500,0.8662929382170079
19501,0.11225803000889588
19502,0.9756928882495174
19503,0.8875664977087455
19504,0.9572516696610555
19505,0.792414351822267
19506,0.25308485990018115
19507,0.8878017637381812
19508,0.077796052126586
19509,0.19318680002585548
19510,0.10311015706399225
19511,0.26158882185328297
19512,0.4534079016964647
19513,0.2831094515566009
19514,0.048214284733143944
19515,0.8422304697563445
19516,0.8402971645823203
19517,0.42781491395019067
19518,0.14039793905218756
19519,0.09755809310766272
19520,0.07626319324397063
19521,0.39805286895524306
19522,0.9007284436455227
19523,0.904083752335092
19524,0.5494652850628803
19525,0.10612854179044941
19526,0.05956215883418117
19527,0.5345041429272447
19528,0.6627286027154862
19529,0.06679157240473109
19530,0.9807543372136068
19531,0.09931816006041962
19532,0.6797888463832117
19533,0.4510852745018818
19534,0.8663239670452347
19535,0.12819403585674083
19536,0.6720623282367173
19537,0.17548254190624316
19538,0.5534595602557625
19539,0.939735580438256
19540,0.7773384145876124
19541,0.18153788002635945
19542,0.1037917955683092
19543,0.09633488966769259
19544,0.953916905886279
19545,0.946034276714542
19546,0.8946811668421832
19547,0.23208688180735457
19548,0.06847460957584414
19549,0.03259911914175193
19550,0.43942474926705055
19551,0.4211744713723203
19552,0.30340694961103365
19553,0.057568126001439505
19554,0.5814346997774703
19555,0.15716524167392493
19556,0.10603688890632372
19557,0.9947538867812089
19558,0.0236718054630589
19559,0.21130059870179227
19560,0.19942405727644552
19561,0.9852537211382636
19562,0.2663474820751527
19563,0.6184007449262184
19564,0.2176303759911528
19565,0.479815597249106
19566,0.7277964761038681
19567,0.9230566869061393
19568,0.18055126631163218
19569,0.4317858091189507
19570,0.15936304218599875
19571,0.05735215325848099
19572,0.5535313450703868
19573,0.2572477231351521
19574,0.056083140021435135
19575,0.4806808370975983
19576,0.9930478830582544
19577,0.09429205478869743
19578,0.06454004543600754
19579,0.7257279330445172
19580,0.1538199218164065
19581,0.8090333646727774
19582,0.4163868772865928
19583,0.09568532482176641
19584,0.3224543931154778
19585,0.024861124151572035
19586,0.5383417221836663
19587,0.6135156380499878
19588,0.28074662095107183
19589,0.33734196236908504
19590,0.45710229780997363
19591,0.3492825421939344
19592,0.33594279207611133
19593,0.9675142515407359
19594,0.5634216036494952
19595,0.3349003760472637
19596,0.6801354909120998
19597,0.9147481420366269
19598,0.04411550933134608
19599,0.17225845476877605
19600,0.2633578317251965
19601,0.9579463092427702
19602,0.9693687989890835
19603,0.9153376314199676
19604,0.346877572131788
19605,0.7182602661074143
19606,0.4370496700460841
19607,0.1853868508120861
19608,0.1859438259680728
19609,0.203201502147218
19610,0.8249511034272983
19611,0.7151567074111769
19612,0.5251501801012805
19613,0.0325575222878386
19614,0.22940893332481774
19615,0.08908860414458053
19616,0.10480953752718015
19617,0.07325367698995064
19618,0.8334386938100883
19619,0.4137652709744814
19620,0.30316747500107016
19621,0.938165992424532
19622,0.27190880718299104
19623,0.11265006366911136
19624,0.20671005476059592
19625,0.14784907057919655
19626,0.7455707080178966
19627,0.07240554256756751
19628,0.43036838835620234
19629,0.09952904319033316
19630,0.2729647613424118
19631,0.3659205760990224
19632,0.42774093506654376
19633,0.43248733632603953
19634,0.0945955250400391
19635,0.39512966096594593
19636,0.7252037562205609
19637,0.936726154253895
19638,0.277828790993497
19639,0.025378608511697317
19640,0.09696723031430762
19641,0.03935952200601348
19642,0.19805881797232439
19643,0.025397513601096555
19644,0.10365472075558144
19645,0.985287673201887
19646,0.25686396357584707
19647,0.24873043868835834
19648,0.322307302900167
19649,0.8002442170649451
19650,0.04042048895698386
19651,0.07857336995528488
19652,0.5260057953967147
19653,0.060752273797337546
19654,0.9622212275899517
19655,0.13964117886969596
19656,0.3792761205874379
19657,0.16263131280459692
19658,0.9755904297633794
19659,0.017394690996895668
19660,0.6085833707728009
19661,0.36777143340806645
19662,0.2509761021287374
19663,0.191670229583447
19664,0.7394584595296441
19665,0.34120321499743983
19666,0.3758620545395838
19667,0.6048732651771896
19668,0.10453085317584594
19669,0.045498165946221324
19670,0.6932221090025339
19671,0.5350618692355
19672,0.2629180205246729
19673,0.4041705431100297
19674,0.30137030587787983
19675,0.49124539362660613
19676,0.20512633964429677
19677,0.008323932102784598
19678,0.014937645689017783
19679,0.4150512222021295
19680,0.16936193058742122
19681,0.961410192379717
19682,0.9939797812340285
19683,0.3936363016122224
19684,0.4063336529702972
19685,0.7980929800780325
19686,0.09648233312444314
19687,0.11987676107569506
19688,0.05666305905132172
19689,0.339627454967291
19690,0.7272707541924549
19691,0.3215036042796012
19692,0.967728822821829
19693,0.13627687126077473
19694,0.21373219099561663
19695,0.8024747065706114
19696,0.15628788361774476
19697,0.9141157769708532
19698,0.4015336502163469
19699,0.7544019802977118
19700,0.01665001355605106
19701,0.008202179105396626
19702,0.9037843527397751
19703,0.03342057027485051
19704,0.17138570573090325
19705,0.4778296852706109
19706,0.6553609487379586
19707,0.060372859471535215
19708,0.3239418334238116
19709,0.056548822397056345
19710,0.05013700727657694
19711,0.9815651059601708
19712,0.43152923637264345
19713,0.10047916954676205
19714,0.6878962651805507
19715,0.6671765213044196
19716,0.08180036117386365
19717,0.303067852680658
19718,0.06222714273938982
19719,0.031200025163000026
19720,0.6566467708305227
19721,0.05215428152385244
19722,0.8241073697066632
19723,0.9690862995310422
19724,0.030266510024024654
19725,0.6909712220181919
19726,0.04005554416953398
19727,0.37198300186437977
19728,0.5946633079196001
19729,0.49735508310997034
19730,0.2373453263070784
19731,0.6642687513895538
19732,0.16861579364215262
19733,0.284100789375315
19734,0.5336701369546026
19735,0.40815243464785056
19736,0.44214288101360827
19737,0.9984776572055205
19738,0.9580077186143758
19739,0.6331141806955316
19740,0.18394128741180713
19741,0.11529842751273987
19742,0.4586474962799334
19743,0.6348820208976861
19744,0.011506919033520023
19745,0.14059489838172498
19746,0.13923368673217854
19747,0.1268030430951777
19748,0.5616755449977924
19749,0.027705493984610027
19750,0.07515739593446252
19751,0.8402448425088533
19752,0.06364599591638567
19753,0.026131304918780216
19754,0.21213332815748553
19755,0.03092421232006732
19756,0.12219727699337851
19757,0.11994467007824731
19758,0.7636989786091469
19759,0.6375183518000301
19760,0.3019638156271472
19761,0.02540070889700692
19762,0.06074841704154193
19763,0.024725138981872376
19764,0.8697681801794879
19765,0.21272592404297425
19766,0.9125740992184584
19767,0.38762766198753346
19768,0.80232653344868
19769,0.28755400236193535
19770,0.13874051080820526
19771,0.03625057317176567
19772,0.0585284307974807
19773,0.2228042668367358
19774,0.9606588705644151
19775,0.29661047078958475
19776,0.012452181314052494
19777,0.6671226652151484
19778,0.5873642068896612
19779,0.2674735264709354
19780,0.20998008028255466
19781,0.8147863770638649
19782,0.125234292532721
19783,0.04089558602350268
19784,0.060160209140985944
19785,0.07261061873373642
19786,0.04567244060821392
19787,0.09240001299696692
19788,0.12842457707200214
19789,0.203223244517799
19790,0.8965095818165275
19791,0.8786917986820866
19792,0.16585606471915304
19793,0.31270316035509443
19794,0.880248786840209
19795,0.13880934426076885
19796,0.44592386597754574
19797,0.2932737504602569
19798,0.05765611270952158
19799,0.9934963264884016
19800,0.183281215946752
19801,0.46216904323616237
19802,0.2277765453282021
19803,0.7724074662667757
19804,0.20554682436113886
19805,0.4410907027959341
19806,0.038958513833126256
19807,0.3186859852177168
19808,0.4349251543520634
19809,0.07231216803894791
19810,0.3565057280258982
19811,0.03638513301845588
19812,0.29232718103732847
19813,0.07002844666419558
19814,0.23580459638107865
19815,0.41653769269881663
19816,0.23729175889492035
19817,0.10828803524215336
19818,0.3825320963533902
19819,0.020495390488213777
19820,0.39164426628785837
19821,0.2520401384914578
19822,0.022168046468804343
19823,0.408348998750524
19824,0.21574869522108367
19825,0.23191719412588216
19826,0.2551863802202756
19827,0.5405373781072469
19828,0.4249468125382594
19829,0.8931767286789581
19830,0.3131989940426851
19831,0.1722256394945768
19832,0.4716090248133178
19833,0.6136539694875908
19834,0.18369239662210807
19835,0.8699480098357457
19836,0.19706452027943694
19837,0.0664610361733548
19838,0.13248837268585317
19839,0.7959020456775
19840,0.43029113277150643
19841,0.8247662905683557
19842,0.18612033456014712
19843,0.19609735567373576
19844,0.04232940517396022
19845,0.8589038020431363
19846,0.068810061205081
19847,0.2961447173871887
19848,0.07413231149415701
19849,0.16562582620526942
19850,0.12208924118043446
19851,0.27096395154889197
19852,0.588742098162045
19853,0.06003295703203929
19854,0.9902222377389553
19855,0.17870371840134497
19856,0.5091595040051781
19857,0.9733216613810342
19858,0.46715671224264704
19859,0.907950208666798
19860,0.8152880047981258
19861,0.893879102517089
19862,0.39968005485158725
19863,0.5997461712424934
19864,0.3892228854610807
19865,0.27155443748267605
19866,0.44046572825330393
19867,0.2470187178328355
19868,0.3866292896057929
19869,0.3416734770275142
19870,0.47907214220833205
19871,0.5603313374239347
19872,0.36292146204996273
19873,0.6682029271502822
19874,0.0908210678075162
19875,0.3116481014026507
19876,0.029960628563197707
19877,0.3451945655368358
19878,0.024341681129171833
19879,0.20240983684780067
19880,0.4053991126407352
19881,0.08088371017931285
19882,0.09134962233698554
19883,0.13333611859054822
19884,0.7984865660919549
19885,0.9870629000865009
19886,0.12107806806426849
19887,0.14400440962884464
19888,0.6297103602801745
19889,0.6026811492053592
19890,0.4132283093924044
19891,0.7491968642379878
19892,0.23179362316614927
19893,0.08393597536266396
19894,0.14770074466701844
19895,0.5092627345185596
19896,0.05752456682909105
19897,0.7955450314939084
19898,0.38368174344847017
19899,0.2515735217585517
19900,0.44445775894676187
19901,0.2988558076091116
19902,0.20922007156689307
19903,0.8485246402146231
19904,0.1928278149853053
19905,0.1807754331033725
19906,0.5634312001872047
19907,0.13461505740162005
19908,0.025904285047644155
19909,0.08070761898620314
19910,0.8764561404939624
19911,0.6088822658405781
19912,0.0682141001220084
19913,0.1724558140767663
19914,0.07376928273367497
19915,0.648201471530027
19916,0.04931460478908509
19917,0.4392665192377939
19918,0.042811291281544976
19919,0.31357260566423145
19920,0.5854805581078003
19921,0.2052523160010713
19922,0.7258089866201214
19923,0.40223502860068766
19924,0.6803391103355377
19925,0.5218585463440115
19926,0.5115103901455713
19927,0.5480833059621293
19928,0.1367420314563551
19929,0.4733382246735417
19930,0.22183739565436938
19931,0.09700990664264394
19932,0.7035014052017288
19933,0.05096533117170164
19934,0.27090799166262663
19935,0.1851155039958313
19936,0.021902882650699063
19937,0.29744858920796324
19938,0.22410544991673512
19939,0.254167441132477
19940,0.06938247586109617
19941,0.24839533999353758
19942,0.25924853704167544
19943,0.06043828850598721
19944,0.3382829489202897
19945,0.19061175381489384
19946,0.2958424093505031
19947,0.1590990015351523
19948,0.7807190158219653
19949,0.17217120662544946
19950,0.2712253620364134
19951,0.6950988721552723
19952,0.3927430010443352
19953,0.7992291272812092
19954,0.18432190268892315
19955,0.040061323399429714
19956,0.6243248902489131
19957,0.09631596756600767
19958,0.07569702824133326
19959,0.32487344296152354
19960,0.5255556510849718
19961,0.22126329428692998
19962,0.27174880545297353
19963,0.2082053961410995
19964,0.08252652105983303
19965,0.1623262809631063
19966,0.755727767549842
19967,0.40038753086345275
19968,0.9589915790431186
19969,0.9950708479370266
19970,0.7888146615867678
19971,0.12031520700747311
19972,0.09713320696307402
19973,0.9549445088060643
19974,0.038317720518750965
19975,0.9888708318106358
19976,0.28652092329045376
19977,0.2102446015269876
19978,0.13522567655228468
19979,0.8534825270944444
19980,0.5058002451942337
19981,0.2506207337862285
19982,0.4547080575590583
19983,0.5922542296471726
19984,0.8211763694223763
19985,0.5679206891187761
19986,0.11220752372127603
19987,0.4630290325877796
19988,0.08947494646725693
19989,0.10902739167595289
19990,0.7545458142891619
19991,0.07196392820138904
19992,0.9676641079545065
19993,0.3552413044491103
19994,0.8462251447473584
19995,0.1280749773544717
19996,0.38096686474915
19997,0.0406563990143537
19998,0.025787440677852283
19999,0.04454353060149018
20000,0.2513460251649321
20001,0.03381899181917709
20002,0.054191066342910627
20003,0.6169176577045447
20004,0.8842102283509218
20005,0.6865423630817009
20006,0.9923606389273809
20007,0.5024709219423154
20008,0.6196272124010576
20009,0.15966287982422026
20010,0.1039271875633553
20011,0.5308250337506156
20012,0.086971819387158
20013,0.31643566694352465
20014,0.18386144394130816
20015,0.4943306016223743
20016,0.18669660502219734
20017,0.22312439331281164
20018,0.07390838451879883
20019,0.02999794683281105
20020,0.24944533535746874
20021,0.2878697090021857
20022,0.6348718350224246
20023,0.3014302637817731
20024,0.3117709507446072
20025,0.27669468911892564
20026,0.2884901324799069
20027,0.9661474362203669
20028,0.09164914556243851
20029,0.7952583270433319
20030,0.2346161932754368
20031,0.08538395776782562
20032,0.16611447117915754
20033,0.5653987345787085
20034,0.08546519222940313
20035,0.6740300320374618
20036,0.08714733301611269
20037,0.07810089077121883
20038,0.9410968493657385
20039,0.5688043936208775
20040,0.04932050261769182
20041,0.099408789297338
20042,0.13931166234788497
20043,0.2848198785947451
20044,0.15900838718620386
20045,0.43709645297908745
20046,0.9488889115237761
20047,0.9149310893183497
20048,0.06846318418010394
20049,0.947119250335994
20050,0.968375201813191
20051,0.20908503121014113
20052,0.3201618097033182
20053,0.6304450979081588
20054,0.17005339069253
20055,0.4284860057860399
20056,0.03373221426532246
20057,0.1845657673827841
20058,0.39826673773666926
20059,0.2758593262416964
20060,0.5322545127425297
20061,0.2991029554503107
20062,0.14519870144783495
20063,0.033000240703326564
20064,0.189663333968995
20065,0.7978858628341933
20066,0.8224440100116268
20067,0.16765769870188532
20068,0.665923207370433
20069,0.864172693405635
20070,0.11880864782743457
20071,0.1717583356760469
20072,0.41058864748647717
20073,0.11104848406778646
20074,0.06448350754531561
20075,0.04986406511933377
20076,0.5671903452548597
20077,0.1511787217869614
20078,0.20905598298251096
20079,0.14172590791232656
20080,0.7377033128653125
20081,0.8645157193805816
20082,0.26638053835492054
20083,0.48528050737305184
20084,0.9350649108739179
20085,0.11291885169287903
20086,0.02132249042986716
20087,0.4440629133177074
20088,0.5651622505596207
20089,0.2898732244310781
20090,0.574006800785089
20091,0.3540953379716134
20092,0.10980137070442733
20093,0.477836908819136
20094,0.4449217175121379
20095,0.8986706295985649
20096,0.8142800037050887
20097,0.5383012853663841
20098,0.02893381469708075
20099,0.20506559742706643
20100,0.8694487918472568
20101,0.6240878571951983
20102,0.3938801817271197
20103,0.2148301982043483
20104,0.9411621359473896
20105,0.282811409296009
20106,0.29995241641328363
20107,0.9672908509506133
20108,0.153235057374001
20109,0.5022885340488911
20110,0.932609642395439
20111,0.0944511173869177
20112,0.3038410408630879
20113,0.24839058632494126
20114,0.9550717780002265
20115,0.9773921316740234
20116,0.3778438194220785
20117,0.02431115665552369
20118,0.053908322225904234
20119,0.3596380568134747
20120,0.39588283302869925
20121,0.08079548928533822
20122,0.54026064538938
20123,0.22365384579060665
20124,0.41497365688363835
20125,0.3749071368975626
20126,0.3898691090614941
20127,0.28134542905120286
20128,0.9554496590968615
20129,0.4604511241111953
20130,0.7495014234086401
20131,0.07774604630572719
20132,0.2554870554874047
20133,0.012020225354779738
20134,0.18648873848263883
20135,0.9042643651774753
20136,0.02422655068707028
20137,0.04080282036825592
20138,0.9961978616756973
20139,0.17486053769055293
20140,0.5793875498299507
20141,0.006121012474157232
20142,0.3448892736638978
20143,0.15766947330125977
20144,0.3656402784676923
20145,0.03434715047026168
20146,0.029397132686518168
20147,0.45774887832363376
20148,0.04749362085404092
20149,0.7674867496199617
20150,0.5604708083499863
20151,0.9917776559048637
20152,0.11530046947006535
20153,0.62040558527012
20154,0.0799815462635618
20155,0.012277204162847303
20156,0.024311958048986823
20157,0.712110022800232
20158,0.2522312122463037
20159,0.650119427446772
20160,0.977314699215903
20161,0.014593223647174806
20162,0.09358799912965064
20163,0.3550925035567045
20164,0.5560098471368458
20165,0.401081469209994
20166,0.1120791171638104
20167,0.8704896166257304
20168,0.0212353242101214
20169,0.06765424506698188
20170,0.2599097667967175
20171,0.8766982791329535
20172,0.9912904582495792
20173,0.9969595838263305
20174,0.23144975321594302
20175,0.5618533409748987
20176,0.16830353421368105
20177,0.07111347440258783
20178,0.225129839058485
20179,0.06567591144204
20180,0.21846963393646512
20181,0.1261433457925501
20182,0.2176411840060443
20183,0.1446613060899398
20184,0.9414308087270707
20185,0.5563119059891504
20186,0.4031336091700775
20187,0.012150405071386702
20188,0.49067981470520955
20189,0.1531198556378065
20190,0.9602425497569074
20191,0.09826244463512396
20192,0.9603312716052721
20193,0.12478241798494075
20194,0.15077691266212573
20195,0.860456413436784
20196,0.16146024936802775
20197,0.297397247765114
20198,0.05800839443045883
20199,0.3177434976492311
20200,0.13292382293005406
20201,0.4828130902655238
20202,0.04778446084342394
20203,0.08131951237154018
20204,0.13258101738956235
20205,0.06658757059504843
20206,0.17581832973789097
20207,0.5043669834536507
20208,0.1530883293483736
20209,0.08887685937752464
20210,0.18898813032767928
20211,0.43940519985922855
20212,0.9528853500174639
20213,0.08832639927582014
20214,0.5984827412716803
20215,0.493149315773786
20216,0.3234451696786238
20217,0.27782341198794974
20218,0.5215394287896815
20219,0.987832858584872
20220,0.26206632688800763
20221,0.9116499583412276
20222,0.12526072294674384
20223,0.14802528297402634
20224,0.1052542870153653
20225,0.13374453265542358
20226,0.06706958818029382
20227,0.8636892295619765
20228,0.9437891384714102
20229,0.32021597018184783
20230,0.1383249562821542
20231,0.925291457709187
20232,0.5455916046341187
20233,0.11789639021276986
20234,0.15246332074904603
20235,0.18962606753536995
20236,0.729161661676212
20237,0.8183699741224686
20238,0.4667031085684641
20239,0.14138454267419162
20240,0.013463222330766259
20241,0.024269272484821258
20242,0.017255798269273034
20243,0.14075702092637948
20244,0.11705999585130106
20245,0.9890594133257298
20246,0.9090594893600104
20247,0.35985315728954853
20248,0.3369444425577448
20249,0.8029199406177949
20250,0.18469264801719434
20251,0.20238889936232082
20252,0.11696519122571365
20253,0.04706785620628738
20254,0.11303137934173357
20255,0.3720339411931687
20256,0.892681087712346
20257,0.9659274305439476
20258,0.6617981324982979
20259,0.7563974405828423
20260,0.0903820718938815
20261,0.7354563080145881
20262,0.22300184587696117
20263,0.15013844621243735
20264,0.1665868291141303
20265,0.5110792444372522
20266,0.9734194716937189
20267,0.7234868667500344
20268,0.11005624960291648
20269,0.16042136274026067
20270,0.16168576125810846
20271,0.45746837587410033
20272,0.25448840668373796
20273,0.33678822021963745
20274,0.5909756210992566
20275,0.017851020738437074
20276,0.8016022319162996
20277,0.9261400712252634
20278,0.24248662101616722
20279,0.7528853532830828
20280,0.12500105722890453
20281,0.9328364990097774
20282,0.28507669841228
20283,0.7530186484902659
20284,0.2219502638865925
20285,0.8209816983153878
20286,0.06726193065141699
20287,0.037504497947295455
20288,0.0924310452004005
20289,0.9002297469441234
20290,0.04838387515476204
20291,0.20628963641449335
20292,0.9314965281463795
20293,0.7842746016950144
20294,0.14281807983937753
20295,0.3059458631061247
20296,0.6042406551399415
20297,0.2110240844459165
20298,0.2372328017299237
20299,0.9272093103094088
20300,0.3918711664755934
20301,0.05313578158505148
20302,0.9894341677142292
20303,0.044715513060426884
20304,0.5036723760706164
20305,0.040273675818420895
20306,0.01991558050564737
20307,0.41843222383077877
20308,0.3119549240698525
20309,0.29426708646212185
20310,0.47125108151228956
20311,0.12244242703515688
20312,0.167326589459878
20313,0.07226684445454598
20314,0.949672155567444
20315,0.9615476208247571
20316,0.1779267555003577
20317,0.02188489291460812
20318,0.27745525213247557
20319,0.9174783235647507
20320,0.9780547898852405
20321,0.14004367499133064
20322,0.21211104404737624
20323,0.023752804325895993
20324,0.8880961297411936
20325,0.06143984427906462
20326,0.6581426408420046
20327,0.10095271747913989
20328,0.2514714303893438
20329,0.19370245415389187
20330,0.9008569675387144
20331,0.024698128529539523
20332,0.6192475276756887
20333,0.6863811850672016
20334,0.9115721951520936
20335,0.7054794111324875
20336,0.20667436680447257
20337,0.09899343647365932
20338,0.24392498755530473
20339,0.9363116885811918
20340,0.16955677739545225
20341,0.24117689193313258
20342,0.10130817864170116
20343,0.9384399052865972
20344,0.09229060640730137
20345,0.9747831952093603
20346,0.16620545720236082
20347,0.16809911052446544
20348,0.9121927260890028
20349,0.312607294988593
20350,0.03535969968660217
20351,0.18478861419433246
20352,0.6675276207355971
20353,0.17060844340536033
20354,0.47393897621781966
20355,0.4951893096464107
20356,0.09950542873863534
20357,0.9876497119372923
20358,0.25524612776502936
20359,0.33289218099033496
20360,0.7205355379135533
20361,0.25683104515038124
20362,0.22150763558255332
20363,0.11386102685354371
20364,0.8830661856518623
20365,0.13851617072611355
20366,0.08417419049881478
20367,0.08779630459512744
20368,0.26934480584721593
20369,0.1210705271195308
20370,0.32341721884785374
20371,0.2754192446174722
20372,0.07762700995186701
20373,0.7030632607363929
20374,0.03648925084862597
20375,0.447988139166864
20376,0.2275506501826417
20377,0.010962746895115935
20378,0.03939948020053936
20379,0.6678517758854223
20380,0.07014085245324853
20381,0.9158667426884869
20382,0.23387361495938622
20383,0.9511367664985534
20384,0.16935759675032197
20385,0.10453686629878434
20386,0.1250875843686142
20387,0.297326392080699
20388,0.17904424633292723
20389,0.29813205486839855
20390,0.831096567980423
20391,0.6659467038512606
20392,0.7927958238681934
20393,0.23405383862696394
20394,0.2824106815079444
20395,0.39766842263396684
20396,0.21103519204445634
20397,0.03816961019855316
20398,0.973571271677271
20399,0.25911726504145804
20400,0.35754772664739953
20401,0.1352907594700835
20402,0.8714667021120609
20403,0.16056748311420282
20404,0.055248103417119755
20405,0.15988069494145973
20406,0.03048656305404735
20407,0.5765466706361604
20408,0.8346214108379089
20409,0.7089634309948523
20410,0.6798735331288048
20411,0.24123239846574018
20412,0.09955607899083656
20413,0.24183176245434662
20414,0.9949100836840997
20415,0.9016629299693043
20416,0.3195871820936617
20417,0.45077870180412327
20418,0.21920633167593379
20419,0.1336676292309557
20420,0.42158078034339225
20421,0.5229705705820258
20422,0.04249623567431807
20423,0.11397625870837845
20424,0.5701772142746935
20425,0.025630097108334114
20426,0.8233929775706124
20427,0.041395103323473924
20428,0.9557470006427777
20429,0.2617328338416768
20430,0.052976291567523995
20431,0.2464959470259753
20432,0.14989514990191627
20433,0.4796588588664669
20434,0.20566261464078117
20435,0.023853766139493766
20436,0.0291480769968526
20437,0.9727195568737387
20438,0.97531595416214
20439,0.17988674036857474
20440,0.2540906676516908
20441,0.31960634389891457
20442,0.04531426696662844
20443,0.7115724360644922
20444,0.6992517094553188
20445,0.31638935653216504
20446,0.2576429093960208
20447,0.8852693045667217
20448,0.8247376300026538
20449,0.06845261797345016
20450,0.8883217886277233
20451,0.9729355059055124
20452,0.31549947983288196
20453,0.1260314847129327
20454,0.34087322956010757
20455,0.10671896776454072
20456,0.05809098504211422
20457,0.02965519025523129
20458,0.5870850624463044
20459,0.9443923398093049
20460,0.9364334468663846
20461,0.1850285798741009
20462,0.14267329255793054
20463,0.6603697412200081
20464,0.012455593349475939
20465,0.17927808036589593
20466,0.27009393945833043
20467,0.9545087081791457
20468,0.09886076609227984
20469,0.7340498349815592
20470,0.06219124553104489
20471,0.7370852119748604
20472,0.16505100088363514
20473,0.12006000568203697
20474,0.06261539274339852
20475,0.08271744435199878
20476,0.01867403317244579
20477,0.9748640854515298
20478,0.5853859816056985
20479,0.6580086654060556
20480,0.315265914233342
20481,0.24577613806556264
20482,0.3847983521629863
20483,0.18493721999008836
20484,0.20921167663286075
20485,0.03476587868321636
20486,0.3706760090325788
20487,0.8229320726576143
20488,0.05316207202039673
20489,0.02898385741999113
20490,0.5789924457409372
20491,0.13276620179225104
20492,0.22860321612303539
20493,0.20808364578307126
20494,0.4124541308946489
20495,0.07708924757344364
20496,0.08185904006704961
20497,0.029475191225491214
20498,0.3756016284444986
20499,0.8926934700620213
20500,0.06256651098776753
20501,0.054319224144852386
20502,0.7982293101314302
20503,0.737981769078136
20504,0.3841038976592245
20505,0.9665827433180952
20506,0.14007346754422734
20507,0.3368747892884245
20508,0.71477891933053
20509,0.8738587554725444
20510,0.35033646037774424
20511,0.01239165677303992
20512,0.9692181018748374
20513,0.8758897236912736
20514,0.23269573218378523
20515,0.9093014905913293
20516,0.23584294048324345
20517,0.4622538244609606
20518,0.08410942039977859
20519,0.06092858366397797
20520,0.1985319120027144
20521,0.9368307181640174
20522,0.1053740130380013
20523,0.6087138721273994
20524,0.9314408082267792
20525,0.2282000895706234
20526,0.039600050923270916
20527,0.14200042259696452
20528,0.03831136584614246
20529,0.3275492594680215
20530,0.26594773615049744
20531,0.5757991101414512
20532,0.6668205267156364
20533,0.2658882771503461
20534,0.05498609336366735
20535,0.17893687397026753
20536,0.04998524256425679
20537,0.8259952425451342
20538,0.5000356830836822
20539,0.1426044502532065
20540,0.720262291247082
20541,0.11432466476729998
20542,0.3515659449632917
20543,0.5868791216029154
20544,0.9749388560819953
20545,0.8414208906086406
20546,0.045833069999937234
20547,0.5092841662070932
20548,0.8181224207643245
20549,0.21822281213399944
20550,0.6064962939366348
20551,0.1021274595415974
20552,0.6934236757815739
20553,0.180664970126457
20554,0.4133139064968466
20555,0.4875048473749796
20556,0.5785084158562831
20557,0.5891365681573618
20558,0.021650832404445725
20559,0.061607708071457344
20560,0.23440693642760363
20561,0.048154992154832744
20562,0.012917909198907649
20563,0.08390115975175591
20564,0.11994769039112248
20565,0.759264851668485
20566,0.39711186235002693
20567,0.04622180401113025
20568,0.16416903526967838
20569,0.12436911886567585
20570,0.46070799004608937
20571,0.02552733922839323
20572,0.07658820882906366
20573,0.2532072042006708
20574,0.4865511686696319
20575,0.10588392999515722
20576,0.4902337189962347
20577,0.6102763295877652
20578,0.8871227769534243
20579,0.20773042442961373
20580,0.040683723054493186
20581,0.6084082524107579
20582,0.44555230883656205
20583,0.8167583905039313
20584,0.14698168911986143
20585,0.11202026114976267
20586,0.2509365474766771
20587,0.4287670446980896
20588,0.37632457059200036
20589,0.07469038124941556
20590,0.44345426255059056
20591,0.14671829918489607
20592,0.9924702986968061
20593,0.7900396479976557
20594,0.4308915471424896
20595,0.21494714616132285
20596,0.5940667447544838
20597,0.08555968009902842
20598,0.8813498838922099
20599,0.9223758641408903
20600,0.9022045723399325
20601,0.029412407305565196
20602,0.8394214119125898
20603,0.24877533727456727
20604,0.34434967006763006
20605,0.18826707801690576
20606,0.6235601913503008
20607,0.15470472551238268
20608,0.9968264208679145
20609,0.8772222602202402
20610,0.9856250393021213
20611,0.4419192873603258
20612,0.08767795269006241
20613,0.42344409175950354
20614,0.5679452374798626
20615,0.7021166248973622
20616,0.6232484514571378
20617,0.10124234027515606
20618,0.1276876195708924
20619,0.02398496746599376
20620,0.41437026780181074
20621,0.11740318925081733
20622,0.04520072574102212
20623,0.3373749088864998
20624,0.8452848039581925
20625,0.4724940432288498
20626,0.12474095421557553
20627,0.14097437657032108
20628,0.28138948409905945
20629,0.9643288550886204
20630,0.21286406554652565
20631,0.361916524775355
20632,0.3643877748351478
20633,0.03747339380444647
20634,0.8444816498025154
20635,0.10484558239846957
20636,0.06962000619783265
20637,0.5875047649558214
20638,0.7962180763277079
20639,0.14677115026390636
20640,0.4384414130476372
20641,0.054821006196142844
20642,0.08954762183827951
20643,0.349540395001852
20644,0.8491916656508397
20645,0.3856767338035274
20646,0.11194838956467432
20647,0.25375782083749515
20648,0.14282727276777626
20649,0.2823847257685021
20650,0.5497603929661171
20651,0.4164513725870769
20652,0.629442397326298
20653,0.31638405273445425
20654,0.7967046099467741
20655,0.2877815962225587
20656,0.8181304336336263
20657,0.5619744669103732
20658,0.4364763092759312
20659,0.8912443494182339
20660,0.5061671762272285
20661,0.23896607471288603
20662,0.09383896884596751
20663,0.08632818312319152
20664,0.0734575295821655
20665,0.24350574609965944
20666,0.28560225647264403
20667,0.27924355665390116
20668,0.2626295104559529
20669,0.5675562419309548
20670,0.683548653020369
20671,0.26913077545575553
20672,0.9187609966800968
20673,0.15666276597199746
20674,0.09853139355397819
20675,0.0851522121783336
20676,0.4905898671949389
20677,0.18254542278236563
20678,0.14802874396837057
20679,0.1396852964627697
20680,0.9121327810666009
20681,0.025754012011636587
20682,0.6504884529541272
20683,0.02155012642909705
20684,0.12234762181112878
20685,0.15434564593817401
20686,0.2910297620040938
20687,0.3561114035427997
20688,0.9608421505512027
20689,0.8156497953612178
20690,0.13323085206797727
20691,0.013902342221223126
20692,0.5712812082857837
20693,0.1377727652231393
20694,0.035868507029050666
20695,0.32552530548690717
20696,0.046591627327181605
20697,0.9816154364297622
20698,0.36859457610970986
20699,0.08022029796248965
20700,0.06354339181457035
20701,0.6620543586128782
20702,0.0427583847151537
20703,0.8692799001092348
20704,0.09286761644157947
20705,0.37454198423213725
20706,0.17767333695209878
20707,0.29173771355757666
20708,0.23184172188126545
20709,0.0890688603454691
20710,0.5110432560763245
20711,0.0375116640368171
20712,0.6605212608164539
20713,0.8410569104682031
20714,0.8488179718216698
20715,0.06718821651026487
20716,0.5361354033658647
20717,0.31438699589236735
20718,0.5773873519429702
20719,0.03528668291021103
20720,0.15686643847240533
20721,0.5752209641468861
20722,0.5279288193501637
20723,0.18123835019630963
20724,0.044023129631847485
20725,0.06396623493384637
20726,0.2195951396939395
20727,0.882863818924477
20728,0.2054680707450288
20729,0.1320136051173558
20730,0.3180954545791504
20731,0.584028038200426
20732,0.19718084114631387
20733,0.9497473279536651
20734,0.46097860821351544
20735,0.6656498949923103
20736,0.10299139296623254
20737,0.68411813028215
20738,0.9047780565234191
20739,0.44164455689087034
20740,0.150461946611609
20741,0.791229204169792
20742,0.07761446991343839
20743,0.37358718152935333
20744,0.5842819889190775
20745,0.8371418696637781
20746,0.41297470576236417
20747,0.5364387563622872
20748,0.3785240453179683
20749,0.11572682283301335
20750,0.18800713996871274
20751,0.9901307776757238
20752,0.11428696396844476
20753,0.6574705964671247
20754,0.1607095328202083
20755,0.44534065419901064
20756,0.21653378132365594
20757,0.20051356976942453
20758,0.28940893502201526
20759,0.46216617231516766
20760,0.2791990463873068
20761,0.25969261855696113
20762,0.6745825586543174
20763,0.08453406884194291
20764,0.8545326952557466
20765,0.3487807256513521
20766,0.2870303690840934
20767,0.847720685956472
20768,0.10224461747912134
20769,0.28884486784647506
20770,0.15647599744012747
20771,0.18398574364907075
20772,0.24492356680101374
20773,0.020150091506865524
20774,0.07966958861853991
20775,0.2087344224507607
20776,0.5147060984313564
20777,0.11529630074633478
20778,0.13751502050808445
20779,0.9322754176999589
20780,0.9710736491752358
20781,0.5703191065142367
20782,0.1687426986080491
20783,0.8096108884612415
20784,0.11454018162243787
20785,0.03583229060475878
20786,0.9828294502158454
20787,0.6053615724755794
20788,0.5993619190205715
20789,0.841010499600208
20790,0.07622757563024957
20791,0.6627994469050359
20792,0.18514399830378922
20793,0.029459079129461257
20794,0.07292962364745575
20795,0.045331868574516244
20796,0.8794990525978279
20797,0.7121668482985087
20798,0.08870464872539632
20799,0.9696639585004104
20800,0.9470760454697176
20801,0.8855727506824576
20802,0.43915185510870003
20803,0.9472301495372115
20804,0.061509129082114596
20805,0.17774291803152367
20806,0.6349062897353989
20807,0.292920925697995
20808,0.27930899669095455
20809,0.5632708955190003
20810,0.3495785918757885
20811,0.2560205330985761
20812,0.17626236474744836
20813,0.15675973833769613
20814,0.2976040468407138
20815,0.8096778749301019
20816,0.37106986537598674
20817,0.020759506336517904
20818,0.004570178011502734
20819,0.2073031212667711
20820,0.8423555952273796
20821,0.975880541991917
20822,0.30141083545681785
20823,0.02301213375126762
20824,0.17197799270590206
20825,0.7167771611438535
20826,0.367878319672806
20827,0.5469152277935678
20828,0.6122930872092361
20829,0.35020103259405155
20830,0.9304655670424125
20831,0.2975386116522876
20832,0.3827372779428643
20833,0.8568607402646308
20834,0.8636558362704156
20835,0.2029303396394432
20836,0.9459700598490683
20837,0.030715256141121555
20838,0.3529391622888764
20839,0.2717855396118443
20840,0.22253665468051187
20841,0.26109793953456106
20842,0.8357479327344366
20843,0.04381264618752642
20844,0.4769400118727708
20845,0.8704911092459546
20846,0.04341898174587841
20847,0.3214776917930956
20848,0.02157363710229899
20849,0.0991543321102344
20850,0.15631107368092229
20851,0.4109746658315725
20852,0.9432723045900681
20853,0.18898470538508133
20854,0.06009015724830812
20855,0.4822315066470527
20856,0.6001958534825004
20857,0.7566508037722156
20858,0.974537348740824
20859,0.19671948207137244
20860,0.2999722202239287
20861,0.31815609866901695
20862,0.25741149751059006
20863,0.550046266895547
20864,0.11470251872901847
20865,0.3510970227448866
20866,0.345284692939993
20867,0.1146675851001879
20868,0.9227372737664509
20869,0.04292504904112109
20870,0.06733748134316979
20871,0.09385441568875273
20872,0.17637397681581274
20873,0.07396651166703987
20874,0.9139482038519974
20875,0.520756417709705
20876,0.26721156631979415
20877,0.5265491159172532
20878,0.09831608218292638
20879,0.04000003754362011
20880,0.2032948413436615
20881,0.2688045461027865
20882,0.7949482153234084
20883,0.11075653242053582
20884,0.11911726113547703
20885,0.12781611094380754
20886,0.5135576449612227
20887,0.06794886472910164
20888,0.29748046358059926
20889,0.08424048223009718
20890,0.0936382885884162
20891,0.21410641655710547
20892,0.07848288753552096
20893,0.7483461227964582
20894,0.31508020269815346
20895,0.27570240090043424
20896,0.8476059069747202
20897,0.006160125635502102
20898,0.39974812992934067
20899,0.7313715681543546
20900,0.160708083901534
20901,0.2012179002647672
20902,0.7451974481391097
20903,0.9280467038405285
20904,0.180991231833394
20905,0.50716853819518
20906,0.19673852875110615
20907,0.13852293638872457
20908,0.025580562123902098
20909,0.13927121243791998
20910,0.7355045375114325
20911,0.6287905557091169
20912,0.024618168669579228
20913,0.8708179681410088
20914,0.507588310535819
20915,0.24672431662080252
20916,0.09501445328770194
20917,0.10963356481528935
20918,0.11010664258567332
20919,0.16316979617656666
20920,0.12141022402741417
20921,0.03232583140607925
20922,0.9028145466742024
20923,0.041421920285237876
20924,0.9297687009218119
20925,0.2960452089116488
20926,0.8509109560970863
20927,0.05895009089455529
20928,0.46617019528331693
20929,0.45319639490615776
20930,0.3709172881340894
20931,0.23638064818826485
20932,0.06152847744243045
20933,0.11570520745776934
20934,0.19615485604437025
20935,0.33777842367487426
20936,0.9629034659409669
20937,0.13390772622385536
20938,0.24260177669268862
20939,0.1615753806535083
20940,0.6950683795238565
20941,0.11534714255740507
20942,0.3504398262381663
20943,0.7131403711106614
20944,0.8943486390870936
20945,0.1846452401521255
20946,0.8935689902288466
20947,0.17819309754873436
20948,0.14216167101850563
20949,0.3411757008860593
20950,0.1373266415129951
20951,0.11925506689639259
20952,0.8430256870807281
20953,0.27723370627504873
20954,0.11743626090593416
20955,0.7743579917524253
20956,0.1299718129188242
20957,0.21133745185886843
20958,0.36326247211953955
20959,0.6889035390438814
20960,0.13367669191906387
20961,0.37413290834362556
20962,0.4303096725782083
20963,0.2332835980341176
20964,0.1592161178406513
20965,0.22509608024961228
20966,0.7669150587698437
20967,0.47143172360819924
20968,0.3483439030090799
20969,0.19513966837620877
20970,0.03785559764573531
20971,0.38050024028370244
20972,0.05752766842714693
20973,0.19699288121568978
20974,0.05239977383188319
20975,0.49971034158172667
20976,0.08168630235486025
20977,0.4827888004488276
20978,0.36490834795552246
20979,0.0713339437967551
20980,0.5796641142700552
20981,0.16152635709004182
20982,0.10848482915984102
20983,0.28533172190617867
20984,0.11769252395777584
20985,0.14700932324915372
20986,0.6570900235757594
20987,0.9777042031039366
20988,0.8087428431327776
20989,0.1374148982993981
20990,0.8674830891816572
20991,0.14180719920662227
20992,0.21057876023023095
20993,0.09802970187608151
20994,0.33657992239604023
20995,0.3880830538319884
20996,0.14029450857307782
20997,0.2593298219974939
20998,0.448637222494916
20999,0.19280156124925568
21000,0.9951914010826765
21001,0.14348248440837125
21002,0.8543800034923292
21003,0.057716958393434575
21004,0.8876337515131278
21005,0.18093939270244996
21006,0.9647813798239523
21007,0.06725219625757216
21008,0.2625586861867007
21009,0.38915729290542495
21010,0.9190953257701167
21011,0.6213450255042046
21012,0.12203929774697013
21013,0.09867546161153405
21014,0.3215770359744028
21015,0.35424372695805934
21016,0.1727147802230093
21017,0.10592005706484675
21018,0.049729167750654585
21019,0.59317495755315
21020,0.17065228452876566
21021,0.15047018719318342
21022,0.9047124310154304
21023,0.19918435456489156
21024,0.9210055426284508
21025,0.2758439721363429
21026,0.3826997071995954
21027,0.9214009011099998
21028,0.7815250251301561
21029,0.4111814294105099
21030,0.09866911367875571
21031,0.8885060249205067
21032,0.5385616809917659
21033,0.8832376847412109
21034,0.25947395444804755
21035,0.3333180355894833
21036,0.909821695352083
21037,0.6238064501340457
21038,0.13108974385542219
21039,0.9818843357715173
21040,0.17847363843340333
21041,0.22012022134084994
21042,0.5026984368544365
21043,0.14014645614104945
21044,0.9725352828124392
21045,0.4679312487238398
21046,0.751447902008855
21047,0.9418125021234911
21048,0.17688008306481928
21049,0.9846904364726693
21050,0.10159601183816137
21051,0.720161135332934
21052,0.14761251661844643
21053,0.9116948630577459
21054,0.8391533056710344
21055,0.23751428380566525
21056,0.25647676101921285
21057,0.9882893435517095
21058,0.16421581553645775
21059,0.9184490470508332
21060,0.9436944942259322
21061,0.4245631765098959
21062,0.050946600452703425
21063,0.16170624482471826
21064,0.7896819741622831
21065,0.33657709739510655
21066,0.125289024366054
21067,0.040233797436214844
21068,0.5024429322190873
21069,0.33713936370423236
21070,0.31018096612462387
21071,0.628866528341929
21072,0.11027632743976121
21073,0.6869262095322235
21074,0.23790110748574594
21075,0.4099489866851714
21076,0.22334970189090808
21077,0.48184514692462427
21078,0.524522323460829
21079,0.9456865818606893
21080,0.5630355194043852
21081,0.4081534332935845
21082,0.5592586556351062
21083,0.09888918525559691
21084,0.7152358130617905
21085,0.049401988730899016
21086,0.5615068524932654
21087,0.5905906823737178
21088,0.42924149547064716
21089,0.5754022048275443
21090,0.07686328276258256
21091,0.23711862176659115
21092,0.3403119906265703
21093,0.051211499490093
21094,0.13471683920815186
21095,0.16674210497165598
21096,0.11990421978765228
21097,0.0505445121498678
21098,0.3009585597868013
21099,0.4360625857784504
21100,0.3906836516795155
21101,0.1098175940262886
21102,0.10608334752229463
21103,0.4686123482359934
21104,0.4492634906997189
21105,0.07596235621616897
21106,0.9664878559367971
21107,0.4685543194343619
21108,0.50355700699882
21109,0.9580342604480767
21110,0.8672537246156726
21111,0.9184276336094824
21112,0.03972391994156031
21113,0.23999704468796862
21114,0.9808591895975961
21115,0.5598731781428359
21116,0.9485317629204209
21117,0.29294174138333245
21118,0.0985308358845914
21119,0.9542764424477242
21120,0.057943524145328766
21121,0.6276221267057125
21122,0.2570326948239607
21123,0.5772953797586199
21124,0.30963886319830247
21125,0.3137992083373164
21126,0.04414619223713663
21127,0.24375682065545792
21128,0.041757612700225766
21129,0.12419224480712739
21130,0.8739328226928985
21131,0.7614885778261974
21132,0.5157561608799323
21133,0.09367475377918469
21134,0.1298079610203958
21135,0.9306070291474351
21136,0.04250548586766005
21137,0.06378523639094232
21138,0.05659442334686733
21139,0.4199250821723287
21140,0.7730782434181679
21141,0.17547480790784997
21142,0.4392558271585004
21143,0.2859766601777399
21144,0.11678553903091858
21145,0.3163369349233009
21146,0.41430996874611814
21147,0.7898734910933409
21148,0.5430637594084654
21149,0.15504052227866458
21150,0.23608723617344765
21151,0.9506900594184331
21152,0.14849513201729395
21153,0.8128925870549696
21154,0.1191293759357376
21155,0.4064413705264268
21156,0.837181217101792
21157,0.3797298621976488
21158,0.34900309837779214
21159,0.10592184115962913
21160,0.25375441858344533
21161,0.02910587739402726
21162,0.4919331235698704
21163,0.837831358050786
21164,0.20785902454025867
21165,0.40714513838707833
21166,0.9632566718950422
21167,0.7689550988618069
21168,0.09240943044395054
21169,0.7111235814978805
21170,0.6845870139874556
21171,0.5637210180453474
21172,0.2898098417223884
21173,0.13782507432556015
21174,0.41834482790224226
21175,0.4479331128763067
21176,0.08062162730117252
21177,0.6684344961532482
21178,0.924457939777719
21179,0.051628947439328964
21180,0.9594013497659057
21181,0.44913745720036136
21182,0.05482117855437799
21183,0.3582732499169863
21184,0.8961783226788879
21185,0.2586180057883078
21186,0.1154134411936423
21187,0.0537229921116873
21188,0.04279978983230514
21189,0.03916516340917319
21190,0.30459695391370534
21191,0.8355959001327202
21192,0.5537946116778286
21193,0.7930168866310677
21194,0.4286338139456082
21195,0.1552830144342912
21196,0.4049631471030306
21197,0.044064600477338664
21198,0.22064270201638014
21199,0.8634800213042686
21200,0.1671062919381553
21201,0.10843537546922433
21202,0.08974702190596473
21203,0.4751368276780234
21204,0.20191958302085034
21205,0.02279847263524071
21206,0.9699084468697712
21207,0.04742180514971857
21208,0.06290643522757393
21209,0.9708423044962105
21210,0.33741812341259775
21211,0.97887206571907
21212,0.1062538155448333
21213,0.9529996289777308
21214,0.14558914443107718
21215,0.44181684464353943
21216,0.9634327810504894
21217,0.498813735302394
21218,0.1400914982866776
21219,0.10540651419263626
21220,0.5482249967699862
21221,0.22024744945861813
21222,0.10663931203740272
21223,0.37696095965675935
21224,0.7385010613708822
21225,0.108855431899391
21226,0.6925887864870718
21227,0.178506045855578
21228,0.9574569120690203
21229,0.968738551910952
21230,0.5868255135633885
21231,0.7678091074538484
21232,0.287246873950432
21233,0.4671253562930916
21234,0.07446328801640772
21235,0.5774599733511331
21236,0.8471765167025228
21237,0.09097458848855343
21238,0.09517909597577227
21239,0.1959397200989619
21240,0.03535599949785674
21241,0.5538138136138082
21242,0.9055243195409499
21243,0.5424370589097061
21244,0.4919124404010568
21245,0.9470907416339237
21246,0.04637606815105253
21247,0.1769905738068053
21248,0.2755726015735949
21249,0.9847776490438284
21250,0.027195480101273147
21251,0.1404326627554737
21252,0.16957987830931556
21253,0.10010469228843615
21254,0.1827662306443091
21255,0.24445023209997102
21256,0.3457484735082814
21257,0.825227435291285
21258,0.26385310578165533
21259,0.24007479290310044
21260,0.1275164414736426
21261,0.24211767831170158
21262,0.15364935575009583
21263,0.2849150129759026
21264,0.0832523831419499
21265,0.22661846322979418
21266,0.02133159735268248
21267,0.05863227626986633
21268,0.9646903470894557
21269,0.7599342531504781
21270,0.20362977582175748
21271,0.5855670178218219
21272,0.6573220235262912
21273,0.08366641336694154
21274,0.08029460202172445
21275,0.5831371044060468
21276,0.025481317078719052
21277,0.3450599962840254
21278,0.8623708570516732
21279,0.6805669887407682
21280,0.15295166553722014
21281,0.027462787307957676
21282,0.5225256778324746
21283,0.640691547060696
21284,0.9488008562823983
21285,0.31813986996559374
21286,0.432590420943579
21287,0.04428747470985145
21288,0.21904915952024015
21289,0.16435954827407115
21290,0.7365629071087464
21291,0.03935384707978881
21292,0.23398839904045304
21293,0.23214856315821297
21294,0.2754117320317247
21295,0.7559599214117813
21296,0.08723162205331299
21297,0.42842417912037756
21298,0.34952950411374945
21299,0.7910476096499306
21300,0.6095268637019629
21301,0.9368833928510014
21302,0.9901510036524698
21303,0.048066249191726695
21304,0.04064447744949403
21305,0.1790354261367395
21306,0.1918695005509461
21307,0.016550184839077133
21308,0.5081608174502691
21309,0.5599635324571297
21310,0.06840020874585344
21311,0.5006430356359316
21312,0.6167615032851329
21313,0.18402506971040392
21314,0.3226449009215802
21315,0.21111333527553708
21316,0.7231869777664648
21317,0.6672319959783602
21318,0.788240666805006
21319,0.2024235736962272
21320,0.13979392133744117
21321,0.0430703382366633
21322,0.48549204716486966
21323,0.984422017257458
21324,0.2134060074113303
21325,0.21041759877245
21326,0.93124132564314
21327,0.03589166071937762
21328,0.31461498962753115
21329,0.2683770131441582
21330,0.04803559198278918
21331,0.05511141047581942
21332,0.5118390827232568
21333,0.03643698778157274
21334,0.8754433070651628
21335,0.5525250850288902
21336,0.16360726638588594
21337,0.576374939813789
21338,0.8554332365931859
21339,0.14500009236816158
21340,0.1958160232374536
21341,0.0820634117932612
21342,0.12821734178383046
21343,0.30422074866742876
21344,0.22390826909183095
21345,0.2592745637839543
21346,0.05596452556606709
21347,0.18266760994423936
21348,0.8678028402194168
21349,0.013950665561798914
21350,0.21137934917620968
21351,0.7939777672662404
21352,0.06012333502609252
21353,0.9394493858639978
21354,0.016648445343238005
21355,0.6395689975288413
21356,0.14181510056318716
21357,0.17409329479282407
21358,0.8839507152057237
21359,0.7468950937057296
21360,0.7547565945318032
21361,0.6256390009757181
21362,0.2659735341479515
21363,0.19145968846128128
21364,0.10010977976703196
21365,0.05498549583789083
21366,0.16547938850339897
21367,0.7408285580508346
21368,0.9958927810726399
21369,0.09424422983312655
21370,0.8356988919735239
21371,0.9621851923096432
21372,0.20719845881051258
21373,0.04123049361584737
21374,0.13063911043984605
21375,0.2488700791281499
21376,0.7894932066630924
21377,0.6604734908422021
21378,0.9198939761469602
21379,0.6594676565434375
21380,0.7314445099604849
21381,0.21169474226731733
21382,0.6054349762659015
21383,0.025661123626249227
21384,0.03595364546601333
21385,0.6265207066301669
21386,0.9851689788624439
21387,0.41294678677612884
21388,0.6183309991414998
21389,0.5955819779491077
21390,0.04258827574702569
21391,0.22858663561104345
21392,0.13987762863476988
21393,0.09895337133650016
21394,0.4110868462685518
21395,0.9639435931923231
21396,0.3561462715755928
21397,0.9136733652534229
21398,0.030398543837384787
21399,0.2163524835053656
21400,0.9241966897163405
21401,0.0427108101534
21402,0.19521606908423342
21403,0.7330991177403761
21404,0.2793255892779615
21405,0.08143842990211372
21406,0.025594837988306026
21407,0.4042528125148327
21408,0.21553445121000425
21409,0.5105390354613883
21410,0.17058601105314478
21411,0.5059234948691518
21412,0.35452301455642177
21413,0.10602834612226533
21414,0.1758497063889201
21415,0.17275914249137772
21416,0.11259970518253455
21417,0.32854287905936463
21418,0.18677862410450324
21419,0.2541170635559009
21420,0.08498647558057063
21421,0.45330444429643235
21422,0.9272734225318625
21423,0.0859675127860114
21424,0.23411037036730278
21425,0.824784533487873
21426,0.45492469667413726
21427,0.6087973596781406
21428,0.1420229204433902
21429,0.5851336464608176
21430,0.04629538826091868
21431,0.11000691785477741
21432,0.7217988270047778
21433,0.04582748309786958
21434,0.16181262424491274
21435,0.04611211973176079
21436,0.3095008346904223
21437,0.29217884778244596
21438,0.026475536695168025
21439,0.8144198323255618
21440,0.2557815529205251
21441,0.17886671165727216
21442,0.16039664086476652
21443,0.1440006882543575
21444,0.1347131907791196
21445,0.07983191953241642
21446,0.23899053354940805
21447,0.09446310200125142
21448,0.18962790877310856
21449,0.19895038401092982
21450,0.2521371435513208
21451,0.923125095229299
21452,0.8324965060575961
21453,0.07918198530252102
21454,0.46500204095347164
21455,0.841556592040881
21456,0.35717803544785914
21457,0.17481841486830382
21458,0.8595096470719329
21459,0.5296822029054021
21460,0.046408354307357715
21461,0.28189279689501817
21462,0.9335599161059672
21463,0.10230219036047836
21464,0.3454949421163294
21465,0.5932770904619772
21466,0.37555178341943024
21467,0.845758262980892
21468,0.07100410107762022
21469,0.5574337039403038
21470,0.6850506546832285
21471,0.05040325918754827
21472,0.6577423555923267
21473,0.10153167274567589
21474,0.8550200770727219
21475,0.14755513495533698
21476,0.012325557804204308
21477,0.05742021384794682
21478,0.08008612527533948
21479,0.9176802553822226
21480,0.292973596738271
21481,0.06780497248028944
21482,0.11702233347244005
21483,0.8082736175447084
21484,0.4505923155860155
21485,0.23546063673732592
21486,0.3100846244041519
21487,0.39175300988487244
21488,0.7435035332690393
21489,0.3156731762444057
21490,0.0671625684312416
21491,0.06153125496016245
21492,0.5277432929416513
21493,0.7614484398708374
21494,0.18523651461861645
21495,0.27212213386577094
21496,0.18372906348194168
21497,0.060962006693593654
21498,0.23326890328812533
21499,0.9231186655156527
21500,0.4179564463454646
21501,0.37874027948470884
21502,0.05644750433751918
21503,0.6194643035967734
21504,0.5942985500211084
21505,0.6871930546949101
21506,0.3810820581252444
21507,0.22964178650104153
21508,0.7094951108218036
21509,0.04391168773827184
21510,0.6027977606814218
21511,0.8738498762207301
21512,0.2877340670591489
21513,0.4809714319079141
21514,0.05934268558249731
21515,0.5511092023661223
21516,0.7467207858923327
21517,0.24392267603579038
21518,0.20267799999672267
21519,0.05069329384131693
21520,0.14993877982616866
21521,0.5030352566838346
21522,0.1863773562621625
21523,0.10207110135519662
21524,0.0638370365991943
21525,0.3284479934728372
21526,0.9220134545428954
21527,0.029289601739549885
21528,0.1841357624382619
21529,0.3191774760588959
21530,0.6507755583593986
21531,0.6247762428992609
21532,0.9894397003577192
21533,0.06817697609061507
21534,0.4923243111828652
21535,0.7224084452717583
21536,0.8346460178607216
21537,0.6084897657488825
21538,0.02097883941243461
21539,0.9154669852844006
21540,0.5141995613247313
21541,0.5498913310749293
21542,0.4171861517665687
21543,0.9016464302740803
21544,0.24189041359964247
21545,0.9774529025119386
21546,0.4846914549340725
21547,0.014918885245173078
21548,0.26045294024314153
21549,0.28989886878840715
21550,0.9019476053122788
21551,0.20085053286075236
21552,0.6287277845368702
21553,0.14009777148195518
21554,0.17071996876835938
21555,0.1401052351627178
21556,0.13091581649092468
21557,0.24855412886286482
21558,0.17638698911831327
21559,0.8268703817095056
21560,0.020880840117492434
21561,0.2527365782175129
21562,0.25260927134108396
21563,0.3085585080094411
21564,0.031026674136508555
21565,0.08169919225450899
21566,0.16406622133491808
21567,0.02857794089935583
21568,0.647505433565338
21569,0.39386459362427123
21570,0.6795825503467279
21571,0.0791897878434818
21572,0.9189808007701021
21573,0.4060687638993478
21574,0.1511014915603321
21575,0.9830958413892333
21576,0.6998782316335183
21577,0.5765571670031457
21578,0.13387170282971894
21579,0.21186816246439683
21580,0.11850261720681879
21581,0.5672279985871205
21582,0.2841307665587887
21583,0.5505406294667418
21584,0.2998430798159814
21585,0.16685286018176815
21586,0.8770128645217475
21587,0.17483838879128888
21588,0.7616590316387379
21589,0.034410277424625824
21590,0.4801034437349975
21591,0.4663514214941843
21592,0.14043049875760177
21593,0.9666700213219055
21594,0.1354806901494102
21595,0.2217324200924732
21596,0.023866124553630047
21597,0.31492013925446183
21598,0.9337425868026884
21599,0.0676387605300778
21600,0.7660560576983149
21601,0.2911100225660418
21602,0.507480745630852
21603,0.9197693787634824
21604,0.28044635727723927
21605,0.9393756863225536
21606,0.07339346262898531
21607,0.1752231718862401
21608,0.6561062182382378
21609,0.70546217115642
21610,0.5763460891611022
21611,0.40553003427653633
21612,0.2916264916308905
21613,0.27813551047080975
21614,0.7265955096311799
21615,0.4031641620440521
21616,0.4306931999600292
21617,0.7830216748845341
21618,0.15537482022059199
21619,0.658976627245998
21620,0.06650582483864215
21621,0.4007864880541484
21622,0.9036585087336945
21623,0.2565266451491007
21624,0.8065436544954538
21625,0.8428968950295008
21626,0.397757030343396
21627,0.8050967197213363
21628,0.4166248590722421
21629,0.1017882305890899
21630,0.051442606033123034
21631,0.14030167030222465
21632,0.9835312372045031
21633,0.20379218843669578
21634,0.554216070430869
21635,0.04611257233708848
21636,0.04846372059308836
21637,0.022970154440317393
21638,0.20966304734122285
21639,0.7684214041855635
21640,0.8495698338203538
21641,0.5454598717023924
21642,0.179145909640548
21643,0.1626998084704499
21644,0.0850503941422298
21645,0.1862023730586357
21646,0.2850754722680589
21647,0.2946631636436216
21648,0.9117173661660473
21649,0.11519964751801207
21650,0.43650136702874326
21651,0.4683490510495939
21652,0.12806787395274122
21653,0.31456318964172836
21654,0.1293852015889295
21655,0.26024548217192317
21656,0.25478221687341696
21657,0.2527259879815801
21658,0.15866220441068715
21659,0.024767816565490302
21660,0.5554272711036354
21661,0.1897478068896463
21662,0.8436452588489329
21663,0.6343079580840374
21664,0.7220519987909111
21665,0.12244237104067683
21666,0.3808627410082903
21667,0.16455670146188967
21668,0.07504296375299954
21669,0.19661574961763073
21670,0.5980963671012025
21671,0.18740250333319508
21672,0.5580587957948263
21673,0.806530698371639
21674,0.1418070074851946
21675,0.8724606943496288
21676,0.18233621097819944
21677,0.2883433602761913
21678,0.8563177306636894
21679,0.07267555936125636
21680,0.5041564951256161
21681,0.1734280990301611
21682,0.04507164978496487
21683,0.6504021017543479
21684,0.6794435439610161
21685,0.7462547071793231
21686,0.26714376731133244
21687,0.027058242813202304
21688,0.11262591663235681
21689,0.8392220567672767
21690,0.9914478863180219
21691,0.08819876592044934
21692,0.767950539985293
21693,0.06788161692182938
21694,0.4987987455609275
21695,0.12670018866254484
21696,0.09690900871759969
21697,0.07361630235980005
21698,0.24177541298372032
21699,0.01907051502288098
21700,0.9219622185241064
21701,0.20252936041857147
21702,0.1854260993622382
21703,0.2538984497050406
21704,0.6418250394614105
21705,0.25102243605058616
21706,0.4502732120472893
21707,0.24447929486858797
21708,0.19370098280791198
21709,0.47101112656183813
21710,0.36258624553719204
21711,0.91810526551274
21712,0.17496509998009854
21713,0.8572083783297386
21714,0.5025897937687869
21715,0.20132107152228368
21716,0.9371659284530666
21717,0.07889337507153484
21718,0.17479074974166142
21719,0.9532224311043447
21720,0.47606999100652453
21721,0.08741000716866713
21722,0.06637909792607986
21723,0.4200320616052449
21724,0.7854525420855301
21725,0.055893384177870827
21726,0.7361474079720798
21727,0.06843364353469494
21728,0.16772575114712865
21729,0.015890631482891257
21730,0.09074724847711886
21731,0.7175853995182025
21732,0.03380718439081294
21733,0.16122484918911834
21734,0.7845243100882939
21735,0.4041950654165731
21736,0.7920107423176079
21737,0.06479870960828897
21738,0.40620973290936246
21739,0.5720283234874677
21740,0.9110318972497415
21741,0.024732720775884887
21742,0.14815440986980402
21743,0.7677277329031604
21744,0.8091957912988376
21745,0.4547793784589485
21746,0.38462231952194087
21747,0.61182258561785
21748,0.32588065094461716
21749,0.018602907275333376
21750,0.29550704650431153
21751,0.07917196143472797
21752,0.64163072911069
21753,0.27971038075040816
21754,0.9669587004196055
21755,0.1313110243274839
21756,0.7828000036688472
21757,0.08057545949505585
21758,0.8900387149361106
21759,0.3415349360458107
21760,0.3685309978253519
21761,0.9208485173556155
21762,0.3705256739708277
21763,0.04735909394033403
21764,0.9649110209411701
21765,0.030432225910008798
21766,0.8971312076705595
21767,0.5256167506845558
21768,0.9918119818340361
21769,0.4176473840693665
21770,0.3204897565321624
21771,0.411766979862459
21772,0.21705076312095445
21773,0.07594078094130627
21774,0.10083091513855384
21775,0.906681516202636
21776,0.3494596819976216
21777,0.12881358189201575
21778,0.0849397525133889
21779,0.49501183197522985
21780,0.8746946755517865
21781,0.0451271216982681
21782,0.9456018269684268
21783,0.29279672139699886
21784,0.2761230168681329
21785,0.2401375456472124
21786,0.5047903358788186
21787,0.042853801975878035
21788,0.038752619778637504
21789,0.14561079283408926
21790,0.05348011383412577
21791,0.14753622030018462
21792,0.8554521663265183
21793,0.9571650556926321
21794,0.6664477288418442
21795,0.02855050156703193
21796,0.6537086512768008
21797,0.9726339910300512
21798,0.4252289468868217
21799,0.35476671983671015
21800,0.856719926786473
21801,0.03567850188429226
21802,0.10797737169143425
21803,0.6048699968935889
21804,0.6830145069107542
21805,0.8927456945059808
21806,0.967412641903932
21807,0.12560490123433382
21808,0.4508578375509564
21809,0.9208892442436928
21810,0.2654781330214249
21811,0.8533512348246506
21812,0.02872685784817898
21813,0.2421448979410602
21814,0.9376001274960267
21815,0.7868328105552638
21816,0.4031527301371233
21817,0.5416345189249164
21818,0.6843912307243627
21819,0.03371093690191815
21820,0.10571471408200304
21821,0.1686976517556074
21822,0.14785895132091
21823,0.3917788504281824
21824,0.05535304567131211
21825,0.3112375258232272
21826,0.08689344799315835
21827,0.8440888328704595
21828,0.7311446002367216
21829,0.01743893048461741
21830,0.10518802322597534
21831,0.2078457059636997
21832,0.12572785951519846
21833,0.5188095982370854
21834,0.741024662389644
21835,0.19093324936650452
21836,0.8497134919080467
21837,0.3528659604477744
21838,0.034034476203642826
21839,0.5444801384305936
21840,0.10868522213739194
21841,0.6581530808938222
21842,0.7725335360840835
21843,0.7574292534092022
21844,0.8211100660903572
21845,0.20293571728219859
21846,0.06758361046950932
21847,0.3614684556869748
21848,0.0769900249514462
21849,0.24431858124713543
21850,0.02816811296207861
21851,0.7447619678989312
21852,0.9665903200330982
21853,0.23341698523180943
21854,0.5291493275390657
21855,0.17105590025043982
21856,0.31974214045734123
21857,0.11526282604261441
21858,0.3386273389405499
21859,0.15688623868195106
21860,0.7574656297986022
21861,0.14163925495775345
21862,0.01581104435085113
21863,0.053180577540542805
21864,0.03150049999562436
21865,0.2131168148630162
21866,0.7871335677679547
21867,0.038544114756109187
21868,0.06221402203779653
21869,0.31511273574344817
21870,0.005987526955014642
21871,0.3078823805099238
21872,0.051775180391683454
21873,0.9619264842970295
21874,0.0916810644176755
21875,0.08388243991947857
21876,0.8344734099960952
21877,0.4401580878587429
21878,0.760339580466401
21879,0.05771939400432375
21880,0.07957424634178156
21881,0.18549595937576646
21882,0.008893429278630866
21883,0.059447253798139615
21884,0.9735549338015248
21885,0.06493949116363298
21886,0.16269634544338496
21887,0.7654078330423525
21888,0.6546445154169609
21889,0.16622543659722175
21890,0.8292050882741105
21891,0.1343623672040594
21892,0.8897605821435295
21893,0.20087106839913177
21894,0.9922180205526
21895,0.07414548226392985
21896,0.1798800554863439
21897,0.13712662577722995
21898,0.7151078534211047
21899,0.9310255625774935
21900,0.10044141839739305
21901,0.10022788720089795
21902,0.5193702039941638
21903,0.13696794903883291
21904,0.30447930265314893
21905,0.019226097287995982
21906,0.27857592366927864
21907,0.5801211460850366
21908,0.4511441489030075
21909,0.8325283475069406
21910,0.39371425278136774
21911,0.491995245820635
21912,0.11646052297261618
21913,0.22053180104518094
21914,0.20996839812620857
21915,0.49871776967502307
21916,0.4916594085627931
21917,0.2758283079234228
21918,0.26304101385693945
21919,0.11334467452428608
21920,0.4324816053490016
21921,0.40268048292676045
21922,0.40406356360324625
21923,0.3438741485937713
21924,0.09269473602821003
21925,0.16236360980624773
21926,0.055836955044666695
21927,0.07074650961784214
21928,0.3555834106062368
21929,0.5162720702553836
21930,0.21572153173972677
21931,0.340755765781462
21932,0.9760629603267577
21933,0.0694872629688765
21934,0.15102809095961453
21935,0.2698447700913929
21936,0.8923679302439745
21937,0.20091549122923966
21938,0.020481480322307243
21939,0.28941277649817226
21940,0.33630426860411367
21941,0.06217656393457719
21942,0.7498051337952184
21943,0.028030433974451246
21944,0.04023433344893802
21945,0.11612898793284811
21946,0.1796927868379604
21947,0.18637623363846065
21948,0.2460203802991525
21949,0.033162662286027544
21950,0.3049487153568821
21951,0.05619516175618128
21952,0.25506658556344847
21953,0.8953139525867364
21954,0.5146095178900749
21955,0.7715780995725962
21956,0.8244809539086746
21957,0.23352021980150292
21958,0.3027777856241058
21959,0.9714308629188723
21960,0.2261269743864382
21961,0.5471776464169725
21962,0.1448529062425056
21963,0.41817986010603864
21964,0.14437656247503827
21965,0.10853035093726827
21966,0.3116812753984851
21967,0.08743963333077762
21968,0.6704446038487962
21969,0.23026446119841515
21970,0.5466683450711051
21971,0.746039401094547
21972,0.400237692255509
21973,0.15873541300253222
21974,0.6974980342122585
21975,0.03983460087844035
21976,0.02357717300871411
21977,0.5772963543945213
21978,0.21396766413728294
21979,0.0996976324869326
21980,0.17107515845125323
21981,0.064247807648594
21982,0.881325239357983
21983,0.07260680106874962
21984,0.6441356528371196
21985,0.5608107520069512
21986,0.6180347500801315
21987,0.995545350054136
21988,0.032089182707332506
21989,0.26481380394406445
21990,0.43287811176352
21991,0.04900651644534685
21992,0.035490089978059934
21993,0.06993343984691205
21994,0.46946243060421977
21995,0.14550130092213057
21996,0.1605936197629929
21997,0.13303640523955548
21998,0.5292461273188366
21999,0.6256558697274839
22000,0.03407025582633831
22001,0.983332750881493
22002,0.6541181545334935
22003,0.29287570899793025
22004,0.12577573422265978
22005,0.4192675463494624
22006,0.9239455756203274
22007,0.8270477396781525
22008,0.661432489200612
22009,0.11646829949282686
22010,0.3486052969881158
22011,0.8837611159605562
22012,0.09311251247280368
22013,0.6277610903672389
22014,0.12276409288110748
22015,0.20362945739188218
22016,0.23488295025471628
22017,0.3616096069938824
22018,0.3620766704825666
22019,0.5208516902943663
22020,0.5429230667103726
22021,0.3407303716897116
22022,0.7883444020031666
22023,0.11587388819925501
22024,0.14097092953181067
22025,0.33361471689825306
22026,0.16543849429062066
22027,0.5777887657864849
22028,0.28559694261965163
22029,0.13848610580408027
22030,0.2336494289548092
22031,0.0227217997584727
22032,0.7348791960879116
22033,0.38215571278423005
22034,0.8682607751806984
22035,0.4614690843662174
22036,0.31495755638356593
22037,0.2752364486158403
22038,0.3556216705235766
22039,0.384411095525664
22040,0.1749328025369208
22041,0.44052054966511406
22042,0.042324840811822785
22043,0.5523914901038603
22044,0.1362993539868393
22045,0.08135356328792136
22046,0.4507791818751001
22047,0.6151170180809297
22048,0.0818293707639463
22049,0.19711312782160922
22050,0.291738128553457
22051,0.42327763659713125
22052,0.25746613760411446
22053,0.07916027787144823
22054,0.6848908341678707
22055,0.18993567541323608
22056,0.769819395759796
22057,0.5584747473343109
22058,0.30037221181812057
22059,0.8216933148839233
22060,0.049201817835634355
22061,0.33061065307788445
22062,0.09577824373699513
22063,0.7033309286481148
22064,0.10658779309952143
22065,0.3102578111972869
22066,0.41523530881110465
22067,0.37622956183644
22068,0.35595023936483333
22069,0.0533178890647845
22070,0.3228441323620512
22071,0.14986242085121124
22072,0.3403755292602154
22073,0.1427862891155903
22074,0.9304780415539726
22075,0.5604784211960746
22076,0.26529237034017644
22077,0.4350529669622464
22078,0.31663620579685603
22079,0.019692052481818923
22080,0.24721460593118197
22081,0.0645869376985578
22082,0.5226975072480573
22083,0.8805375364445337
22084,0.04587712792650046
22085,0.043961083663006766
22086,0.07396054711327661
22087,0.025986843556142024
22088,0.027722341204668717
22089,0.021581616239447432
22090,0.22627388184324002
22091,0.24370899949996092
22092,0.03255194339202052
22093,0.5435798811786728
22094,0.49985754617617023
22095,0.07775185080531236
22096,0.05573108060096681
22097,0.8390600037141209
22098,0.5024343785207712
22099,0.2389293645225917
22100,0.32006674927194845
22101,0.14966954370272056
22102,0.1396646883819197
22103,0.9416187069440654
22104,0.11322318361713862
22105,0.03425880287446081
22106,0.14630618566541156
22107,0.40744386589826787
22108,0.8418563823232851
22109,0.29874947086063836
22110,0.40106702188110926
22111,0.7119125216416512
22112,0.1990388495460384
22113,0.8851779025393727
22114,0.3605684642201063
22115,0.7992539497806731
22116,0.5134334771795102
22117,0.27420817679800913
22118,0.5699080103815786
22119,0.030732776416550565
22120,0.15378271395613216
22121,0.330633011676064
22122,0.3220479330623857
22123,0.8090973136598666
22124,0.47186592303836655
22125,0.25713152639153397
22126,0.8370714723109345
22127,0.9539740754449154
22128,0.1517785091408255
22129,0.17441501210094132
22130,0.29369182650913606
22131,0.14168370427715196
22132,0.21073936537484544
22133,0.4471105004984413
22134,0.6703798165334911
22135,0.4121508068443066
22136,0.010572991922948392
22137,0.8939557492276734
22138,0.6945497928788168
22139,0.8038870870855007
22140,0.44388561604165455
22141,0.3683324512348863
22142,0.3900189320441112
22143,0.11857945051486192
22144,0.4860794428586939
22145,0.9422106681926209
22146,0.4723235364746538
22147,0.3890514938821947
22148,0.03739137945943337
22149,0.07752914633979273
22150,0.13450724554003837
22151,0.4483906642601379
22152,0.04282577469025646
22153,0.44728971248986404
22154,0.13653204034159802
22155,0.09383994417719352
22156,0.2793542836133638
22157,0.09637561552891154
22158,0.8032165534180103
22159,0.8725797110341296
22160,0.26619780429191653
22161,0.1833611864861505
22162,0.25135150527173516
22163,0.3177817516850849
22164,0.10781013851363895
22165,0.27810554665330495
22166,0.6468541192462713
22167,0.5926189738212821
22168,0.5740276014940303
22169,0.2618040973939027
22170,0.3429799277779138
22171,0.7466361936038898
22172,0.406686493311957
22173,0.2088441695837262
22174,0.9287649358570603
22175,0.07862565149888946
22176,0.045650427737546025
22177,0.7551708971217923
22178,0.059388829977916904
22179,0.11630227228797384
22180,0.10940498382470656
22181,0.17454725189822864
22182,0.49607737842556326
22183,0.8783413526114301
22184,0.22438240468620407
22185,0.06739849868492785
22186,0.9560410876780985
22187,0.9345644894840761
22188,0.2896209503012572
22189,0.4407033503557452
22190,0.017217227709089847
22191,0.8695678204431739
22192,0.41999858241930155
22193,0.867229663408482
22194,0.5647688748301989
22195,0.24813351906394376
22196,0.07326555453417238
22197,0.6412120955284016
22198,0.6584953593334586
22199,0.25816145515190364
22200,0.8429963894280136
22201,0.28720375189885283
22202,0.022756890451928403
22203,0.1593194759785403
22204,0.19841314568460738
22205,0.5982269208900355
22206,0.2798631764516038
22207,0.8778108973767841
22208,0.08891517915000124
22209,0.6369155008395014
22210,0.33140345995673487
22211,0.7977909532442856
22212,0.459571133545529
22213,0.14337775040500303
22214,0.4060980120469773
22215,0.07943853586060137
22216,0.9320233426812387
22217,0.06799604944186412
22218,0.0676119826422827
22219,0.16321302392190765
22220,0.8879196685814744
22221,0.030907972309185457
22222,0.49858937022700306
22223,0.5711861814472762
22224,0.20231100702503527
22225,0.3389693551137677
22226,0.040903391246644716
22227,0.1156912940433334
22228,0.9277616538462803
22229,0.9607262911329918
22230,0.863879387758042
22231,0.8907257543084252
22232,0.5135029315662475
22233,0.16335618750802228
22234,0.39595522913698233
22235,0.051967503842598343
22236,0.1874839764881853
22237,0.15328968829816855
22238,0.9219421680292177
22239,0.44521118273435845
22240,0.06221588825807629
22241,0.5328170345950884
22242,0.406285892934291
22243,0.12223290534803351
22244,0.1357069564619008
22245,0.0388769716994774
22246,0.580505598396151
22247,0.2477220594721745
22248,0.24971225768967906
22249,0.07812656354632301
22250,0.32832376564025373
22251,0.12854466517545693
22252,0.965773280608413
22253,0.06900879429258026
22254,0.4383799304643667
22255,0.05831669776814571
22256,0.23403421607826164
22257,0.11397255999859443
22258,0.32580530550098
22259,0.06014124969373391
22260,0.19408385857166738
22261,0.07350637777778814
22262,0.661981399460516
22263,0.9753563318469354
22264,0.23260004750039415
22265,0.005991693463324085
22266,0.09936578648408383
22267,0.2683296999789769
22268,0.555464378807079
22269,0.03411609009492053
22270,0.17959322573180833
22271,0.06206258152814146
22272,0.3453710360724608
22273,0.8131742354943752
22274,0.40711907565258454
22275,0.7684334159008651
22276,0.43583724915012556
22277,0.9751734534141671
22278,0.9830465590343596
22279,0.07233828819169787
22280,0.9355999282086008
22281,0.7197277813887727
22282,0.554361513495664
22283,0.8719399060276387
22284,0.4422927519905425
22285,0.20118415711914336
22286,0.1413999622644454
22287,0.29290434808639976
22288,0.283209341071188
22289,0.2428530314595813
22290,0.04577299079213141
22291,0.23129572436916074
22292,0.41915689323593447
22293,0.518971966004653
22294,0.08098030343940799
22295,0.26171267670861825
22296,0.9625060512560718
22297,0.8791657790868485
22298,0.9223048359726808
22299,0.6021866710125138
22300,0.16354728790189807
22301,0.36094856329947506
22302,0.18897509362969245
22303,0.8123661314667113
22304,0.0613880200404296
22305,0.3782916701113149
22306,0.24592888859998233
22307,0.017921086872046705
22308,0.9305627591302844
22309,0.2786040926628476
22310,0.969339163975535
22311,0.09833382452642633
22312,0.2676013289688141
22313,0.05135298502441804
22314,0.21423318828077037
22315,0.26324693883834716
22316,0.41027652314032004
22317,0.566567251620418
22318,0.9825586886827401
22319,0.8503487285687792
22320,0.3540515646058115
22321,0.09053529918043238
22322,0.9349195868423229
22323,0.028432222427735198
22324,0.048285987758078866
22325,0.5111508824703934
22326,0.81068027043611
22327,0.5481485827337228
22328,0.3288457361694553
22329,0.5429436094351812
22330,0.8739891485271818
22331,0.6812247138473716
22332,0.09716665561829689
22333,0.4024315481199628
22334,0.3693882825022411
22335,0.5021217140127714
22336,0.34835319252847896
22337,0.22118820402464745
22338,0.2925121397642804
22339,0.618765530695183
22340,0.1783016052721223
22341,0.04848294982342094
22342,0.08353308105256631
22343,0.19260992086792408
22344,0.3979083651638944
22345,0.1737666418194747
22346,0.783751021655457
22347,0.8318571775640967
22348,0.9046544226632596
22349,0.9175427865888287
22350,0.4522825455320325
22351,0.4739799681836332
22352,0.23833169238413338
22353,0.12667435587896253
22354,0.11033421469544077
22355,0.2864520245582261
22356,0.8182003715420276
22357,0.07675895359042881
22358,0.17076452199000913
22359,0.16326740149911548
22360,0.7527833876327814
22361,0.141190880296211
22362,0.34908101866825747
22363,0.8324128943058448
22364,0.12745877551992427
22365,0.7906434949288339
22366,0.20526986483755472
22367,0.44789775780338786
22368,0.9498639533105225
22369,0.08969505769863845
22370,0.11632761894878715
22371,0.990565841977215
22372,0.8942285973755936
22373,0.5805080122928278
22374,0.1162476094326982
22375,0.6841982338757424
22376,0.6871047292061907
22377,0.31001334008619086
22378,0.8256689147795687
22379,0.8939387519620728
22380,0.3292840180261196
22381,0.9514702003022207
22382,0.3713543969908786
22383,0.9891148846887996
22384,0.39209905393964467
22385,0.9117978909901266
22386,0.4711435988849762
22387,0.9638796207941205
22388,0.3101376454318535
22389,0.6817976624537285
22390,0.05788500732111799
22391,0.037966704499421196
22392,0.3692466634273264
22393,0.5880811204278464
22394,0.9720014939954983
22395,0.044329280497574765
22396,0.3203431347114764
22397,0.7725387993968579
22398,0.3500370069093727
22399,0.7943168991807672
22400,0.7087135607916972
22401,0.44715545358578546
22402,0.09512771857165134
22403,0.5120168756467718
22404,0.11421749490934888
22405,0.34500517010854914
22406,0.28049973873110184
22407,0.3046203510721591
22408,0.08796279498725705
22409,0.2528454427817048
22410,0.785573005351487
22411,0.6138147260075876
22412,0.784049136837067
22413,0.24364137674133024
22414,0.23174669976512577
22415,0.2997629365639942
22416,0.1990811357833618
22417,0.2804557289313874
22418,0.8509381476553242
22419,0.07670492919149394
22420,0.9101778006676153
22421,0.9671285778862764
22422,0.6657448541935133
22423,0.10595854675305341
22424,0.1933116278797234
22425,0.8971010447326896
22426,0.7186917160556314
22427,0.258423873913772
22428,0.6521050128013554
22429,0.17439504536524963
22430,0.7834424992736874
22431,0.1603277806506425
22432,0.7484518771968774
22433,0.19701327001729754
22434,0.16391255180206823
22435,0.419620368410883
22436,0.5451297413371103
22437,0.20367120806061487
22438,0.18693399335674066
22439,0.034786992767621934
22440,0.09502781169378749
22441,0.0665538459225821
22442,0.28955632612897697
22443,0.28915328733772544
22444,0.038581367558766594
22445,0.13000648434556888
22446,0.3494265737103633
22447,0.022976841962484666
22448,0.5650948494318526
22449,0.3872835255585699
22450,0.5217128495842337
22451,0.2879235510306923
22452,0.5683110492178649
22453,0.2703355322684219
22454,0.029420213351934038
22455,0.08834403382483168
22456,0.9670850493263503
22457,0.65638337407278
22458,0.2706047975862529
22459,0.08867669587173131
22460,0.2398964955620225
22461,0.019400588606435603
22462,0.5451772524261331
22463,0.1534606936917894
22464,0.6055803385136043
22465,0.9272657678170689
22466,0.488929364517403
22467,0.21161444910490337
22468,0.09754638120588055
22469,0.2442008467700404
22470,0.7293845519041969
22471,0.9222067551778411
22472,0.8791159831290499
22473,0.1063892226894852
22474,0.22446092426536848
22475,0.3120247932416526
22476,0.13657807299583327
22477,0.07289629082441441
22478,0.681870436455161
22479,0.586353661546359
22480,0.3047601775008595
22481,0.2494239499640233
22482,0.5348838689905318
22483,0.18892018383187228
22484,0.7928686785616246
22485,0.034770553552678024
22486,0.9123244000681954
22487,0.9538254179298443
22488,0.91349963057596
22489,0.6595415952809844
22490,0.33837403533943805
22491,0.013031119502125967
22492,0.12910885536579117
22493,0.15626521439337684
22494,0.17307236399285128
22495,0.8049236897472384
22496,0.478291530148677
22497,0.11579943145771167
22498,0.6935447743872734
22499,0.0521587423591977
22500,0.1415925292510431
22501,0.06372601632133852
22502,0.02958229210865603
22503,0.09359872233042792
22504,0.27973283977906416
22505,0.1599082280091268
22506,0.9551539780739327
22507,0.960381519410786
22508,0.10589893349930847
22509,0.9624333773014074
22510,0.09417837452271643
22511,0.936108491880742
22512,0.15967832515120847
22513,0.22245494518012834
22514,0.39729807588336463
22515,0.7939214846217708
22516,0.049231898745675025
22517,0.8319105392247235
22518,0.3199171547933764
22519,0.17623048717609416
22520,0.9914202584753637
22521,0.15016625072176118
22522,0.1298189676740127
22523,0.4800266428034309
22524,0.4481328550885651
22525,0.42123324451716987
22526,0.35077296994182766
22527,0.990918614432511
22528,0.029580299730079865
22529,0.9809060085188952
22530,0.27468760694812533
22531,0.2986330911468673
22532,0.33514056246749235
22533,0.23855280613372404
22534,0.1883458108010644
22535,0.8342735863744843
22536,0.813367066302967
22537,0.22998305715348094
22538,0.2635389786966041
22539,0.7670993803689505
22540,0.03071722959052383
22541,0.0312770863803678
22542,0.2150953571107813
22543,0.01929711707361282
22544,0.11092967240511081
22545,0.05827616550607932
22546,0.9455897531147021
22547,0.11896398221142412
22548,0.8707833797026643
22549,0.11132051498115968
22550,0.8427403998253236
22551,0.9184752391479295
22552,0.28926570179464367
22553,0.2851113826013968
22554,0.8288760813243601
22555,0.8516054493508834
22556,0.055811361281303956
22557,0.2802953636790503
22558,0.5337899634531397
22559,0.09705403482974681
22560,0.5340311862551561
22561,0.3866078429977636
22562,0.05463748813690112
22563,0.17654122986788975
22564,0.9928395440424391
22565,0.597108386230211
22566,0.3561060804306074
22567,0.04119099904415629
22568,0.6545712288236806
22569,0.3005587311291801
22570,0.07387270103959956
22571,0.16743720480113725
22572,0.3834626012848067
22573,0.11979084047258101
22574,0.08231289086094426
22575,0.5378216902073404
22576,0.8529249484938445
22577,0.7721335072141118
22578,0.3430059985537119
22579,0.11099794403651254
22580,0.6600254437843073
22581,0.037311596346940736
22582,0.6132806294320667
22583,0.7918040104281407
22584,0.9904111579180442
22585,0.3070772942787404
22586,0.09496689320809623
22587,0.24784001091729538
22588,0.3730735607641925
22589,0.29653887250930455
22590,0.9902243440877769
22591,0.1646566654646108
22592,0.16985963406436402
22593,0.28102084721660525
22594,0.5004430728404403
22595,0.8802083258344491
22596,0.5189468834941373
22597,0.708910326813265
22598,0.5743549895039327
22599,0.1230824484195103
22600,0.15946000893237186
22601,0.133965796969662
22602,0.2051683063940445
22603,0.974967960204613
22604,0.05192341061955703
22605,0.10001173520969185
22606,0.20080161708141625
22607,0.3816048915772425
22608,0.7710230337583888
22609,0.11338443956012861
22610,0.423391115305226
22611,0.11374599338875814
22612,0.9135954907438263
22613,0.23469363082328262
22614,0.975621210474776
22615,0.37099550290665156
22616,0.4478744946804314
22617,0.30077400572841867
22618,0.14582330922615222
22619,0.9973034276562568
22620,0.9614663724446024
22621,0.14503919675164645
22622,0.15051555787415613
22623,0.3229665310959639
22624,0.5083353844563988
22625,0.10661822798782399
22626,0.09952331081598362
22627,0.963685199477204
22628,0.15837896336782314
22629,0.43225162838522363
22630,0.8754947154568606
22631,0.11229760557955143
22632,0.9368461242649615
22633,0.2611317156520529
22634,0.8894356368421715
22635,0.5615449409861795
22636,0.6110852066769463
22637,0.9353888232349288
22638,0.28934260372104403
22639,0.14745448253392782
22640,0.5860902357174493
22641,0.19551999146889698
22642,0.018743396170630866
22643,0.12385708378062828
22644,0.06504901572142043
22645,0.12974339359735815
22646,0.07849309583136017
22647,0.49867925624385295
22648,0.05963148514422425
22649,0.9536089611293309
22650,0.03999922835921227
22651,0.18811453818537857
22652,0.10882141481238372
22653,0.5877631401827438
22654,0.8418040860249684
22655,0.34379440302371084
22656,0.7247816945152741
22657,0.12089442019369499
22658,0.10900059100419876
22659,0.922665643474224
22660,0.18459050622845127
22661,0.17575430860938052
22662,0.9642096337284335
22663,0.32702143246679294
22664,0.042382849158412644
22665,0.0606049527995148
22666,0.05231836563288909
22667,0.4290362559966998
22668,0.3069885371980943
22669,0.41191708480419315
22670,0.06531662920679623
22671,0.3263785265123981
22672,0.4162110165090932
22673,0.20697743669953172
22674,0.26874353814799673
22675,0.27007723406726836
22676,0.10520736419694238
22677,0.1438981241080927
22678,0.09254804792978076
22679,0.3522998053832269
22680,0.21419657104002965
22681,0.03848573360440379
22682,0.7405071659520556
22683,0.03138780476285645
22684,0.16282611675038583
22685,0.6307599353811342
22686,0.035185612456575345
22687,0.4024103386410775
22688,0.31277840072850094
22689,0.3587693871123436
22690,0.35454396340357497
22691,0.03867061993190403
22692,0.9908192119467917
22693,0.6100174102659485
22694,0.8654185094299637
22695,0.7620906093191135
22696,0.6826476254715136
22697,0.16397270412390624
22698,0.05122981880009637
22699,0.2611665499794827
22700,0.1351199975661491
22701,0.5598283784262228
22702,0.028910019391660914
22703,0.5523973724564456
22704,0.04280831059214256
22705,0.3876727514912251
22706,0.5073332064750561
22707,0.37273830027445193
22708,0.39096561432966276
22709,0.13172417303456468
22710,0.8405347440782042
22711,0.4900313268869089
22712,0.03704354614767373
22713,0.6310544516423429
22714,0.20209729389168304
22715,0.48828549896155615
22716,0.07693084675270055
22717,0.24324469197201393
22718,0.4260852484213804
22719,0.3882237817635446
22720,0.47486038747805037
22721,0.36495978535800766
22722,0.31388462533628425
22723,0.2676940175420349
22724,0.7757090617534296
22725,0.08348112675629607
22726,0.7406307186610485
22727,0.2317542728489138
22728,0.0851316208690888
22729,0.053845788130851495
22730,0.17677744362448525
22731,0.7655798174675232
22732,0.17683243856622538
22733,0.7760524512315451
22734,0.23538565876853462
22735,0.020342629831858763
22736,0.4681108344295979
22737,0.11835638678611723
22738,0.04722360161283066
22739,0.03514101844648496
22740,0.07496783892233592
22741,0.07883732004223185
22742,0.08621776132441077
22743,0.030524774890760546
22744,0.22500122965094818
22745,0.1684469356514033
22746,0.19365884260355637
22747,0.26380885487077765
22748,0.7955169852470219
22749,0.8041762561928082
22750,0.3480876732350782
22751,0.06573145648588534
22752,0.06627772306325642
22753,0.7614996291374696
22754,0.36352797013628635
22755,0.33320535842405546
22756,0.03365617930294895
22757,0.13538669025488032
22758,0.929758416176601
22759,0.6028654367891826
22760,0.02334214356372849
22761,0.1284671276590934
22762,0.5970521188237667
22763,0.7975658038111324
22764,0.47603440573369155
22765,0.9597180721517534
22766,0.3428109796043558
22767,0.7013342627152964
22768,0.38696338607740693
22769,0.023926234672518875
22770,0.6158740587556598
22771,0.1779431928819327
22772,0.06106829442512194
22773,0.7274923490299565
22774,0.6211127810839394
22775,0.34349249817711885
22776,0.9666394649820694
22777,0.1263759238534603
22778,0.3364404759240658
22779,0.08324633689752575
22780,0.10970956468138136
22781,0.7925858266995067
22782,0.08722245376782571
22783,0.19205869299821007
22784,0.31704008467897526
22785,0.18996483766691474
22786,0.2650890307014554
22787,0.8447290424848696
22788,0.1046193176613522
22789,0.9610726883592609
22790,0.11126266734414571
22791,0.07536571555622637
22792,0.4579367179221778
22793,0.20480723637990625
22794,0.019371990667627726
22795,0.6979593060659949
22796,0.82259902581888
22797,0.05040634486613846
22798,0.09298449021742218
22799,0.23112699093249187
22800,0.14009423976824953
22801,0.05540302237323964
22802,0.9726891410751934
22803,0.5320571106527839
22804,0.14708903719372982
22805,0.11559935199018526
22806,0.14357724256771484
22807,0.15625393025255774
22808,0.23447727037544855
22809,0.22420616456614184
22810,0.34707394134016983
22811,0.1595943981094503
22812,0.11395123234219372
22813,0.05556613038319824
22814,0.9289942664287898
22815,0.7922636505160516
22816,0.15079378724865544
22817,0.12225715139650477
22818,0.3773948721584485
22819,0.07775682833878443
22820,0.24475569243758907
22821,0.2317811510700924
22822,0.6293611865793893
22823,0.036944432146119394
22824,0.1066983425919532
22825,0.2527976740386745
22826,0.7024045327389101
22827,0.3837931975610084
22828,0.15846051184914461
22829,0.5201942021926782
22830,0.06512818874093468
22831,0.1385932368405422
22832,0.07090709686318981
22833,0.5006352207456608
22834,0.9299450788421557
22835,0.967841176836207
22836,0.39336416167884397
22837,0.2463791268170888
22838,0.759022825219087
22839,0.7073022515600643
22840,0.8941798459103363
22841,0.24014176614070795
22842,0.06506134393654045
22843,0.12806180113374302
22844,0.15009175359952176
22845,0.7124888224709389
22846,0.8604995398518603
22847,0.024818699955558996
22848,0.6679950270345624
22849,0.203748980082726
22850,0.2395249933679479
22851,0.3490780037122235
22852,0.05432051897573026
22853,0.7707918398817557
22854,0.2836440975667794
22855,0.18675262992096572
22856,0.027626363929361873
22857,0.7886043276386968
22858,0.9696942842206314
22859,0.22426721090664156
22860,0.36279233545462336
22861,0.25805803461950383
22862,0.6284243029600307
22863,0.18932480565800142
22864,0.37828669798635167
22865,0.5140450510430635
22866,0.05420035449323535
22867,0.03472662508310992
22868,0.09947568732769817
22869,0.9565530024706277
22870,0.12570186993541632
22871,0.16851401849771158
22872,0.12662585874210208
22873,0.1915145816771618
22874,0.7526943281028622
22875,0.7432129700512432
22876,0.8757053710574562
22877,0.9643662416324464
22878,0.14523472153658504
22879,0.43123564088799743
22880,0.9881694488488815
22881,0.16627856779908048
22882,0.36781354483293777
22883,0.25047097362068965
22884,0.24865187123069435
22885,0.846093264275313
22886,0.41323403291882005
22887,0.6808166250774069
22888,0.24468427369991755
22889,0.01808468588417151
22890,0.35528759123484216
22891,0.21211904896905193
22892,0.48571490074035595
22893,0.8752036412353892
22894,0.5271196477333445
22895,0.3518918824489961
22896,0.48901122314249046
22897,0.04348996540249011
22898,0.23095906705906813
22899,0.8646653183785161
22900,0.3017207325900595
22901,0.661544787572996
22902,0.2953164382587323
22903,0.9207748570735358
22904,0.7472566981689192
22905,0.15388764486924725
22906,0.1939216161058698
22907,0.4704121464912633
22908,0.15770681110657622
22909,0.9686292205018513
22910,0.7655054821976978
22911,0.13835101847609665
22912,0.13866010756371075
22913,0.0749825222478292
22914,0.0739948834904541
22915,0.2403948787246758
22916,0.3207065592011571
22917,0.14895759362432376
22918,0.17569885367059918
22919,0.956332058516624
22920,0.11480033056570613
22921,0.9335484865356148
22922,0.5708927672110347
22923,0.5023918990405719
22924,0.25421750846297125
22925,0.3388796777010971
22926,0.16718587147697894
22927,0.1558325653291448
22928,0.3018732756624625
22929,0.23014958362673782
22930,0.2981193661827612
22931,0.18768507201923068
22932,0.45818210997833153
22933,0.9116677929914335
22934,0.1212754451089072
22935,0.21332795843161761
22936,0.9685082776256421
22937,0.22065389968999097
22938,0.29331997933473014
22939,0.4307911941317482
22940,0.33097500768054977
22941,0.9908924121664501
22942,0.0479275304563691
22943,0.10615320848234183
22944,0.22552122720418885
22945,0.18073893843799332
22946,0.08169869204416054
22947,0.4032334788924007
22948,0.07113959500460981
22949,0.4643081752209795
22950,0.305308527633028
22951,0.3023193475942544
22952,0.5743791796575457
22953,0.8939849886147544
22954,0.1776940250222209
22955,0.14928677945970162
22956,0.3707695276650732
22957,0.0767716580194304
22958,0.29087410687719745
22959,0.11939939211382918
22960,0.7093626232254017
22961,0.029833004905045604
22962,0.4050957436320753
22963,0.39532534875418013
22964,0.06407876478056755
22965,0.06081609454193528
22966,0.4654419653510774
22967,0.028306281108905162
22968,0.9251911671530959
22969,0.13050884010187053
22970,0.24356751753857495
22971,0.32166466166262775
22972,0.12887973672429903
22973,0.1326148494666394
22974,0.7725835619265822
22975,0.32110338146987677
22976,0.11300044999843104
22977,0.04340316589650984
22978,0.3079854266974175
22979,0.7110671310070364
22980,0.5486161001092371
22981,0.1276873086289914
22982,0.42342721726028776
22983,0.03583295547666843
22984,0.22376669943020486
22985,0.1853752930206642
22986,0.10516905666783008
22987,0.07611300237172046
22988,0.47423700234019084
22989,0.9924629974208509
22990,0.09028002669070032
22991,0.06311703020189419
22992,0.15163537776149488
22993,0.12764004919660568
22994,0.06371770873482384
22995,0.052361398155405255
22996,0.10055511730929304
22997,0.2353138676824319
22998,0.15374343405060317
22999,0.34792091025927946
23000,0.30514821084130095
23001,0.3721752439138264
23002,0.8604494246824319
23003,0.6939159606229428
23004,0.6543006769127164
23005,0.18686968368783122
23006,0.05580748490977624
23007,0.4842221552898231
23008,0.16338642075885526
23009,0.995674542330723
23010,0.08089230394523672
23011,0.1372016734248393
23012,0.3979216025669105
23013,0.9775619620092734
23014,0.0974994449791151
23015,0.661995016888172
23016,0.6819916578553525
23017,0.32452512353142027
23018,0.19446214595182856
23019,0.018636522134275815
23020,0.0696579407367638
23021,0.9791516390992313
23022,0.1298741051417383
23023,0.25071094994683457
23024,0.9248038270953352
23025,0.12126849169894881
23026,0.8493900239696658
23027,0.6474910169826874
23028,0.16226143665548898
23029,0.7336646905812684
23030,0.1816906720013079
23031,0.6301607936130232
23032,0.3486747711378061
23033,0.2229314444285007
23034,0.0699206425356541
23035,0.2266729583811913
23036,0.45826440841183197
23037,0.32315089255825047
23038,0.031010961413729193
23039,0.43215879293533627
23040,0.9924770016550157
23041,0.10851289900790649
23042,0.646015563400081
23043,0.4397254338978024
23044,0.061562853321345964
23045,0.5217748181506906
23046,0.052101272277673874
23047,0.13361606595197636
23048,0.2695069310857594
23049,0.10579197115080943
23050,0.5833534827792833
23051,0.515281303003617
23052,0.21896962036301915
23053,0.0457472276314546
23054,0.11270882610278662
23055,0.7535546147854926
23056,0.4444728359934076
23057,0.9571750870276099
23058,0.7698553596898658
23059,0.03684200812178414
23060,0.45073433749153424
23061,0.08332184154914994
23062,0.3512957237400584
23063,0.21392594868363923
23064,0.874678350819829
23065,0.1555633145029203
23066,0.9107942297262364
23067,0.3806286923595772
23068,0.9641061442446903
23069,0.08574046024450449
23070,0.05213481859866524
23071,0.9568734863026969
23072,0.024901420189857897
23073,0.6195253453729113
23074,0.15505839123319395
23075,0.10204077489995415
23076,0.46903655567032154
23077,0.086030891410617
23078,0.3818637234256506
23079,0.2829948174244131
23080,0.2947195221889751
23081,0.5900532729818598
23082,0.04890217569133793
23083,0.1004781477134235
23084,0.8668794154512764
23085,0.16260326963920801
23086,0.04766262515703715
23087,0.6334870260056777
23088,0.08925841769944136
23089,0.25046784642327685
23090,0.1299246833536243
23091,0.4454366556223967
23092,0.016034007941528376
23093,0.41027252659357494
23094,0.7762375574527338
23095,0.0841674892040326
23096,0.41900601431230067
23097,0.40565196975346685
23098,0.49000566438789106
23099,0.01512655840298846
23100,0.1217809325050308
23101,0.932526412544989
23102,0.26040627206995165
23103,0.16914889842094652
23104,0.22712361829446273
23105,0.7210105626588734
23106,0.03208608546734468
23107,0.05259778272629289
23108,0.09338770853609396
23109,0.8160542349062516
23110,0.7376203067442137
23111,0.022141481098106396
23112,0.36797745594553144
23113,0.10466812445443126
23114,0.0373437386212044
23115,0.6512032274239029
23116,0.22564095823791216
23117,0.9610310319036424
23118,0.07802356764375823
23119,0.09931273084059197
23120,0.05018393432651792
23121,0.13406058057979828
23122,0.023622717770893337
23123,0.4514373065204019
23124,0.9892909391517302
23125,0.5178436998603038
23126,0.26266190214195095
23127,0.08931804402793597
23128,0.2474274529137005
23129,0.9553726145326044
23130,0.1433363297295137
23131,0.1391259610865017
23132,0.18906680356697642
23133,0.7450953879396569
23134,0.8008742820390488
23135,0.687048013659862
23136,0.4339653603201667
23137,0.38702321347936697
23138,0.4892055259961886
23139,0.03770252789559867
23140,0.7910093826418937
23141,0.17312155132265564
23142,0.727456605612043
23143,0.21109178776407045
23144,0.9309531403685255
23145,0.2722784323642944
23146,0.927440729849781
23147,0.5242318990607774
23148,0.12582359818615643
23149,0.06415053363534867
23150,0.2745671238979526
23151,0.07380731598677066
23152,0.12873527339870353
23153,0.03831922203043824
23154,0.6340873156602782
23155,0.23819995391950305
23156,0.14568038778470369
23157,0.585451337743256
23158,0.40078725723007114
23159,0.35503852238621075
23160,0.27931841721437456
23161,0.3717895423293763
23162,0.9848532839362311
23163,0.5748559297392096
23164,0.04906121159757441
23165,0.08937893403782882
23166,0.38851553010955875
23167,0.9346104663234629
23168,0.6872029534087443
23169,0.40392675888900686
23170,0.18180053547653
23171,0.7608709406362008
23172,0.7148535417175256
23173,0.32633312271476006
23174,0.03825934123489619
23175,0.036597080452905516
23176,0.2793717699954589
23177,0.3866475619515887
23178,0.9580256292774185
23179,0.035592289114546545
23180,0.30155712510840593
23181,0.7831343344881736
23182,0.5356502173400839
23183,0.8653278573516832
23184,0.3285018923293298
23185,0.23992563904202385
23186,0.11378762351379522
23187,0.9468515703377228
23188,0.09921912840742128
23189,0.3929899523038484
23190,0.46933497672291624
23191,0.3733864195286702
23192,0.4512477482624221
23193,0.059316291092878407
23194,0.028063726132485856
23195,0.14982271450726548
23196,0.3157845654350323
23197,0.7845594763219114
23198,0.5372874051713987
23199,0.4284001799601117
23200,0.9493843333880343
23201,0.249786080839259
23202,0.7522891431735681
23203,0.44097568483527794
23204,0.5131181477096288
23205,0.09105050034421595
23206,0.9811475818130645
23207,0.7315483849540034
23208,0.04850563933324257
23209,0.008578641490645925
23210,0.7395807720026703
23211,0.1018999452582575
23212,0.71019600211416
23213,0.6643862946062572
23214,0.42536485983351385
23215,0.16741410770919288
23216,0.32884270745601807
23217,0.3368839650032062
23218,0.8757894914301827
23219,0.13637955399182014
23220,0.30392241100640816
23221,0.33918583051599654
23222,0.14031437259270382
23223,0.4046906422972438
23224,0.6846583043777908
23225,0.5123090034314922
23226,0.11292804534670141
23227,0.03203386440285962
23228,0.17773697282102463
23229,0.16790669212336717
23230,0.4425754226390777
23231,0.20233051826899115
23232,0.06897521415757164
23233,0.1823450941823868
23234,0.11598295525240931
23235,0.9357884413501212
23236,0.2473545537811667
23237,0.45223055035211585
23238,0.15565896187851627
23239,0.6136360923155282
23240,0.8692958576304727
23241,0.113728908563765
23242,0.4037665741768891
23243,0.9709943702554393
23244,0.3732298268885562
23245,0.8982762916986438
23246,0.8098690265676238
23247,0.5298416364317995
23248,0.14315619754597994
23249,0.8829407042991709
23250,0.8017104059054673
23251,0.15177654214083972
23252,0.052352629180345465
23253,0.33052798504136954
23254,0.589367046885735
23255,0.24045780933578473
23256,0.306357444120693
23257,0.10559949627794098
23258,0.09178276259679075
23259,0.6457686729674675
23260,0.945993009123558
23261,0.9553485705500679
23262,0.06496230287400512
23263,0.3752562152482513
23264,0.020040333286311905
23265,0.2537572377690417
23266,0.3908265853203407
23267,0.33453955847494554
23268,0.9100924150329468
23269,0.2234221604071943
23270,0.6906582010493926
23271,0.6084478855557793
23272,0.0530817822133919
23273,0.32612803679317703
23274,0.36836444833749804
23275,0.12943765401623497
23276,0.456258971993586
23277,0.19880347846292606
23278,0.34009983909601105
23279,0.7309995362252242
23280,0.8839134125058167
23281,0.7900127653314132
23282,0.6824802098858991
23283,0.24236341139444847
23284,0.9755592424637678
23285,0.022070214906258163
23286,0.03934673071021771
23287,0.023882337422854023
23288,0.26309735915359256
23289,0.13235442247068785
23290,0.054930222156153195
23291,0.3879310096603471
23292,0.5238474480045823
23293,0.05629538065033377
23294,0.21624308692596192
23295,0.25980751680842723
23296,0.5827446959606988
23297,0.4547341926947378
23298,0.24836994155593922
23299,0.14413698793137267
23300,0.07536213694668067
23301,0.9044689606579787
23302,0.7953845205978642
23303,0.8015762726201133
23304,0.9554233950893072
23305,0.48852193293731516
23306,0.5801281481236003
23307,0.06526838587149049
23308,0.9780331314441897
23309,0.2696133169408946
23310,0.02090831438594538
23311,0.7189621970122314
23312,0.2661937100583896
23313,0.09232528526537068
23314,0.7250355559562487
23315,0.0897634002470466
23316,0.704894725758694
23317,0.5905120291550052
23318,0.30068000557510444
23319,0.6529659487664434
23320,0.9159000101952417
23321,0.09821215007776525
23322,0.8020853069998173
23323,0.06310075511464737
23324,0.490575589530118
23325,0.13995912679211048
23326,0.1016203618060325
23327,0.05928850772741805
23328,0.3039339858817751
23329,0.6643686150443525
23330,0.31120136435589735
23331,0.023657392037997587
23332,0.24617483077074406
23333,0.48896632300670906
23334,0.20884140924294806
23335,0.6232501743446526
23336,0.10787585142289824
23337,0.49486896191146185
23338,0.7533765113137084
23339,0.9619291329690204
23340,0.6089409414193361
23341,0.49083225775416217
23342,0.025622016942885375
23343,0.17902268057325288
23344,0.44832420888558894
23345,0.5597010099591417
23346,0.9800539907337611
23347,0.4379864013786734
23348,0.34457912184569117
23349,0.1702753429153666
23350,0.34068708032400474
23351,0.9733828718830606
23352,0.09005821610856693
23353,0.4556686229424813
23354,0.5520511897575329
23355,0.7896199160982589
23356,0.3784791055747992
23357,0.3381971701752239
23358,0.9782915405977924
23359,0.3033300011865353
23360,0.14267917949006598
23361,0.16014957766429133
23362,0.25483890356222993
23363,0.4533049915349103
23364,0.6238865167164416
23365,0.7908650942743867
23366,0.10598063914679155
23367,0.03646552437498491
23368,0.4611478610450575
23369,0.4609348477159773
23370,0.12055181564785904
23371,0.4017972505578293
23372,0.24738016879922697
23373,0.0936683900131913
23374,0.12280893189805422
23375,0.04743436090373533
23376,0.3170284421295264
23377,0.11779351009595555
23378,0.7490491758528682
23379,0.7467541893306486
23380,0.03816823444955825
23381,0.5271682514442524
23382,0.19517894220103207
23383,0.9210426956870491
23384,0.06422127891895733
23385,0.1495201458621187
23386,0.26106817383391673
23387,0.7063166171614712
23388,0.7071763592436672
23389,0.732191700805733
23390,0.9921274613880978
23391,0.23994080725580122
23392,0.10111677585214254
23393,0.545055892845265
23394,0.07936239140418516
23395,0.09068515747996256
23396,0.7870717853822745
23397,0.7814806173022985
23398,0.16787924965151516
23399,0.6845854180368819
23400,0.6421067194498614
23401,0.11548504478093692
23402,0.27651166907663366
23403,0.5641639123440945
23404,0.22104638737096666
23405,0.6321260992949461
23406,0.985105201684139
23407,0.11861580891616552
23408,0.5265642657468909
23409,0.5859513540900393
23410,0.3433662289589637
23411,0.2908904115574598
23412,0.22825615409124622
23413,0.35819988740628916
23414,0.17640242844669726
23415,0.09743681974695118
23416,0.04451469912605447
23417,0.16137215744965847
23418,0.265812068113679
23419,0.03548408033152635
23420,0.1143789487079825
23421,0.815807616821922
23422,0.5107547092086818
23423,0.35397869762200207
23424,0.0436430256102791
23425,0.3646848775302979
23426,0.47859323657761244
23427,0.07044594197090957
23428,0.3650362450697622
23429,0.17116409654937143
23430,0.30057802194914984
23431,0.9086818103883675
23432,0.08779082042032034
23433,0.8282484752517761
23434,0.19190849656945744
23435,0.06539888827731638
23436,0.7444619572836539
23437,0.9852579003536075
23438,0.3055811661857331
23439,0.727629750133512
23440,0.6015046402631856
23441,0.15667553493309422
23442,0.6756168407870831
23443,0.44725516470903215
23444,0.544185986060017
23445,0.34238612602497753
23446,0.18223506907760845
23447,0.10403413554545109
23448,0.5149793067473661
23449,0.7261953293604968
23450,0.2618065820838126
23451,0.08520681989593513
23452,0.14490266512770308
23453,0.9940581789105218
23454,0.9769107054389642
23455,0.0899964217867878
23456,0.1405803578520738
23457,0.9823776057127573
23458,0.42790818142816145
23459,0.3556953036158975
23460,0.38631230511402037
23461,0.13426984714095458
23462,0.16115926136840367
23463,0.6326374292372341
23464,0.19081754543840512
23465,0.6837616096369283
23466,0.6315544357135591
23467,0.09564197164317788
23468,0.3676221896534355
23469,0.5073396785767386
23470,0.2547761914570063
23471,0.4452067843023089
23472,0.7568914236501669
23473,0.8356605198199973
23474,0.396657442118494
23475,0.017710585312077157
23476,0.888044796073559
23477,0.4546027308867636
23478,0.32057927058808783
23479,0.4215096790903668
23480,0.11159170263375223
23481,0.22981131380269923
23482,0.20140737376289217
23483,0.02069407252150005
23484,0.9520920923610403
23485,0.22449851260381593
23486,0.09367491881264449
23487,0.032058867084268486
23488,0.027660688017812376
23489,0.32384171846640175
23490,0.47888490691765456
23491,0.033234135042280524
23492,0.6922043794698297
23493,0.04142087741093448
23494,0.13717885178865832
23495,0.5334232284118833
23496,0.35092165437484646
23497,0.8444820317340725
23498,0.42313464355409963
23499,0.22667525326989413
23500,0.12289850360704721
23501,0.1804544352986574
23502,0.24265802866055033
23503,0.13867549284522107
23504,0.8630886652737235
23505,0.24221895904477977
23506,0.10757578678140246
23507,0.3334686800107191
23508,0.4285529427837633
23509,0.27886879216081245
23510,0.20212019961572766
23511,0.802001526040056
23512,0.7820643193090562
23513,0.11227049279383292
23514,0.21913296611355146
23515,0.4326912623355815
23516,0.12743011129126885
23517,0.14867436452104763
23518,0.1365358235145579
23519,0.13801538766767762
23520,0.32802197238716835
23521,0.9383028981352538
23522,0.09149282494617791
23523,0.29455495735332493
23524,0.07871263634703206
23525,0.6822146812428918
23526,0.9002891393442307
23527,0.06686709104300455
23528,0.6174879032358681
23529,0.3184894578418003
23530,0.9733113767315628
23531,0.5419183009418999
23532,0.5365964619487293
23533,0.3796728113823333
23534,0.1132175419292154
23535,0.28191012954180367
23536,0.2028817500486532
23537,0.048127686664644224
23538,0.8126692631645892
23539,0.06288817796318096
23540,0.36768673064903823
23541,0.20362649210183045
23542,0.01842690996131149
23543,0.2515385289013186
23544,0.12771345524282146
23545,0.6865599975196812
23546,0.023069412575822998
23547,0.0808731050183674
23548,0.4637402774275371
23549,0.26105098692477113
23550,0.5197832161263461
23551,0.15125514373209284
23552,0.13291612759621982
23553,0.981119141316255
23554,0.2321240031252571
23555,0.6234920618612597
23556,0.29783320889644616
23557,0.4936993621466392
23558,0.036779768163240766
23559,0.11814465140495095
23560,0.3074695600951692
23561,0.9575581585471262
23562,0.041821381079946006
23563,0.5409082366527348
23564,0.2614354942691605
23565,0.49783572431964457
23566,0.2018487368295717
23567,0.5759742616625732
23568,0.49616465920507247
23569,0.7259538962468921
23570,0.9816116314142108
23571,0.8793379665945794
23572,0.11489002480629999
23573,0.12754722657605091
23574,0.15115774916403363
23575,0.21396126400722293
23576,0.29601129335196824
23577,0.14234699384322952
23578,0.13796094685972526
23579,0.8011462076431444
23580,0.7624915530158297
23581,0.18189997933147253
23582,0.027755215871075635
23583,0.04071257961391641
23584,0.14536654254182788
23585,0.11830896941591408
23586,0.15338624251853591
23587,0.028950760092833507
23588,0.1459851781112336
23589,0.5970713463498012
23590,0.026150752024563156
23591,0.24414758152411245
23592,0.3696227083808966
23593,0.0741428211573212
23594,0.1654538516681577
23595,0.927949158856489
23596,0.44100253465086614
23597,0.15678786623916866
23598,0.4156602739029984
23599,0.06936062713970802
23600,0.35521847826953323
23601,0.5014321218384171
23602,0.043687761186725176
23603,0.25534459161349005
23604,0.2404938621489928
23605,0.1018820734340134
23606,0.8965700212275313
23607,0.961380544456064
23608,0.32502197633959695
23609,0.41946683216324626
23610,0.3380446108067166
23611,0.3489247682228369
23612,0.7968118525192049
23613,0.42946730798158217
23614,0.04404319623333379
23615,0.9801066794303428
23616,0.2293131900338413
23617,0.038397509378311934
23618,0.8911242412670666
23619,0.21261359857779713
23620,0.39163383679139036
23621,0.2806005471562757
23622,0.8956539701454578
23623,0.25592075602911035
23624,0.3176635442183076
23625,0.9927973204061813
23626,0.19671665644011174
23627,0.034032541763544207
23628,0.17152685305175572
23629,0.0876857287828531
23630,0.36034323840662835
23631,0.5452723676076165
23632,0.43326994124028506
23633,0.840130028104877
23634,0.21201996168415066
23635,0.1543179885782907
23636,0.4063336328533235
23637,0.015457186498254765
23638,0.33270597419728937
23639,0.16047953929055195
23640,0.00844766213118323
23641,0.09571175603183682
23642,0.3842841860808193
23643,0.0809579118049245
23644,0.3492515477522218
23645,0.02858036323788355
23646,0.6339511649229681
23647,0.027758647016142224
23648,0.52416429748338
23649,0.25019173242801307
23650,0.9019278918847775
23651,0.42818908301926745
23652,0.3241594832469301
23653,0.9598614149623022
23654,0.17140221939726838
23655,0.7399075180250021
23656,0.3637198234136503
23657,0.5486584994889857
23658,0.9025391653000607
23659,0.4053949052728686
23660,0.21190709184718143
23661,0.32286053245047325
23662,0.42875891259680393
23663,0.09494878846342858
23664,0.9527228147658724
23665,0.078000655311633
23666,0.49342924230676244
23667,0.4651848413256102
23668,0.058292248670255474
23669,0.8614183062452719
23670,0.2245638528982884
23671,0.4132493546391107
23672,0.19793271905644438
23673,0.17230874911009258
23674,0.9813876202139559
23675,0.18631707643701448
23676,0.05470204372784467
23677,0.4594904703048788
23678,0.9365514503532897
23679,0.5943429180235429
23680,0.48157544199611585
23681,0.5649346933787339
23682,0.05247976205864028
23683,0.41450862139791034
23684,0.04008891202957622
23685,0.7019942250790526
23686,0.12137815693394897
23687,0.9231308751984567
23688,0.03897974592788973
23689,0.6457717065438915
23690,0.2661778262316467
23691,0.38172853063414447
23692,0.01258975657478476
23693,0.3540681344776941
23694,0.9483362328722309
23695,0.03066616604622403
23696,0.5616842220861316
23697,0.10256697093603298
23698,0.8223533128628648
23699,0.23528779864880903
23700,0.16502829275782036
23701,0.20898985322365088
23702,0.7928261740612009
23703,0.29801501376118994
23704,0.5218632863976621
23705,0.284666540919057
23706,0.14362675099836
23707,0.1533993190191346
23708,0.6739818772387294
23709,0.368467909777134
23710,0.19335073305002812
23711,0.2701296606901865
23712,0.0153011566797857
23713,0.4043395513769103
23714,0.9345388634793906
23715,0.9909705354527739
23716,0.6417309575879268
23717,0.6720203905312867
23718,0.1325333621653311
23719,0.1321074885969684
23720,0.4648893085939483
23721,0.06895163165505579
23722,0.10534063648862949
23723,0.7663471058158107
23724,0.3234471031243683
23725,0.10990743385479064
23726,0.17202748642608573
23727,0.1205019482820066
23728,0.7749044358420691
23729,0.03233226224903208
23730,0.9816551610460809
23731,0.18855597694054665
23732,0.23177572129075638
23733,0.15598196815834428
23734,0.9767125994119743
23735,0.4929554572132244
23736,0.1851948961578041
23737,0.36404141450941474
23738,0.1729881269543227
23739,0.6212074095093566
23740,0.5480314454264489
23741,0.6773050845069375
23742,0.6030118444444463
23743,0.45796562860162243
23744,0.4923502388040847
23745,0.9796678150754955
23746,0.5386698828276408
23747,0.10124531685463552
23748,0.905888696385272
23749,0.5754453356966247
23750,0.29287959374447825
23751,0.15854375526566578
23752,0.9851966715735093
23753,0.19453959783769506
23754,0.17912147142864365
23755,0.1830381252989035
23756,0.2037355949461415
23757,0.5935233309804675
23758,0.048670421136898276
23759,0.6770743118627454
23760,0.2833372423093061
23761,0.14402912799058437
23762,0.09835833920155865
23763,0.8906362121986969
23764,0.10247365213783013
23765,0.13169550663445176
23766,0.2652709699957084
23767,0.3181231419760676
23768,0.9538353134739321
23769,0.18268364235145776
23770,0.20229172740675488
23771,0.1333893759522754
23772,0.4298698135910614
23773,0.05565864370385168
23774,0.26191312745112744
23775,0.8848867519903032
23776,0.19854192016124697
23777,0.15262430772833907
23778,0.9113925740482366
23779,0.5472305112675234
23780,0.9305303161945129
23781,0.14347073824580636
23782,0.541742486608912
23783,0.19219712486984591
23784,0.06567931305352452
23785,0.02194369987122311
23786,0.679726578465116
23787,0.4694933298670165
23788,0.03488175330254679
23789,0.7556856175910928
23790,0.9215622370123474
23791,0.03299126220761512
23792,0.12231110048669011
23793,0.0600489337824137
23794,0.03304657841298687
23795,0.05456393875097037
23796,0.0607269461170708
23797,0.9473890044829861
23798,0.03321798525945628
23799,0.8054783999269272
23800,0.43917677841094155
23801,0.0909175868855241
23802,0.5776336547308315
23803,0.656319281897412
23804,0.1802394993236743
23805,0.7848550337391313
23806,0.7679084543493621
23807,0.34776986458953113
23808,0.3004460338235611
23809,0.741855402293183
23810,0.11367134567525586
23811,0.7107171090884422
23812,0.9249066149165471
23813,0.0855577100017809
23814,0.06878704889319208
23815,0.2136335143907399
23816,0.07124220030260592
23817,0.8177215189729155
23818,0.047489826146522134
23819,0.8710107799534297
23820,0.05575400642575067
23821,0.09665608412510995
23822,0.2514279977243567
23823,0.14617444193478313
23824,0.11601666162180353
23825,0.09611796049229805
23826,0.6291013188634771
23827,0.40666401156084186
23828,0.10573484329983411
23829,0.5551072369923896
23830,0.11591735261064957
23831,0.5866279841945798
23832,0.7889062059240307
23833,0.1249637650974549
23834,0.06500548400889766
23835,0.21951973351630738
23836,0.0896410939268956
23837,0.6937652481393608
23838,0.03964841639728247
23839,0.1274913132927013
23840,0.7622273823245843
23841,0.9514178899143372
23842,0.6527028176462756
23843,0.28743437266189786
23844,0.2661226238187332
23845,0.5966370112698016
23846,0.04131706443653021
23847,0.08778226711863062
23848,0.26863830051180043
23849,0.931254050031318
23850,0.10146708995234713
23851,0.8055344058313012
23852,0.07141737224462463
23853,0.16311448222393737
23854,0.6418342732420357
23855,0.18987399787421583
23856,0.7070247195120505
23857,0.41739516007046434
23858,0.5503700640747279
23859,0.037753687409484926
23860,0.3980418782531911
23861,0.14253049632675285
23862,0.10146286953343663
23863,0.1060251979184136
23864,0.0743893275085278
23865,0.7112037893163955
23866,0.2016767315760148
23867,0.971675435235125
23868,0.8175214910986568
23869,0.4539677786316972
23870,0.18105761344018453
23871,0.7625423058546896
23872,0.6605911231847025
23873,0.27789318226207266
23874,0.8813066247058877
23875,0.10046944611075735
23876,0.44915851271380863
23877,0.4295188936746877
23878,0.9877722101117116
23879,0.14714040526234107
23880,0.09188187675231203
23881,0.9186561149002167
23882,0.8489389180194433
23883,0.1480765086212881
23884,0.19110044931061845
23885,0.9942425552289031
23886,0.20684344607989283
23887,0.044735736759500044
23888,0.333233144344244
23889,0.8596807173382437
23890,0.136660595464511
23891,0.329533108571238
23892,0.5168179548121143
23893,0.15696083649336418
23894,0.08417003546114316
23895,0.02796004477448919
23896,0.45455115026195053
23897,0.5199537248573067
23898,0.29385862559516884
23899,0.2287308268201768
23900,0.4387338417550537
23901,0.2572761145522685
23902,0.2936863332773622
23903,0.18331936494669893
23904,0.4009042051094255
23905,0.039897087212028934
23906,0.0478831192768661
23907,0.4796546717530454
23908,0.07992295191429388
23909,0.23676010616547594
23910,0.25815196162721943
23911,0.17522490526994317
23912,0.9696962737436642
23913,0.2652186249193416
23914,0.21675991534096628
23915,0.08971259066516764
23916,0.8045242631784243
23917,0.09262990214511531
23918,0.922359839162993
23919,0.19330971168348515
23920,0.7237659510208957
23921,0.22291202491689888
23922,0.5377063219823305
23923,0.8501205509514436
23924,0.2240493323591209
23925,0.35253116230498754
23926,0.01746916756983469
23927,0.8199353602189495
23928,0.5550441387002077
23929,0.8856468105834361
23930,0.031052559936010367
23931,0.14318172473056046
23932,0.7140195521802875
23933,0.6002268823608381
23934,0.3050451957139026
23935,0.049110105024399886
23936,0.48311531073041586
23937,0.08939036983343221
23938,0.2217404521083146
23939,0.5228140558939897
23940,0.5275280273494585
23941,0.9249836831995119
23942,0.40432612174059757
23943,0.08880615586169009
23944,0.3946816112038461
23945,0.9183305946633126
23946,0.09718440883053003
23947,0.09138199627122208
23948,0.696975416212634
23949,0.2700364768300875
23950,0.16382517590036916
23951,0.05453149802862428
23952,0.15395193680453265
23953,0.19237489000476785
23954,0.5510601768720292
23955,0.30264449807613836
23956,0.41716627301379694
23957,0.15147381953789288
23958,0.8610638142045905
23959,0.07190635942727716
23960,0.8968181955251421
23961,0.49062172108978047
23962,0.029775919865248527
23963,0.6932561671742508
23964,0.9325799883684347
23965,0.050173684781039146
23966,0.13986313156821706
23967,0.061598391048120066
23968,0.31628953615672334
23969,0.6037001247195357
23970,0.9527723827317202
23971,0.09824534922866102
23972,0.1691362299168745
23973,0.1274409170339476
23974,0.36515039388167086
23975,0.9783784634848264
23976,0.05265892894826268
23977,0.9609629615205758
23978,0.03535758653830891
23979,0.7111930263947646
23980,0.7986517357217848
23981,0.06622202187828405
23982,0.28668205112806533
23983,0.9944537122440484
23984,0.3352097771852056
23985,0.1719477968175455
23986,0.22166104703504938
23987,0.6075468673973221
23988,0.17955967536849146
23989,0.4470289945858732
23990,0.2667860956370996
23991,0.7347471252748697
23992,0.4801961507153651
23993,0.14499403194722013
23994,0.7779022887066075
23995,0.04062355835962052
23996,0.24205358519996997
23997,0.14932150901193858
23998,0.9731535842002225
23999,0.5868247190502572
24000,0.11925904830143731
24001,0.24560220223632886
24002,0.47528388865454035
24003,0.33943235646768866
24004,0.48930281115120017
24005,0.8998204453404504
24006,0.44703647976120664
24007,0.01309157222398282
24008,0.3737412763855372
24009,0.05962602537260701
24010,0.13737495847380923
24011,0.10147103439180849
24012,0.07444743959267337
24013,0.9494547620887643
24014,0.115905333618503
24015,0.83999386574833
24016,0.12264971476260006
24017,0.9100765678359243
24018,0.1358420193529506
24019,0.23538870859176586
24020,0.3106814957383929
24021,0.11120200066387759
24022,0.2916329835819045
24023,0.9572139476317293
24024,0.7773027581470767
24025,0.4202667399609214
24026,0.18623626879615598
24027,0.3205910208061146
24028,0.12043025589031812
24029,0.5984181462638769
24030,0.07506981181061555
24031,0.07632267972309248
24032,0.5646629306915878
24033,0.1484018335955318
24034,0.6403832336317575
24035,0.06361176767529211
24036,0.41948210547374454
24037,0.30455671176823235
24038,0.2775024347868702
24039,0.9548534321687617
24040,0.02587878209406351
24041,0.9456547319206433
24042,0.8275114794696851
24043,0.9379308364115672
24044,0.6125276539073508
24045,0.36199344924549115
24046,0.47494789196965054
24047,0.25369563954381213
24048,0.26858135770705
24049,0.08075105166986887
24050,0.9213312823763318
24051,0.26160008288656106
24052,0.39990035048695344
24053,0.4985186353876257
24054,0.23405621633164517
24055,0.5205652574073785
24056,0.42147248392835823
24057,0.5085699867091582
24058,0.45465513773381466
24059,0.9668839970929746
24060,0.8182855788924589
24061,0.07692187602755221
24062,0.11872586833852952
24063,0.6572880695435772
24064,0.453048883088866
24065,0.17182815146315497
24066,0.4192259326738683
24067,0.03576103778404019
24068,0.2986192188440736
24069,0.265249975665858
24070,0.7098220694399592
24071,0.9790811977308379
24072,0.24499123531917666
24073,0.7935087790757425
24074,0.2639368975827725
24075,0.9354846960511806
24076,0.07104821137143082
24077,0.44886483432609386
24078,0.058029112330007654
24079,0.9131148507014704
24080,0.5859958441231828
24081,0.042542456817331785
24082,0.7765942652143462
24083,0.9550407292725541
24084,0.24613214451426216
24085,0.7082021625989523
24086,0.06961931344931396
24087,0.11890598941395496
24088,0.5542941997255537
24089,0.851768387663647
24090,0.3222452698377692
24091,0.5653574990342769
24092,0.2153622880526354
24093,0.1450294182481582
24094,0.23518201459624585
24095,0.01785063115340677
24096,0.6123288008952786
24097,0.37260289149578263
24098,0.6593665665363406
24099,0.37839485863889133
24100,0.19356591600238288
24101,0.37223576073917114
24102,0.11076572203776178
24103,0.7691812261250116
24104,0.1972553862044951
24105,0.9011600404858773
24106,0.0490025704893003
24107,0.06230903357059412
24108,0.06644794037916353
24109,0.8799283863175961
24110,0.9747634719621058
24111,0.11972902933434881
24112,0.7053488043662055
24113,0.2530014493178999
24114,0.2198083140632687
24115,0.13059229251526383
24116,0.9756557373735897
24117,0.2371377561294346
24118,0.5321042325340395
24119,0.19810544091460058
24120,0.25662354252773456
24121,0.19902707499768008
24122,0.0978216978852025
24123,0.10136560649384779
24124,0.7804409095313961
24125,0.1162922018936329
24126,0.28014939802004574
24127,0.0516541663535702
24128,0.08313692274650292
24129,0.07685631912471598
24130,0.4702535394516424
24131,0.33531533084948084
24132,0.023428081384233832
24133,0.1046394487074536
24134,0.9856281866290034
24135,0.9307546789479323
24136,0.8985258506982711
24137,0.11175332281530241
24138,0.38940321811054573
24139,0.10750919104325443
24140,0.04947232846453876
24141,0.8773744491542466
24142,0.8868088275804401
24143,0.2092079500569381
24144,0.6715635089974354
24145,0.22006735260088986
24146,0.9264621219343737
24147,0.3023089038826411
24148,0.20494566882880874
24149,0.29081758484675985
24150,0.4759664553750018
24151,0.6907388569287399
24152,0.853920752967464
24153,0.3558829289278576
24154,0.8543373876879806
24155,0.24011519801985298
24156,0.14463107994421198
24157,0.48615610253482905
24158,0.9408406597227511
24159,0.24039125116314208
24160,0.20247646236460734
24161,0.9898546685706852
24162,0.0047337770849073865
24163,0.5256374065369036
24164,0.16082423642735877
24165,0.35369875390671524
24166,0.12833448570687264
24167,0.8926791972872793
24168,0.32539855020794395
24169,0.023587022513579026
24170,0.14228313962470845
24171,0.15099564804704396
24172,0.4258502670376398
24173,0.04498372609854963
24174,0.9084666708587014
24175,0.15121348462633585
24176,0.4215832756265466
24177,0.1606135306381257
24178,0.9755167639688557
24179,0.14309915770574608
24180,0.23052307742964287
24181,0.5092072162722276
24182,0.083954125761165
24183,0.20490574760105237
24184,0.6858827861293124
24185,0.9557181406665718
24186,0.20333424614058973
24187,0.2815714391014316
24188,0.1972947608280104
24189,0.3492947307516752
24190,0.33458410368588054
24191,0.1515791647116869
24192,0.9710244676723901
24193,0.03994835401583426
24194,0.07377179500192628
24195,0.23984962641924074
24196,0.5548326547564326
24197,0.6687449592297333
24198,0.15016428454637454
24199,0.7884706341834948
24200,0.2808049569613515
24201,0.1567501875316219
24202,0.32402003669002133
24203,0.8588093138309654
24204,0.3083429354563782
24205,0.15865345462959343
24206,0.18124514886976453
24207,0.5223365757202031
24208,0.3921661796840173
24209,0.35486431139802976
24210,0.3550411214868973
24211,0.28346821402894623
24212,0.06517817486865343
24213,0.2317852646751473
24214,0.29224377446778504
24215,0.8747880825538528
24216,0.2627223875821258
24217,0.1337701697791512
24218,0.34280053249721854
24219,0.5844019290063781
24220,0.15651947532603944
24221,0.6828326681513949
24222,0.07571495412098854
24223,0.05885382757339823
24224,0.7145766273369103
24225,0.4254130914133032
24226,0.2046423253150069
24227,0.2727327829918153
24228,0.10816528038166162
24229,0.4690195627045271
24230,0.7841502237816149
24231,0.12874371402045764
24232,0.18906964157156525
24233,0.11928667412098111
24234,0.1990358950491558
24235,0.24371961167217548
24236,0.9506809014826635
24237,0.22489961686690724
24238,0.1537855057084483
24239,0.5333746644985924
24240,0.35990750416025097
24241,0.9320431272589293
24242,0.013396697715863411
24243,0.4601916696566822
24244,0.34265792809272994
24245,0.29813637109125196
24246,0.16603516994375483
24247,0.13893136297984424
24248,0.05978380418173034
24249,0.06195539838422817
24250,0.15404974475017005
24251,0.05742823302736554
24252,0.12007182761477105
24253,0.3855071090091449
24254,0.9030085182567131
24255,0.24138597822646446
24256,0.12032577571385046
24257,0.45521868263399606
24258,0.3483957336038803
24259,0.743430450726664
24260,0.15874543510465736
24261,0.4162809912240313
24262,0.040781999403311654
24263,0.38611693759733273
24264,0.06945063923874996
24265,0.5629348397931302
24266,0.08078343743100543
24267,0.31106835950541867
24268,0.3212194216355979
24269,0.3220585926670567
24270,0.9497620080243983
24271,0.12932022154841305
24272,0.18854270081247904
24273,0.18289925365144272
24274,0.1686117116403393
24275,0.9472167883372996
24276,0.7246985407363332
24277,0.3713627504625239
24278,0.29553763227258895
24279,0.16807273907313264
24280,0.940011090937066
24281,0.3795848062678474
24282,0.8497015947490698
24283,0.09325208027772662
24284,0.15347214371106113
24285,0.18455230873538048
24286,0.5148509940240817
24287,0.6852763469783952
24288,0.5561596888419291
24289,0.42044004338208096
24290,0.5727577645208755
24291,0.3370059471598231
24292,0.4769116498498846
24293,0.3852151924475116
24294,0.40194513235596296
24295,0.1610222540483914
24296,0.31587757632514835
24297,0.3051558630881239
24298,0.5570538618261963
24299,0.48456624740045434
24300,0.24475278330332764
24301,0.22304403407354703
24302,0.10617812076418882
24303,0.08640587451966741
24304,0.02050221395939393
24305,0.4541161167528584
24306,0.059833336814758616
24307,0.9531192768316242
24308,0.7621575572431333
24309,0.08067072072013187
24310,0.2574997483597754
24311,0.26413820062984344
24312,0.10562117417130627
24313,0.15831781014726035
24314,0.24320876482029366
24315,0.297036023146965
24316,0.4237921945755616
24317,0.4899873564104322
24318,0.7325781772432461
24319,0.966890111611881
24320,0.04664770632609977
24321,0.08368198264159646
24322,0.36510969731203957
24323,0.10119419633365884
24324,0.1382956090089935
24325,0.9419353120104218
24326,0.6525917109636782
24327,0.08194116153798893
24328,0.0673790126292642
24329,0.10476066395563119
24330,0.7114226863807211
24331,0.060395245571639514
24332,0.10909185798967978
24333,0.5089600405439498
24334,0.43958484305482376
24335,0.5785831640840465
24336,0.6730248206650208
24337,0.3928530797179447
24338,0.3504739224611143
24339,0.7784667681273398
24340,0.30734182480699296
24341,0.189428063705089
24342,0.5347306010821306
24343,0.12947654493365687
24344,0.06363316495349085
24345,0.34712214747523235
24346,0.33158419072980905
24347,0.24285572887648751
24348,0.20550057040736688
24349,0.8741259997673132
24350,0.46341692447066224
24351,0.1067542466487501
24352,0.7610905579715609
24353,0.06667495092879222
24354,0.0691190143004399
24355,0.05265510705651848
24356,0.14201042654136614
24357,0.38997206037549936
24358,0.1867365425046327
24359,0.056757416052859874
24360,0.16390500455133022
24361,0.4789144630957429
24362,0.05759544447176371
24363,0.9552222813642829
24364,0.1667442779802534
24365,0.28327980501001004
24366,0.11352330239761198
24367,0.5786702164871977
24368,0.23632631027740897
24369,0.06238883868893494
24370,0.035787109658556894
24371,0.3623170040716709
24372,0.07733616139212608
24373,0.9530644516654451
24374,0.3119421710373409
24375,0.8843335830962266
24376,0.3552250180993473
24377,0.2778894901596137
24378,0.017639737397103717
24379,0.8501439490881478
24380,0.9729609736188076
24381,0.07580033592554025
24382,0.04472318177514874
24383,0.6258373646021077
24384,0.6927345984867355
24385,0.4054714394929915
24386,0.5476790028688434
24387,0.9651278739758915
24388,0.12146869914469945
24389,0.2957263923549953
24390,0.28776549962068015
24391,0.6463202391700037
24392,0.11664308319207135
24393,0.19900557833495847
24394,0.2763119430023199
24395,0.5115376891316572
24396,0.9222773648138917
24397,0.3736905035346929
24398,0.1505526270218353
24399,0.03778455767012147
24400,0.08660443416423652
24401,0.2907728455173431
24402,0.18616500872449943
24403,0.6771895251973182
24404,0.10241105733235314
24405,0.5238107989136168
24406,0.1096678159285794
24407,0.8107668380653194
24408,0.8352501308394155
24409,0.034286587060643414
24410,0.7707678456225863
24411,0.1476776033252352
24412,0.23572455477366253
24413,0.2169964191535243
24414,0.4513350011507518
24415,0.023295884688586996
24416,0.03188764493092071
24417,0.10194453719177164
24418,0.882607364783838
24419,0.07162679924096194
24420,0.2502723804484048
24421,0.04154020202037161
24422,0.7700366348658559
24423,0.06189387629185744
24424,0.1064530518561907
24425,0.43757548066274843
24426,0.3691668928057399
24427,0.2581232854074952
24428,0.3277638215376674
24429,0.9009321524721778
24430,0.36720398980723756
24431,0.3023155890100006
24432,0.07053502224541276
24433,0.4909993561243175
24434,0.11555260475265856
24435,0.27890953920585915
24436,0.5401741770351874
24437,0.7131627276688846
24438,0.00988000468460877
24439,0.2256934199784104
24440,0.06352912220480178
24441,0.1508093815695899
24442,0.046184348236852996
24443,0.8138114016114686
24444,0.4226234593099361
24445,0.9687219806385845
24446,0.236791619675207
24447,0.7453212950504913
24448,0.03129704519725576
24449,0.5913907550716421
24450,0.02061464031418779
24451,0.32786309277185427
24452,0.8276342648067713
24453,0.7232831082262157
24454,0.48848689890279073
24455,0.38544262420686587
24456,0.25473405535094995
24457,0.36847930582982974
24458,0.1378376105951872
24459,0.2875214558492914
24460,0.04641720222808711
24461,0.1251500764912434
24462,0.9435945071575131
24463,0.19506966560019676
24464,0.4327625758212825
24465,0.7858871565978394
24466,0.9375580040201276
24467,0.21569161572547407
24468,0.04389236090534162
24469,0.08134846966548796
24470,0.29280239016378795
24471,0.5028847059581788
24472,0.431089753661422
24473,0.9088873619623947
24474,0.13330635330465593
24475,0.058808453441365566
24476,0.1223187648523129
24477,0.3775988410029634
24478,0.3442896787399314
24479,0.1911340460178256
24480,0.22576496237079083
24481,0.09267704247464631
24482,0.8568535971785717
24483,0.5239817830003431
24484,0.5686332093822688
24485,0.13182585799099805
24486,0.23346711825523062
24487,0.40805934418825124
24488,0.4756440481061879
24489,0.1439149915980127
24490,0.2321604667570587
24491,0.8003544605053764
24492,0.33179333382788745
24493,0.08182111853105653
24494,0.49239427666267377
24495,0.30519408372936113
24496,0.07541750222428828
24497,0.3308950339354466
24498,0.21420750572823422
24499,0.16669357951700375
24500,0.010242831722442095
24501,0.2654566326900803
24502,0.45566944787831637
24503,0.10537499043241866
24504,0.044437002173358046
24505,0.1150000024460943
24506,0.16576692087707345
24507,0.04821152118488057
24508,0.028367854233732042
24509,0.4291217666930635
24510,0.2087374743665994
24511,0.6567073970604773
24512,0.28350817128862793
24513,0.05667894849261921
24514,0.8976453946154043
24515,0.25541967459437404
24516,0.11236201287012967
24517,0.09124360695106115
24518,0.9837600857456892
24519,0.991868812274784
24520,0.09148882725569835
24521,0.39051948630342675
24522,0.1433085079833324
24523,0.9270169168926786
24524,0.15174955225164247
24525,0.5713499156188854
24526,0.04794404681949934
24527,0.0968986646489465
24528,0.16155761121310422
24529,0.16672643916034438
24530,0.2134491012925126
24531,0.07890042576591824
24532,0.9901008772959798
24533,0.8221663102395337
24534,0.42897687128404965
24535,0.3200911136211342
24536,0.5225023507913856
24537,0.3234648831163537
24538,0.4139748000890072
24539,0.6361934657496362
24540,0.8873978962022648
24541,0.06591712397818728
24542,0.6283153055459799
24543,0.43564776369043795
24544,0.6345214005508947
24545,0.2317773010780487
24546,0.5685181413470679
24547,0.5573107247747433
24548,0.9707099719714577
24549,0.3690242883739602
24550,0.3483121891425293
24551,0.06170153386381148
24552,0.07006408155725946
24553,0.19111239433241783
24554,0.303546080018501
24555,0.16937385770840083
24556,0.03478402483742152
24557,0.2511849567256626
24558,0.9937138689032528
24559,0.12018599442471414
24560,0.9053594078107058
24561,0.7081706958534255
24562,0.925405186448937
24563,0.4136503070242833
24564,0.20330826157793508
24565,0.562617225969818
24566,0.15535774907080116
24567,0.3421787994774698
24568,0.6406949649758454
24569,0.10932091299682237
24570,0.737962377526373
24571,0.060493025695672484
24572,0.48798242002810543
24573,0.037777830351012856
24574,0.19780773373170174
24575,0.1168937437157972
24576,0.979706376202492
24577,0.12973995283036074
24578,0.024327322319584923
24579,0.9143531264721259
24580,0.24602989187131397
24581,0.9706748340587322
24582,0.7653036193401193
24583,0.961623500227705
24584,0.9774469003042954
24585,0.06400175691498139
24586,0.2590978512201372
24587,0.30874572845585546
24588,0.042258875250104994
24589,0.03787628534749447
24590,0.7134147389316899
24591,0.028703556874865872
24592,0.339164732663038
24593,0.2662123292203434
24594,0.5904254886684176
24595,0.13414439809155265
24596,0.9537820849145597
24597,0.39736676818007605
24598,0.031922417502186225
24599,0.1465282628265317
24600,0.49447400335647873
24601,0.7893646817305671
24602,0.1175555335403131
24603,0.0884479749478456
24604,0.025134632680347806
24605,0.21693937789538165
24606,0.8960163070069
24607,0.08471408985710749
24608,0.22077550325358847
24609,0.41905357397679394
24610,0.022855683670176635
24611,0.1274945718781375
24612,0.7202110467323184
24613,0.08966029937219096
24614,0.08316369082660904
24615,0.13068864479026218
24616,0.9637096576157212
24617,0.31836761482676673
24618,0.9565369387531789
24619,0.03237715268570101
24620,0.627302035724771
24621,0.561332692045263
24622,0.12205777084354756
24623,0.3530223827448196
24624,0.06258383691386342
24625,0.10064182025636935
24626,0.7059975079386922
24627,0.1435453121386363
24628,0.429310315784505
24629,0.0913619974957135
24630,0.8200559140513106
24631,0.283472811484569
24632,0.04442870383025406
24633,0.11532924698960717
24634,0.4000905269365297
24635,0.19117553565489823
24636,0.3758264792019394
24637,0.46650273124058605
24638,0.1316201586393763
24639,0.06656166773780527
24640,0.07243587160968402
24641,0.7479013241930075
24642,0.017251157880151847
24643,0.12726063185928196
24644,0.4444163485203333
24645,0.42760367497829394
24646,0.7615782667794266
24647,0.46257995085931813
24648,0.8957754631426535
24649,0.16318208014251895
24650,0.2871679790002246
24651,0.11057155271769432
24652,0.616388159335875
24653,0.6120122207380023
24654,0.9856373967945977
24655,0.11919996699499844
24656,0.17439821181713872
24657,0.8890651783872032
24658,0.8060506088900179
24659,0.03469255431130175
24660,0.14693918640022777
24661,0.5651893996060164
24662,0.9290071120383501
24663,0.07675421701506677
24664,0.2784420213856938
24665,0.041382321146523335
24666,0.10684414846679544
24667,0.3241784238140543
24668,0.9116223801210787
24669,0.658193110231838
24670,0.7164011108873289
24671,0.9721584236610764
24672,0.11036008080471192
24673,0.04254284680029586
24674,0.6276729862229707
24675,0.11031211568084812
24676,0.11831871305925619
24677,0.9571464924634969
24678,0.9908542118922214
24679,0.4782981913995008
24680,0.9256838710779025
24681,0.13290780511394185
24682,0.026830687565508625
24683,0.6367063444887094
24684,0.9578690136113909
24685,0.6057698872797656
24686,0.43173969979019744
24687,0.08582107789590727
24688,0.6357772236756573
24689,0.5854351239111816
24690,0.10126646377699088
24691,0.10523789026353832
24692,0.8887361527575894
24693,0.28768153508281774
24694,0.3199319315735926
24695,0.08637366866566762
24696,0.6274732414734464
24697,0.006307912657522983
24698,0.42067921481721465
24699,0.817301088168469
24700,0.09886221324422176
24701,0.1021794789403461
24702,0.17271506628716052
24703,0.24787363757570444
24704,0.5674179512361731
24705,0.6716399546944816
24706,0.4730906917268901
24707,0.9831107371730371
24708,0.14770332413198028
24709,0.37901598885462306
24710,0.45277028315709433
24711,0.16776829941531027
24712,0.6177512554607606
24713,0.178196633040633
24714,0.3107076826501046
24715,0.4165610881383493
24716,0.9410321011486414
24717,0.19568280268077323
24718,0.020544371297981368
24719,0.42356206117293554
24720,0.6029827632253392
24721,0.8166894112322547
24722,0.0863709611875151
24723,0.09718051348454652
24724,0.2998272567425247
24725,0.6684341914959149
24726,0.5024983335121519
24727,0.1876505597997508
24728,0.9233082951578434
24729,0.2839648202618618
24730,0.054447500207428084
24731,0.2963162344289572
24732,0.12558265254944376
24733,0.05445799042706012
24734,0.7768789721080415
24735,0.027437156418683228
24736,0.554841905472539
24737,0.011686102285022778
24738,0.47693014139532175
24739,0.06804478167960618
24740,0.4212987751296065
24741,0.4701801601246829
24742,0.5854451574295817
24743,0.1536349102565417
24744,0.2546608347523635
24745,0.25614936106864433
24746,0.0665024230713894
24747,0.5713438997305788
24748,0.8161789667633723
24749,0.12024435392903209
24750,0.4222817824082918
24751,0.07534519500296198
24752,0.13934913485762823
24753,0.6757082583210628
24754,0.8311375398779065
24755,0.14104783659090106
24756,0.00958928937132307
24757,0.7056426657460771
24758,0.40940941768078787
24759,0.04261431232421436
24760,0.05734583631594151
24761,0.2209576301894101
24762,0.5096475173954252
24763,0.501811115141544
24764,0.11618037588128075
24765,0.2756889959764952
24766,0.27487125330604556
24767,0.2902040127301944
24768,0.06894889784814191
24769,0.24822142563767466
24770,0.2066028565099236
24771,0.08381017899261833
24772,0.12901254184704916
24773,0.11146790662136782
24774,0.27386791336328903
24775,0.050946877955532384
24776,0.5929243816679659
24777,0.25428270196000907
24778,0.9222113777465328
24779,0.28707448572473493
24780,0.3193462366138531
24781,0.13776149182591174
24782,0.9718702663996289
24783,0.49620025550209174
24784,0.6823400337177057
24785,0.7735172948038268
24786,0.43359083540961124
24787,0.10556356828910338
24788,0.7275024112148237
24789,0.4406986837290661
24790,0.06918378490045148
24791,0.3161892284965913
24792,0.12830846635132434
24793,0.8499503275640314
24794,0.14018938236920508
24795,0.12779963592541096
24796,0.9940552994347046
24797,0.07421729409737379
24798,0.10005088202208368
24799,0.3619635338915862
24800,0.2763478144345719
24801,0.04237603913877264
24802,0.8079196593660104
24803,0.030810866542493497
24804,0.07795957937641287
24805,0.055494628577140756
24806,0.08855716728603892
24807,0.29176134870008297
24808,0.05452998571962815
24809,0.7475335471136311
24810,0.21339930832981485
24811,0.1963200653145117
24812,0.1212146573861996
24813,0.5998124574871816
24814,0.14950961232852608
24815,0.0798217853042453
24816,0.04889850616127167
24817,0.375566108222339
24818,0.1283222295025326
24819,0.6630378611859121
24820,0.7716546106780048
24821,0.09596034282948505
24822,0.9126829031484638
24823,0.12638539764656456
24824,0.31466349504962515
24825,0.10079413548191898
24826,0.8014205082083149
24827,0.15180074889903505
24828,0.2296271558862567
24829,0.2720789838435538
24830,0.6312993903434944
24831,0.09476391634963865
24832,0.16834697396149823
24833,0.1550488931023107
24834,0.15129988331035463
24835,0.3072075251423197
24836,0.2881538596515189
24837,0.11240199600594915
24838,0.5648373095227752
24839,0.6045251486794176
24840,0.9587226424075384
24841,0.9843955060851689
24842,0.0661021962932362
24843,0.28699688870115264
24844,0.15328122638399735
24845,0.026060268681347205
24846,0.08501741097633539
24847,0.7857516071580432
24848,0.1548190146084094
24849,0.31017843852794047
24850,0.19610290002024208
24851,0.7617409161282842
24852,0.422649867450502
24853,0.16336710129370485
24854,0.09905932846463987
24855,0.9681060183981691
24856,0.035648094300578186
24857,0.11995140289482112
24858,0.07355237994847452
24859,0.3885018591848303
24860,0.48740712913127177
24861,0.5186912033044695
24862,0.09614540324144383
24863,0.7661136501649959
24864,0.21981636573568344
24865,0.5216818483282438
24866,0.6458569152201622
24867,0.9069652815292482
24868,0.11576925480490532
24869,0.3517413006185952
24870,0.875949385976006
24871,0.43198193023495024
24872,0.25364318122800583
24873,0.2369960154578269
24874,0.13355694615249342
24875,0.3277186378728083
24876,0.3596295260455714
24877,0.5635527807872037
24878,0.20110555835488061
24879,0.33738388580196993
24880,0.7651464798480833
24881,0.5531880779009197
24882,0.30875630485160055
24883,0.9341512577741268
24884,0.3977703429528954
24885,0.45294384533895277
24886,0.11687853123803107
24887,0.1078971770513021
24888,0.2950435993521439
24889,0.8495075090449158
24890,0.31330313805751814
24891,0.3173049268139292
24892,0.18208101975959068
24893,0.5953303907592215
24894,0.11841271144089308
24895,0.9922083992843144
24896,0.9941594150580706
24897,0.5885929896859524
24898,0.9832899676603621
24899,0.24794069660069834
24900,0.5976561730412219
24901,0.08190322735955825
24902,0.5349661169580673
24903,0.24763080009202182
24904,0.05036596745210224
24905,0.9003740216156814
24906,0.43795160077978695
24907,0.7638408148726678
24908,0.5136696922101012
24909,0.3106949688859545
24910,0.13052777612931746
24911,0.05655715726260061
24912,0.26755489028335516
24913,0.14724313173898426
24914,0.07883994348922652
24915,0.974862252288986
24916,0.9771140589823908
24917,0.3260615325073144
24918,0.8052690441904728
24919,0.07780640051742468
24920,0.36655223552067223
24921,0.7294653594485832
24922,0.09636030809899986
24923,0.06927196431506163
24924,0.15610135021415814
24925,0.46640789947164984
24926,0.034103422175768165
24927,0.21147173105438413
24928,0.31826387228310266
24929,0.24374575195541281
24930,0.7281594324708293
24931,0.9176311250738036
24932,0.5424853882282754
24933,0.3571260085330645
24934,0.16915171856992822
24935,0.266915456858073
24936,0.45239852978138695
24937,0.9531446354725647
24938,0.9918079561178546
24939,0.29520460728182407
24940,0.23747330609884088
24941,0.36748071048297054
24942,0.07881757925733825
24943,0.08021045697209365
24944,0.09564010138617836
24945,0.08431940285972825
24946,0.10837657719713638
24947,0.14117081256509217
24948,0.24700736595351985
24949,0.17963873533870311
24950,0.8607016767671521
24951,0.4164932687417525
24952,0.11113326185868017
24953,0.2392068860646689
24954,0.31744125031647236
24955,0.4776745644213794
24956,0.17267775886219527
24957,0.07176956321773997
24958,0.09843396011328573
24959,0.3575303396088458
24960,0.8095864911898801
24961,0.0626723578796325
24962,0.022738083581096687
24963,0.052432304338959825
24964,0.0862450727657972
24965,0.09113014615027915
24966,0.8755875091350426
24967,0.04610776717091047
24968,0.15881537838154897
24969,0.8413066564106008
24970,0.9398993616044296
24971,0.27193801775780324
24972,0.19978960086930567
24973,0.2271567737576599
24974,0.20771003711289185
24975,0.3689149796376552
24976,0.4834305724833522
24977,0.02879280032107129
24978,0.10547490541264114
24979,0.6792919197251417
24980,0.20427130657504505
24981,0.6963023109844069
24982,0.1969973622818879
24983,0.22088833202629563
24984,0.46108976910372207
24985,0.7199437522944147
24986,0.9692179983286462
24987,0.2670662110213187
24988,0.14362793716602382
24989,0.9151859637506538
24990,0.9375354980495024
24991,0.7643383722240681
24992,0.06820662783360966
24993,0.9082328190484417
24994,0.7645350146879237
24995,0.08964791171786735
24996,0.1041490550053338
24997,0.06209138091024653
24998,0.39859102128224744
24999,0.21936008142892152
