id,Exited
15000,0.09123475672915769
15001,0.014654242075449618
15002,0.07158794748818241
15003,0.37366380390937765
15004,0.024321005650436326
15005,0.12952037013573736
15006,0.02142860933627618
15007,0.04085858595423195
15008,0.0102507884156779
15009,0.008064503536929422
15010,0.053421136430089715
15011,0.9818642834514766
15012,0.08257684230448939
15013,0.2423055996632833
15014,0.09870815391697965
15015,0.01063208231403802
15016,0.010441380627537472
15017,0.01584817414497523
15018,0.4583971848186802
15019,0.025851089709397673
15020,0.004740109047893821
15021,0.007964072084241993
15022,0.9746600571266522
15023,0.415122501815809
15024,0.030799771540166648
15025,0.7032502063226459
15026,0.6668833339801549
15027,0.01435321228946721
15028,0.20271819035021135
15029,0.7023025783013076
15030,0.5272639804982233
15031,0.35386245040704994
15032,0.12384554508946007
15033,0.15821067960156548
15034,0.7889153417600551
15035,0.057928492627729984
15036,0.009961279047290923
15037,0.6238585638573478
15038,0.05241961121286887
15039,0.024759333819693485
15040,0.29003004126747245
15041,0.004971200116984564
15042,0.0027366026365910202
15043,0.016746679634923056
15044,0.0022662867348281455
15045,0.030079755255953983
15046,0.31330244310638344
15047,0.8802730900738399
15048,0.0033091771221779
15049,0.6612660226947201
15050,0.03049532755824978
15051,0.04678512610737384
15052,0.022511828889870758
15053,0.5424240645943929
15054,0.2839001321169573
15055,0.010626517761087615
15056,0.003939365815447563
15057,0.9778320219313872
15058,0.8545637907548956
15059,0.18048774624873312
15060,0.006629241538089009
15061,0.004906502944412464
15062,0.7934627692220048
15063,0.7450337436173057
15064,0.015708505492935974
15065,0.026128158113505454
15066,0.039635282206034864
15067,0.9676679392085077
15068,0.9107776904150335
15069,0.027482229428177695
15070,0.8086453761338505
15071,0.020282117666718818
15072,0.5966206386479246
15073,0.5930219987103753
15074,0.022170851868977267
15075,0.009928653994757484
15076,0.0018598958588880875
15077,0.02082461272524803
15078,0.0032803746325757964
15079,0.05075615172183014
15080,0.8551388055268516
15081,0.08577225403376604
15082,0.09099776017233138
15083,0.04365945116251401
15084,0.005248228604927906
15085,0.00927872272703152
15086,0.6992355569791399
15087,0.0012821154467603797
15088,0.021723379181756954
15089,0.010315050312515704
15090,0.014780323873241203
15091,0.006891850770084039
15092,0.0029865199945256684
15093,0.1460113176222489
15094,0.004767583447040131
15095,0.014438557205889697
15096,0.22008494515196958
15097,0.001580735220259757
15098,0.014644588953358609
15099,0.2961410723740869
15100,0.00037629340117153803
15101,0.828112935261062
15102,0.6333790394347357
15103,0.3733700034187031
15104,0.29449321641670156
15105,0.0992900118149894
15106,0.2089950329381838
15107,0.9609374462409567
15108,0.007250969651104075
15109,0.0033951517649275804
15110,0.38262215355500445
15111,0.03126347351727553
15112,0.2905780183533234
15113,0.028576255383747643
15114,0.02098181456747007
15115,0.05613237349992185
15116,0.007364707899635738
15117,0.9987128597092255
15118,0.05116559542465576
15119,0.09393413711343007
15120,0.014285462660262233
15121,0.20874284252119482
15122,0.017822022473549404
15123,0.03364023791759633
15124,0.4445366335910689
15125,0.0058502803529943805
15126,0.9155199730620742
15127,0.0013780123439678636
15128,0.08045036244938591
15129,0.063179542366215
15130,0.0008083619636566306
15131,0.8454730086166576
15132,0.015204298996997117
15133,0.03356402288165688
15134,0.004639270707902617
15135,0.5344450205890675
15136,0.6306980188960963
15137,0.14725076038848958
15138,0.034629605872874634
15139,0.007075810225719199
15140,0.008535113430045852
15141,0.9107419584835907
15142,0.004165028318736517
15143,0.8984678777938174
15144,0.3464173586461304
15145,0.020148936907483313
15146,0.017588390620112446
15147,0.695350180496156
15148,0.024831263361263674
15149,0.9716250557257312
15150,0.03024348310087467
15151,0.41982227885111545
15152,0.9988777481406508
15153,0.05008508998157392
15154,0.8093679975150792
15155,0.15092439859420417
15156,0.0021369676258880775
15157,0.04965242441333806
15158,0.35280512970034844
15159,0.49348289922216954
15160,0.2635786895740283
15161,0.0005210295860092771
15162,0.0021948456581278417
15163,0.0037611365429977427
15164,0.0018316485207990503
15165,0.08378966228176184
15166,0.9751754733924485
15167,0.26423345104748786
15168,0.10420554685792188
15169,0.015240985635779565
15170,0.25226476803398273
15171,0.008051890550257674
15172,0.07127494449586413
15173,0.9612406431175856
15174,0.6993906306190426
15175,0.09929927085345323
15176,0.004888769336044604
15177,0.02050666304485508
15178,0.11760977926187868
15179,0.018925183179953873
15180,0.4245935995650788
15181,0.9820312945918158
15182,0.11032634996853317
15183,0.6095556730068106
15184,0.013559364243357318
15185,0.5113859096739336
15186,0.05063169325852221
15187,0.004715907840819496
15188,0.013830975513028422
15189,0.008447997700820884
15190,0.10498196954562597
15191,0.007642006069612491
15192,0.29276345071868215
15193,0.33957518307059814
15194,0.6384050424040791
15195,0.23726494520474237
15196,0.1445084494903922
15197,0.0010240574368772693
15198,0.35050185271661316
15199,0.08429543109907615
15200,0.2438134918414153
15201,0.01951369023946779
15202,0.0009946157672375204
15203,0.002800786116806928
15204,0.005531629299562199
15205,0.1076626756224682
15206,0.09472002669950452
15207,0.14109674028255725
15208,0.012838728292430636
15209,0.17016610787753403
15210,0.010844042059984996
15211,0.043177214840059215
15212,0.6780923148356591
15213,0.0033429168009490424
15214,0.014703686523312458
15215,0.04841818894241853
15216,0.5983937566376607
15217,0.042477361005111694
15218,0.036025222632490785
15219,0.017872705816863635
15220,0.020307352518189024
15221,0.017126820850085503
15222,0.12908788244169303
15223,0.015290938622902643
15224,0.0071493358851859035
15225,0.729147547908854
15226,0.32962558073825243
15227,0.0032941532520859387
15228,0.4745841948187838
15229,0.017280990657434842
15230,0.8839125391637533
15231,0.9126313921952525
15232,0.04060315990274617
15233,0.07744049021217857
15234,0.9999223441868504
15235,0.0030385647393759417
15236,0.19590126996809104
15237,0.05544137994707451
15238,0.007728117552333909
15239,0.011193286762577023
15240,0.40967961692047195
15241,0.024898005693339123
15242,0.07702694394645919
15243,0.7507679241527536
15244,0.008589975611917234
15245,0.8524573219810473
15246,0.16923569303930977
15247,0.16833880639157117
15248,0.293947303379558
15249,0.016653362053533658
15250,0.009811470377806223
15251,0.008414503535490832
15252,0.01319107571447048
15253,0.07836128493925386
15254,0.004246902226160172
15255,0.00812893380993646
15256,0.007488159766156041
15257,0.03907940457910864
15258,0.84288267644191
15259,0.2411663040516225
15260,0.0015928291670004523
15261,0.9999999976782943
15262,0.005114089480768332
15263,0.9635149851118451
15264,0.08299288355707528
15265,0.06709580270042055
15266,0.01841247299878682
15267,0.3617763133506301
15268,0.00864918232289261
15269,0.005092466808168835
15270,0.06774434328136571
15271,0.08122940359173278
15272,0.09323340711809738
15273,0.0008144927074665031
15274,0.913913853251629
15275,0.8808439279223601
15276,0.15174034285089244
15277,0.001879356917865352
15278,0.0052320991906380674
15279,0.07905915522199418
15280,0.9702791593654986
15281,0.021786967894256524
15282,0.15310115694020765
15283,0.7168557861589002
15284,0.004904443838045754
15285,0.9191998683146919
15286,0.001033188392797169
15287,0.024571992569871595
15288,0.006140034193709634
15289,0.042610671519363215
15290,0.0005141822725420834
15291,0.00844851582236931
15292,0.10796102393485037
15293,0.9842402331290416
15294,0.01799341681628751
15295,0.12609344264312422
15296,0.03568271019860467
15297,0.007067364668896459
15298,0.0024741824702114034
15299,0.0032379398839463857
15300,0.022988529345598648
15301,0.26104914704332766
15302,0.23625414968928288
15303,0.0029445443058933886
15304,0.01409631823646893
15305,0.04354653611274558
15306,0.022460952710131786
15307,0.6705394135312356
15308,0.0011567935652570418
15309,0.998514947752788
15310,0.5122261275226837
15311,0.06767094968591932
15312,0.011785590822310317
15313,0.01739118876039674
15314,0.003932421706765967
15315,0.003313133425417603
15316,0.0774560271133263
15317,0.043526671032091416
15318,0.3016055278236589
15319,0.0017743134642790115
15320,0.018303719067182995
15321,0.014720150827237967
15322,0.1178468844832978
15323,0.0012144887418371773
15324,0.8341944669916795
15325,0.0012120019193385188
15326,0.0416490732147331
15327,0.4724586120634344
15328,0.11641061469483875
15329,0.00259607050193639
15330,0.014907064345736255
15331,0.04164013243011667
15332,0.003544926563145594
15333,0.012116370892997223
15334,0.2664860004227768
15335,0.006274457871310235
15336,0.04870021492291226
15337,0.07770824692813083
15338,0.1726583196981081
15339,0.019064856425254836
15340,0.005665462916195596
15341,0.0026101264818353407
15342,0.9417618662532984
15343,0.027103571871311218
15344,0.08829184167987157
15345,0.057382169352511184
15346,0.888937755393707
15347,0.13800947698084134
15348,0.04892901047355032
15349,0.03746792814937019
15350,0.010285173577973568
15351,0.004733552008665643
15352,0.08568112396654926
15353,0.41263170746578715
15354,0.01175452072242307
15355,0.04784413187893309
15356,0.746084527985364
15357,0.008219954457098909
15358,0.06075501196333805
15359,0.000457308219811569
15360,0.03039597489055082
15361,0.002396657121960539
15362,0.014487880600935641
15363,0.020131006540543686
15364,0.12773773265970323
15365,0.4638719607489945
15366,0.32103844137628323
15367,0.8049560633640592
15368,0.010131025827491778
15369,0.026476366585406648
15370,0.6005975973839865
15371,0.008784636922134858
15372,0.01277113481275154
15373,0.32139087602980243
15374,0.31629967742979315
15375,0.01603442780339444
15376,0.08497015660706458
15377,0.6277233325797161
15378,0.1440052208009696
15379,0.8254288004931719
15380,0.8141897177787958
15381,0.0008359740687554109
15382,0.006079758029798942
15383,0.007515859129023179
15384,0.6652433883605197
15385,0.20886241017497745
15386,0.10577555237020077
15387,0.15014897128638727
15388,0.025744846467437195
15389,0.10858953339409541
15390,0.17194969195332102
15391,0.3069941279762005
15392,0.004554657636065973
15393,0.004194474592517319
15394,0.0010234147648138338
15395,0.004988592868583075
15396,0.08300888604920377
15397,0.011307106325997851
15398,0.005673384974068307
15399,0.019315453376900445
15400,0.47428584727874257
15401,0.06059762051851485
15402,0.006472299019486328
15403,0.07607217720935107
15404,0.14657922166005777
15405,0.03500291939017202
15406,0.3496589915316649
15407,0.0695665205630293
15408,0.02965531994231842
15409,0.7114183607536256
15410,0.45473990773954903
15411,0.0039289425327237735
15412,0.04913618342593563
15413,0.7448458174182794
15414,0.9844954065680217
15415,0.009640165444532233
15416,0.00866874241945985
15417,0.2648934429594245
15418,0.030293689049516872
15419,0.5669438383496381
15420,0.022344685136835955
15421,0.014993796293897542
15422,0.27392025789211427
15423,0.3094549317118574
15424,0.017556007907912608
15425,0.9500071454603435
15426,0.5423330871424028
15427,0.045415419356498545
15428,0.1130548024330747
15429,0.05978840711723171
15430,0.0004866484239567704
15431,0.035952250940669644
15432,0.03201329354259593
15433,0.004637935260817836
15434,0.005384636454156089
15435,0.00035502768080502385
15436,0.021576911358494
15437,0.15745901939618376
15438,0.044867428010872124
15439,0.007418835308871615
15440,0.033515134807457714
15441,0.8311804346717946
15442,0.5012107363896123
15443,0.5767638231459065
15444,0.008066099089938295
15445,0.012094062062159485
15446,0.12639168965768433
15447,0.013872005461243925
15448,0.9065288570492134
15449,0.050785197163594004
15450,0.017259356677143598
15451,0.028673029000031023
15452,0.6073682912769325
15453,0.02399977058497099
15454,0.009326775683000034
15455,0.9260020591374839
15456,0.06560945785004604
15457,0.005109931963431482
15458,0.17313465097810238
15459,0.5357181383848586
15460,0.746293471784155
15461,0.09551122522942358
15462,0.1000604235534013
15463,0.009053509392963347
15464,0.9175426983308446
15465,0.4111562850574437
15466,0.004348108910926087
15467,0.7944889804376817
15468,0.0015255686590559835
15469,0.011676491114359354
15470,0.005464110811988182
15471,0.013052626342286518
15472,0.18559386841297565
15473,0.20737450731547036
15474,0.16442811601415558
15475,0.38092483735855803
15476,0.40261507483384695
15477,0.1092424888559213
15478,0.0017390063379961727
15479,0.062450065460023865
15480,0.7414160615311568
15481,0.9807043467587708
15482,0.0968049701096878
15483,0.9776806907151534
15484,0.007708892580290016
15485,0.0793748800685417
15486,0.007992137886400436
15487,0.9509162066971187
15488,0.026935163850603978
15489,0.09570521527812596
15490,0.9368012083122631
15491,0.5737231279339959
15492,0.7280941234156163
15493,0.18424085139779883
15494,0.02780924388503544
15495,0.23214700901553387
15496,0.033591604915316126
15497,0.004062936799907889
15498,0.9659175038632302
15499,0.2503622967996804
15500,0.005370580858261594
15501,0.0010907341561675616
15502,0.07180276429620305
15503,0.9833723104281381
15504,0.050574706259387654
15505,0.03938628058861561
15506,0.15627986303167118
15507,0.0007719730571369973
15508,0.3146564050083912
15509,0.0029336740384121405
15510,0.15720153174049978
15511,0.014766282209285506
15512,0.0054957321420712095
15513,0.00751296436469685
15514,0.04498709982338212
15515,0.005366783445437561
15516,0.1220649610983564
15517,0.3655295053591022
15518,0.0099984277897668
15519,0.06368727054468522
15520,0.42305133034516224
15521,0.14450740043448965
15522,0.09146642676426565
15523,0.018790376404592975
15524,0.06690106282242907
15525,0.0011792656312920187
15526,0.001959973507825669
15527,0.014786989808810547
15528,0.0007450795175061864
15529,0.0853739926692433
15530,0.0058034718575410175
15531,0.07586616224369125
15532,0.02139821394053385
15533,0.12847465904166255
15534,0.007849139926542613
15535,0.018948230125200208
15536,0.297970705196002
15537,0.03785280100501896
15538,0.038605848581757925
15539,0.027104584588420806
15540,0.032514241661946414
15541,0.05461648319033673
15542,0.008789080833008119
15543,0.006269714971122036
15544,0.018021630260883142
15545,0.05208830578785327
15546,0.6741589602624806
15547,0.05646927656197211
15548,0.008384652690370172
15549,0.8523549001543401
15550,0.005753820313424026
15551,0.015006332045121558
15552,0.003468796664637885
15553,0.02921978520608529
15554,0.08793340324708405
15555,0.009555495457938653
15556,0.004306065057276575
15557,0.018293560975286578
15558,0.051612782374099574
15559,0.01930726207663271
15560,0.025512350326438598
15561,0.05394500020916681
15562,0.006010766596789359
15563,0.025974536607749673
15564,0.0399381998333731
15565,0.13058692029430014
15566,0.02554417331278582
15567,0.00919407833671369
15568,0.004364627443606992
15569,0.006112588589348872
15570,0.36976626277223007
15571,0.3787705446984707
15572,0.9242983449858229
15573,0.017552715585123467
15574,0.005429281471939183
15575,0.018622982050156642
15576,0.06880928727438536
15577,0.5750257909995868
15578,0.822702957120286
15579,0.5935642609387753
15580,0.007118309634503861
15581,0.09155376070489406
15582,0.020097623369023095
15583,0.006095065412966856
15584,0.10557679364855056
15585,0.8235574732390959
15586,0.0007747489863937572
15587,0.013566900543722378
15588,0.03502491209071606
15589,0.002581066386103687
15590,0.023733906183441802
15591,0.04538496064938214
15592,0.040382021104900426
15593,0.9924880066773107
15594,0.4711811451073355
15595,0.026554572762297314
15596,0.7376026419704088
15597,0.6318185498832526
15598,0.2547349546122675
15599,0.09581122077119712
15600,0.6833519708963914
15601,0.40896228401881285
15602,0.00905832865928249
15603,0.01314197799940893
15604,0.14766727720015782
15605,0.07630133138207199
15606,0.006478974890825476
15607,0.06357173830874766
15608,0.019873002225538214
15609,0.030335560751707978
15610,0.8340468077194614
15611,0.0006858953170480825
15612,0.2654594194806268
15613,0.15082736585275036
15614,0.04779458335265207
15615,0.17271302505371514
15616,0.002172516319346447
15617,0.9421340900830814
15618,0.03895699730286553
15619,0.0027993202433873937
15620,0.2011804238172604
15621,0.007496016345568406
15622,0.026256112562840644
15623,0.09539067507976634
15624,0.036077245505177165
15625,0.9066319564859814
15626,0.02849751672772034
15627,0.41487221796706625
15628,0.029029399113645035
15629,0.12069588373097172
15630,0.00543033639023911
15631,0.3852293597102604
15632,0.002907481395870699
15633,0.0039418717953579145
15634,0.12849773806112225
15635,0.13742688359045646
15636,0.023220223809682975
15637,0.10105980088890266
15638,0.06856458632159143
15639,0.5864822782721946
15640,0.35300263356121503
15641,0.7273439167927673
15642,0.16191240471350146
15643,0.02367694825376261
15644,0.3274048330125973
15645,0.02137563525341586
15646,0.05387235512098632
15647,0.009660816120326219
15648,0.05161524338881926
15649,0.17611596988752523
15650,0.0026214858741612597
15651,0.01736060687796509
15652,0.005357443592620534
15653,0.4321730763275593
15654,0.14676907132024009
15655,0.6851648455397746
15656,0.17518331417565922
15657,0.7171590095766077
15658,0.00532576659744694
15659,0.09283141586411091
15660,0.01287237809252114
15661,0.34720459115876146
15662,0.009496233211759802
15663,0.034925140882635326
15664,0.13695285481314332
15665,0.36453330371992765
15666,0.004543871381619942
15667,0.02231633814372571
15668,0.000143378331231422
15669,0.39311884278766146
15670,0.7828178884039476
15671,0.15737650544363616
15672,0.004581969410672643
15673,0.145954211703078
15674,0.16972240017130566
15675,0.7572023450561344
15676,0.0005029017037970911
15677,0.6969053227147066
15678,0.017979175909455386
15679,0.005331160286206616
15680,0.05920840531489792
15681,0.005483386015497892
15682,0.009902370941089962
15683,0.04257456455203701
15684,0.007317345405559774
15685,0.02135081829939589
15686,0.5071322224521302
15687,0.006930233405637729
15688,0.5329566196139781
15689,0.4564954875169476
15690,0.2333930670433938
15691,0.008814332099764653
15692,0.13311281333528904
15693,0.19159827587588538
15694,0.0010124026904495375
15695,0.028997046500264603
15696,0.012373235324623165
15697,0.019162152528542496
15698,0.2344652962537147
15699,0.012433738411085558
15700,0.00135682214708451
15701,0.10519867676547655
15702,0.01191102055989534
15703,0.4141133400885408
15704,0.0021027448168767222
15705,0.9335224471161698
15706,0.1141208004947219
15707,0.026848914051799545
15708,0.5826593899205729
15709,0.0013986413593372374
15710,0.8965369116790342
15711,0.3550274570886112
15712,0.0020091662632707916
15713,0.0023396842417397106
15714,0.007351061912720791
15715,0.7438980468121005
15716,0.03435044123952103
15717,0.016226798851059248
15718,0.02695828283706913
15719,0.947762358093106
15720,0.3711088576661442
15721,0.0728550318690854
15722,0.0012161323018693318
15723,0.007200717768140304
15724,0.15938711421189072
15725,0.01849631437839365
15726,0.02677414983695998
15727,0.011326230244404826
15728,0.00022381039373824954
15729,0.8971129728386572
15730,0.08785504409827821
15731,0.0047013840015853675
15732,0.9727489778266254
15733,0.4898543949953008
15734,0.056406741955884444
15735,0.6191896056684303
15736,0.01615698082731191
15737,0.4366492463258262
15738,0.003639431369964848
15739,0.010963641774314437
15740,0.09098204784862744
15741,0.10414946721826114
15742,0.8728106467948118
15743,0.6642820650910761
15744,0.009660204185954414
15745,0.009421854943785736
15746,0.08142220569696182
15747,0.6429982897473836
15748,0.299896013834803
15749,0.004310730857331069
15750,0.038785575205491855
15751,0.0046238663272084
15752,0.3330511240728111
15753,0.03841463206425317
15754,0.00808365154978537
15755,0.19271014341254616
15756,0.004664056601132216
15757,0.0007168621265520944
15758,0.026596983988856848
15759,0.006181777768089821
15760,0.12452051357435755
15761,0.17488307892157862
15762,0.8120421648917568
15763,0.9877067806163419
15764,0.010646017899459258
15765,0.06608344931300186
15766,0.026660588047634846
15767,0.004215965506778913
15768,0.005663283091365279
15769,0.011260519318012351
15770,0.10464186580270934
15771,0.12456466726033397
15772,0.0055084716129302266
15773,0.04905388535089649
15774,0.10160590081471878
15775,0.0009048810853449101
15776,0.2739470291197378
15777,0.6932602381118672
15778,0.9399215969508136
15779,0.20730881376403992
15780,0.6398382626554173
15781,0.019197353664045517
15782,0.027844675396491485
15783,0.008471210205498096
15784,0.026958493337604646
15785,0.02392095437689639
15786,0.010103920335329778
15787,0.0042352887657427915
15788,0.6590824575044059
15789,0.7502874332057025
15790,0.03627351615542137
15791,0.002892739917182813
15792,0.915494360664956
15793,0.0049570496259973215
15794,0.0013093666258343648
15795,0.17721825773144537
15796,0.0014661189450299369
15797,0.1690798797863102
15798,0.9694094147886665
15799,0.030323306169758278
15800,0.49175066766190373
15801,0.784592700135793
15802,0.6130683535030498
15803,0.23016612202932277
15804,0.06131715484472398
15805,0.049268726092403736
15806,0.0026690771984503076
15807,0.3945765558089689
15808,0.49559070531091887
15809,0.0018112676161728366
15810,0.9480658510518265
15811,0.5916258458505208
15812,0.030996528381901804
15813,0.005022632433494883
15814,0.003285665359359398
15815,0.03682462775049719
15816,0.22407607288301387
15817,0.043080582879185
15818,0.055893209583432864
15819,0.054954908720878826
15820,0.031477929304751885
15821,0.7679393683340082
15822,0.09779600610116912
15823,0.09386794261324902
15824,0.004042201102417129
15825,0.004613227313559804
15826,0.008367169816314074
15827,0.11051960465092066
15828,0.0031593239573828105
15829,0.4498762076075351
15830,0.899161083553826
15831,0.034990929150112926
15832,0.09932667497136446
15833,0.801976641423519
15834,0.023630450794567326
15835,0.006608357385739221
15836,0.004343186248808132
15837,0.10309310206011958
15838,0.0021349963384653214
15839,0.000607830268056471
15840,0.007132512371051966
15841,0.005333856076835972
15842,0.13566965718714194
15843,0.03151350426967685
15844,0.11875695714051457
15845,0.4754944874799171
15846,0.5832644373314978
15847,0.032575254278222304
15848,0.04395954933537529
15849,0.006547699145400417
15850,0.001439346216087697
15851,0.046004265545733496
15852,0.01746320985525364
15853,0.06297679480151311
15854,0.004008716775265434
15855,0.26737317881603756
15856,0.009498729339953538
15857,0.07988330922648781
15858,0.05055718297912441
15859,0.9199231048395645
15860,0.006857819875433865
15861,0.558434461717032
15862,0.024321548187755365
15863,0.036584469672488414
15864,0.999300268418824
15865,0.10936600855713163
15866,0.045450692992110804
15867,0.2155479259788793
15868,0.00964190101282447
15869,0.012721578658526984
15870,0.005302759107504274
15871,0.004086160241856174
15872,0.04605205303745469
15873,0.4794835145686733
15874,0.0005055037690291452
15875,0.03369699197042078
15876,0.009222688794778569
15877,0.003425382704440737
15878,0.2114575433994777
15879,0.7629671716057872
15880,0.011618880216779068
15881,0.03267983224664804
15882,0.0710476889615835
15883,0.011789711999156502
15884,0.07094672569039541
15885,0.019069334938623943
15886,0.3736729735988297
15887,0.028531671431060678
15888,0.3105287269271691
15889,0.019299284247265566
15890,0.016060380211711224
15891,0.9602052031573564
15892,0.006250232146841684
15893,0.20098151283349316
15894,0.002977508120358969
15895,0.008566013939189177
15896,0.1851639338449025
15897,0.4184278386986573
15898,0.038586378640365
15899,0.018783692053330234
15900,0.2909181544456556
15901,0.318290557113685
15902,0.016112559637234857
15903,0.4734747690268672
15904,0.00296689314137035
15905,0.13849111493152738
15906,0.037543471465450125
15907,0.18678447832571873
15908,0.07949768542457207
15909,0.10947490879165
15910,0.040311407729998056
15911,0.05953512813034977
15912,0.010270683642165448
15913,0.003855173046631778
15914,0.5401833364771569
15915,0.07767757675290406
15916,0.034034162039981136
15917,0.019422433830342166
15918,0.004946966472085223
15919,0.35182702049648773
15920,0.19245045249273063
15921,0.2329811788617867
15922,0.01749828718788581
15923,0.003228914176811377
15924,0.7018835774283012
15925,0.006022733955605213
15926,0.01908458023682971
15927,0.8953734282322681
15928,0.09166312729188199
15929,0.6464900319854032
15930,0.8909924464275365
15931,0.3561400164604285
15932,0.15736437726541855
15933,0.53783762842521
15934,0.005847641758949053
15935,0.0025617726523555363
15936,0.007411146874501559
15937,0.005595495631991405
15938,0.21633860111805817
15939,0.014903730106679447
15940,0.09970867480567326
15941,0.1586902477459748
15942,0.0019213770733110323
15943,0.07480673607902665
15944,0.005343839893322704
15945,0.0023548778526118427
15946,0.05987451301282254
15947,0.001948148709531484
15948,0.5505222325022152
15949,0.9042807998642419
15950,0.010113872789613012
15951,0.03517713006457111
15952,0.9911517254009963
15953,0.2475314648758496
15954,0.010246755725313816
15955,0.01698491992794329
15956,0.008272577581262446
15957,0.10387364708620994
15958,0.8925444639439247
15959,0.3228684009507239
15960,0.007980072247409833
15961,0.8169608424918628
15962,0.020322853046568022
15963,0.0015836970482482338
15964,0.020870434444028238
15965,0.1350045276974431
15966,0.9706221800820245
15967,0.031984572029715844
15968,0.2353113424583988
15969,0.001547432517261022
15970,0.04608928407594326
15971,0.021965262189642534
15972,0.9931623275679468
15973,0.011237182941828662
15974,0.08644243446310737
15975,0.1405064421675381
15976,0.00038116198914227284
15977,0.06655779784753112
15978,0.2523927028544018
15979,0.0017967131632660514
15980,0.005107595988837094
15981,0.006567819229069257
15982,0.007858186621359155
15983,0.02196262141729122
15984,0.006894041456221463
15985,0.4236369107836447
15986,0.25033563154524663
15987,0.015379679161474112
15988,0.004456101866525428
15989,0.05612610638141929
15990,0.5501108292444346
15991,0.003158603796355084
15992,0.9577861458769327
15993,0.13781474941132876
15994,0.011887805083046956
15995,0.016207588408196246
15996,0.9168803976766515
15997,0.16109100341883792
15998,0.026027620127507502
15999,0.025374386593557258
16000,0.6246467826080638
16001,0.008096380379546748
16002,0.006435589625652089
16003,0.005284218758133096
16004,0.11741446673652971
16005,0.23297199563836413
16006,0.027893286813779745
16007,0.10687621590831553
16008,0.00780552810571806
16009,0.7108832283101509
16010,0.005592102916541533
16011,0.7504694878392515
16012,0.01490883746884471
16013,0.0027130749835325256
16014,0.018944760411513144
16015,0.43161332498084526
16016,0.7321366157486726
16017,0.019812618146893897
16018,0.07193497587701037
16019,0.057316387896660534
16020,0.03502517066957015
16021,0.0029749759659878864
16022,0.0021081763287113284
16023,0.12146225704610876
16024,0.03624101490151199
16025,0.018232539346989096
16026,0.8793628666774553
16027,0.0084912388912616
16028,0.06459522067897769
16029,0.037652290559378916
16030,0.019138950798046
16031,0.190662971888898
16032,0.33562061901397167
16033,0.03576177701286736
16034,0.6231294590833869
16035,0.013326080586709511
16036,0.05561081000096314
16037,0.1643033618197096
16038,0.31756970758742875
16039,0.05831219020491932
16040,0.2054194103452213
16041,0.9992836468161319
16042,0.15163556479236567
16043,0.009205460774984802
16044,0.001801706967601233
16045,0.9758075189042009
16046,0.5555217938330458
16047,0.273242735349708
16048,0.13490314098469394
16049,0.018746430595722476
16050,0.02836307867295316
16051,0.00560797097998374
16052,0.017879052361408052
16053,0.006477562808487443
16054,0.6107037651154178
16055,0.07809165294093791
16056,0.3022070449449669
16057,0.6740434926552302
16058,0.5266908698895688
16059,0.04563634818581066
16060,0.6537568713865408
16061,0.08380646126837364
16062,0.010508011091632193
16063,0.004343850536007259
16064,0.011197344345852685
16065,0.003920964889382593
16066,0.002887526001741997
16067,0.014325400567130952
16068,0.4184232732153607
16069,0.06931085154095723
16070,0.6797634221260175
16071,0.009460648298996234
16072,0.016368599612791693
16073,0.5758000785849133
16074,0.02807979756919839
16075,0.2707083106971595
16076,0.5768660601178373
16077,0.27790817429235826
16078,0.8619479715032647
16079,0.6630480782397691
16080,0.026785615455312443
16081,0.0010446293937348438
16082,0.17184340034768414
16083,0.13807848994729302
16084,0.008153427978287001
16085,0.006428946462929687
16086,0.6448070046858793
16087,0.0005581474209909956
16088,0.0028067748353525065
16089,0.0025765170667044874
16090,0.9143533179657864
16091,0.19135867522745728
16092,0.13688302515337084
16093,0.05179976687249927
16094,0.6140478803954329
16095,0.3241840325709444
16096,0.010571838906594454
16097,0.2774908452212671
16098,0.19491238865122215
16099,0.17607442468977727
16100,0.002188150826857328
16101,0.01871010092438654
16102,0.11873025517384456
16103,0.006658598873080156
16104,0.005334526057904603
16105,0.8595726209431626
16106,0.14313230788450054
16107,0.04990525968013044
16108,0.939617488989874
16109,0.3625781583092413
16110,0.012758915527961507
16111,0.5110549349228928
16112,0.058995996467201335
16113,0.17171578130431459
16114,0.0034977377330755195
16115,0.9746416975600409
16116,0.0037073286946497303
16117,0.011223725008757148
16118,0.003055484013176787
16119,0.5710581101872205
16120,0.003811793283973839
16121,0.0007634401741201387
16122,0.030542229730829307
16123,0.0048553771143572556
16124,0.011816402527713538
16125,0.0009897992539289943
16126,0.07060176461782919
16127,0.0035557772732682422
16128,0.07888604993841143
16129,0.0675807823630039
16130,0.692888129499509
16131,0.021190866116063387
16132,0.712300648056664
16133,0.9995450249907957
16134,0.638167544199883
16135,0.016106900447073986
16136,0.012597809223938255
16137,0.0054078577267227335
16138,0.0030127113675021055
16139,0.004475168896326253
16140,0.005817516597996949
16141,0.2769270562267949
16142,0.020648011613952195
16143,0.014701081135487225
16144,0.0014028567050470271
16145,0.019004374131469205
16146,0.1559194190006551
16147,0.14978246442633442
16148,0.16959956218556296
16149,0.8969070447810158
16150,0.16923510853129842
16151,0.009776938605093715
16152,0.5186135471029475
16153,0.4957232807755505
16154,0.002381948802090445
16155,0.3067579846651357
16156,0.00519056213228376
16157,0.1773805829113742
16158,0.23181202968233594
16159,0.40890644629985334
16160,0.22349282452795968
16161,0.5811056515032115
16162,0.0022179498036288465
16163,0.005490813247710783
16164,0.6488516962552812
16165,0.01685217739647148
16166,0.014142303684182296
16167,0.4917458729735086
16168,0.03207479787493663
16169,0.055171153996662045
16170,0.03362606788954986
16171,0.1710056958978797
16172,0.049465897193067945
16173,0.7427034658503198
16174,0.12219247812807789
16175,0.02950346467446622
16176,0.01896574601755553
16177,0.6043178764692047
16178,0.016528655812649333
16179,0.1452672039023932
16180,0.003937563825853065
16181,0.009598651744726051
16182,0.1113114953472593
16183,0.0040573780728998116
16184,0.018362206606697122
16185,0.05148397689414275
16186,0.9275248944386524
16187,0.05409239533154512
16188,0.11063080135956231
16189,0.0785383996790066
16190,0.0022247880393667734
16191,0.8369099841507133
16192,0.9715689782186812
16193,0.4702945536392513
16194,0.9581242418112093
16195,0.047614786526791
16196,0.10232751363443522
16197,0.0464651256586176
16198,0.06190199682539947
16199,0.14285179334097914
16200,0.004696670991443311
16201,0.1677027687156039
16202,0.15542964823054622
16203,0.5992173863652404
16204,0.01860458728963222
16205,0.4562809188922801
16206,0.005038112697266963
16207,0.08525521626385493
16208,0.4056088838895264
16209,0.14065965053798385
16210,0.32708719237172607
16211,0.6972161011128001
16212,0.015775147051338353
16213,0.3058402812955337
16214,0.377806782928579
16215,0.059525067902919476
16216,0.013488990912925946
16217,0.5643124135102412
16218,0.09878933768511124
16219,0.06592289820411998
16220,0.02358020638571409
16221,0.028838966429172393
16222,0.4665481313535282
16223,0.9483484631474233
16224,0.0031278056960571993
16225,0.14606186154973042
16226,0.025819120949883256
16227,0.003169301203401142
16228,0.0690050479349439
16229,0.38370674031497026
16230,0.0471525191292571
16231,0.5385586984314017
16232,0.5716202950188044
16233,0.5507096821246176
16234,0.9082416898877606
16235,0.004020094691276184
16236,0.07216389473609498
16237,0.8945739257489752
16238,0.2530542513385287
16239,0.01825225525006579
16240,0.032706953730456026
16241,0.026375106296798168
16242,0.01645287194665554
16243,0.22154049456470204
16244,0.11414300952974828
16245,0.35884142703506905
16246,0.006649860317667433
16247,0.0007327693338000804
16248,0.9476820987990848
16249,0.2600732455783931
16250,0.620333631255573
16251,0.808309459200314
16252,0.004182146727194193
16253,0.026065626590586144
16254,0.003263125212951668
16255,0.05953734686660124
16256,0.00850579239668269
16257,0.00634670729979406
16258,0.0899262247188967
16259,0.1447298351872743
16260,0.0016696065487000805
16261,0.09389961493723994
16262,0.0196095419901917
16263,0.06647090865836978
16264,0.016939684758556027
16265,0.00470342193970512
16266,0.7591521121866863
16267,0.003014883270539915
16268,0.03808641180325187
16269,0.0028765022584081867
16270,0.12716253095066615
16271,0.007177346107273401
16272,0.20575435254081537
16273,0.01944920344290806
16274,0.5030307662218528
16275,0.015179991316429341
16276,0.033683964190929734
16277,0.9574952408504472
16278,0.023111918496401682
16279,0.18670683590574474
16280,0.0016166379333762367
16281,0.6911678620161585
16282,0.03487549064760806
16283,0.00662447882674981
16284,0.18127176399755446
16285,0.01984353682773794
16286,0.014675829949751008
16287,0.04880924573749649
16288,0.14184530266015474
16289,0.01738423443381971
16290,0.004352422783573083
16291,0.006890688909322535
16292,0.7216272372075428
16293,0.6778224795265227
16294,0.015035579405581688
16295,0.2151287550768524
16296,0.01578486496514822
16297,0.8364450303064942
16298,0.03324580260207277
16299,0.8903945691329582
16300,0.042663703347444445
16301,0.3440583100740265
16302,0.5134740185069328
16303,0.015035694092225486
16304,0.00980655385739023
16305,0.1953832642802817
16306,0.05104532371650985
16307,0.6999094848155236
16308,0.004840225224344067
16309,0.9979402386987375
16310,0.13661097041278805
16311,0.06529651603479823
16312,0.7451178957252305
16313,0.9916611928535106
16314,0.00044099226220965267
16315,0.7503611677888624
16316,0.9130681729751353
16317,0.031529293577520226
16318,0.013022857853284896
16319,0.2923646204317067
16320,0.2761513954687267
16321,0.02451803357674143
16322,0.13450771272122375
16323,0.001321907573412909
16324,0.001918070377329541
16325,0.08139687838266364
16326,0.07314042807738158
16327,0.02102480223107435
16328,0.24536945420469977
16329,0.07679441133363461
16330,0.07211668147560682
16331,0.006109533149758495
16332,0.04610681105859682
16333,0.005457713107191776
16334,0.03484943825443564
16335,0.03094133257297873
16336,0.27554346390811907
16337,0.000861544678188927
16338,0.004234618431352536
16339,0.008950893256065304
16340,0.0057705173598714445
16341,0.37222027766399784
16342,0.0007333220706363113
16343,0.27164249307648713
16344,0.04791856785915841
16345,0.012837573359313311
16346,0.9999999998680116
16347,0.027281303559372996
16348,0.008662190371456706
16349,0.2511227505957895
16350,0.01230989718286091
16351,0.027989162875216213
16352,0.008915124203505632
16353,0.014075918483369894
16354,0.1301524429945332
16355,0.7716501519859048
16356,0.9983441433354294
16357,0.9090923867575045
16358,0.01408211729056147
16359,0.15527718523169862
16360,0.00804146946606932
16361,0.6788277997632897
16362,0.05256832169433978
16363,0.00505930758594832
16364,0.01856301823992703
16365,0.4942985853039553
16366,0.680611266886287
16367,0.01620775290545152
16368,0.8701555313958281
16369,0.0854437717480882
16370,0.49661984244536256
16371,0.02164665126029976
16372,0.00802727820063867
16373,0.1511809208793219
16374,0.011621040327051113
16375,0.00920340741391059
16376,0.2631348273033823
16377,0.11444595129817223
16378,0.000510766086254982
16379,0.4590055033084233
16380,0.7009401670876791
16381,0.3102320950489706
16382,0.019454969188459986
16383,0.0010599105949412229
16384,0.035282310269556194
16385,0.055483257273878255
16386,0.7719280469990045
16387,0.004024178070261186
16388,0.00727423424735707
16389,0.9612906382160264
16390,0.4722344076983538
16391,0.2401356113774916
16392,0.027357819763235588
16393,0.0013152006077316203
16394,0.005155913628414473
16395,0.014535704273416149
16396,0.5502686879001295
16397,0.05287448762117899
16398,0.7614748695388195
16399,0.005701604201807359
16400,0.08007740267304325
16401,0.010507151493762435
16402,0.9043306462592372
16403,0.004130377058964601
16404,0.0004962777333155954
16405,0.04630059354694468
16406,0.666095922682518
16407,0.808629640657808
16408,0.4604423853012655
16409,0.016388730310710725
16410,0.15559615224367368
16411,0.008967076339385285
16412,0.9761852229479796
16413,0.9087918095982213
16414,0.06268225141111988
16415,0.002156673706560446
16416,0.005645431961983386
16417,0.03391342412296596
16418,0.007554157846678814
16419,0.06388586835851695
16420,0.1401463546706107
16421,0.046525822563548945
16422,0.031195203354913013
16423,0.2809632792894553
16424,0.0013787835243000426
16425,0.10412945050901297
16426,0.021571129852610126
16427,0.0007888404031584074
16428,0.012299254421752772
16429,0.8952755556923998
16430,0.0025530983948744155
16431,0.03387204363714752
16432,0.06678210312212365
16433,0.08376597111109466
16434,0.6471892715061189
16435,0.004078249743692278
16436,0.005853428368978677
16437,0.0017718761778619497
16438,0.08152436514961829
16439,0.059666432814477664
16440,0.0009693840165787711
16441,0.010988874147373042
16442,0.18895194852809122
16443,0.10925455961793759
16444,0.2589467312000977
16445,0.11861442336330272
16446,0.09810488829819272
16447,0.06869187323967105
16448,0.038198357579757855
16449,0.0054834247202156135
16450,0.007983756600263894
16451,0.007623186510546592
16452,0.6852488646352238
16453,0.037804161817148914
16454,0.21895025176146693
16455,0.08630836071188615
16456,0.03147454181397935
16457,0.15348020547631777
16458,0.018975180070131197
16459,0.006561510306322916
16460,0.008504206382533564
16461,0.02560648282216542
16462,0.001805878599070808
16463,0.8457105595494813
16464,0.00524208644991281
16465,0.027927124935359645
16466,0.17290990875690476
16467,0.012392357038376614
16468,0.13668738498654928
16469,0.008874921261570221
16470,0.014882732623071484
16471,0.5067864265057783
16472,0.03922819141337265
16473,0.033899539504883745
16474,0.005525501441823306
16475,0.9029835340436004
16476,0.9804805132767551
16477,0.009399250025350409
16478,0.0139377470394843
16479,0.008392631383239592
16480,0.008646720263439057
16481,0.04904317857207102
16482,0.0004834685070663686
16483,0.5484469966889224
16484,0.135127050671369
16485,0.0015359655461168692
16486,0.022113730270574138
16487,0.018280736968692608
16488,0.017947002133405256
16489,0.9832662000213451
16490,0.0562824120022615
16491,0.01446905816019558
16492,0.5278403019835277
16493,0.02062250884298059
16494,0.6199191263633185
16495,0.0007409403163384465
16496,0.02906145241124174
16497,0.17096232233672828
16498,0.22511275778700404
16499,0.008109136170574432
16500,0.01911287982897072
16501,0.021448008761050547
16502,0.10365792515334353
16503,0.029130362658300372
16504,0.006023025322742015
16505,0.013045813316566663
16506,0.06574414072362937
16507,0.01948230705426207
16508,0.10910998609558528
16509,0.06362427221740383
16510,0.997180254841725
16511,0.0682635320615285
16512,0.00412852850952088
16513,0.013929125064964496
16514,0.3958270425201637
16515,0.01442740981316558
16516,0.0010423630882879437
16517,0.1592535429941023
16518,0.14687442776203852
16519,0.004008403327871189
16520,0.025253339537468136
16521,0.0010627968903629797
16522,0.036563303751680244
16523,0.6769207943684074
16524,0.06352460224167336
16525,0.3121816333439687
16526,0.019497980254468396
16527,0.002390362065983147
16528,0.8926023767315806
16529,0.21546054007980525
16530,0.005732525038204034
16531,0.0026302045479823146
16532,0.819352902117654
16533,0.005243038976903004
16534,0.07712244393241531
16535,0.046005861728471556
16536,0.02367868070551543
16537,0.0020805336656184704
16538,0.013325712313688608
16539,0.6374311796963851
16540,0.4192934549842714
16541,0.003521172954136577
16542,0.010158039414073537
16543,0.11407678678188765
16544,0.38284102345994825
16545,0.15314832317419744
16546,0.008328297735452373
16547,0.37441895795348507
16548,0.5236859205346761
16549,0.025776623317598456
16550,0.1350215119343039
16551,0.013503611112334108
16552,0.024239488492909574
16553,0.022170856162808568
16554,0.038973263700616316
16555,0.025876429247910723
16556,0.1837808417239153
16557,0.8754349750804754
16558,0.03588644740698626
16559,0.07386438821378975
16560,0.09023837480898458
16561,0.03052387855323383
16562,0.047012550303519085
16563,0.020849719720865426
16564,0.07291485975748496
16565,0.9669845928519893
16566,0.33748499398109016
16567,0.40384454809978926
16568,0.48534109898043987
16569,0.008510617571165268
16570,0.1792564752343872
16571,0.2411319143864124
16572,0.004960545099128733
16573,0.0012625248990963415
16574,0.7037024096039625
16575,0.006634412259925222
16576,0.051737736430761516
16577,0.0589327593241561
16578,0.010857051136638799
16579,0.06692455452666313
16580,0.010304879551091732
16581,0.023441026749234664
16582,0.34188260953235033
16583,0.02963871877170594
16584,0.00216980609837868
16585,0.009355885348962723
16586,0.7610081236236502
16587,0.09143775732942704
16588,0.874468497833999
16589,0.0059889269246666
16590,0.6802377948480047
16591,0.0022541398492719623
16592,0.9764314623401258
16593,0.28347720505470414
16594,0.670370300129607
16595,0.03266921835726437
16596,0.009277096419911353
16597,0.7100149145044387
16598,0.597291564039171
16599,0.022306594295927434
16600,0.6394289777816393
16601,0.006825421134346506
16602,0.6333205834615261
16603,0.00302497397446471
16604,0.0931855425324509
16605,0.06383050828572791
16606,0.005343157123995959
16607,0.08343854317375315
16608,0.8922592789937259
16609,0.711015826003053
16610,0.4856502003425264
16611,0.01909340954201869
16612,0.0028787004274779724
16613,0.0028781571430899293
16614,0.583628324825224
16615,0.012340909752029445
16616,0.48137060431421097
16617,0.051360618593332075
16618,0.0012606613264851642
16619,0.14670392421369807
16620,0.03725432448178555
16621,0.7046176728028898
16622,0.5782588428534956
16623,0.06981579974054994
16624,0.16447687009961473
16625,0.01095452043602641
16626,0.005121036532274323
16627,0.026834396525958305
16628,0.0015798088624806633
16629,0.022127108384083508
16630,0.06759372433974921
16631,0.7481133819545913
16632,0.08778017671892493
16633,0.2126361590198317
16634,0.00907641647148816
16635,0.85404699103944
16636,0.09844618579137394
16637,0.008058678931248486
16638,0.1339785129105665
16639,0.028802208548168267
16640,0.47543112689218436
16641,0.006507628739567873
16642,0.004033995283601717
16643,0.049180953564495554
16644,0.03613953236843929
16645,0.06517640366993527
16646,0.012978546149875174
16647,0.017601085292189126
16648,0.03885623745510875
16649,0.2952396114358197
16650,0.001552979778067573
16651,9.778392014036854e-05
16652,0.1170964013592089
16653,0.0028537146805287144
16654,0.0037704809550353057
16655,0.00015546353778613865
16656,0.7221715981368177
16657,0.357500340915762
16658,0.0050587886142838935
16659,0.0018406085619699383
16660,0.8695983513578963
16661,0.013850818240827843
16662,0.07569252992270044
16663,0.02745228161490402
16664,0.0019095637172500512
16665,0.03218018647488195
16666,0.01736909733055621
16667,0.02037200860179737
16668,0.6055661235413605
16669,0.005111852746097486
16670,0.007319146461187798
16671,0.0017392392520460705
16672,0.3256518943373574
16673,0.7240432235550285
16674,0.005979417425647672
16675,0.0756830818402921
16676,0.010256440125410873
16677,0.009737529681624377
16678,0.0065740934559044215
16679,0.0016873505096923402
16680,0.006576788617016049
16681,0.019331631517719203
16682,0.6468183168599482
16683,0.023483898850803396
16684,0.005043249649160175
16685,0.024001219179495017
16686,0.5240930527036101
16687,0.016917874774046125
16688,0.1641314513464243
16689,0.06454004389087906
16690,0.9989762393923729
16691,0.2015219410302338
16692,0.003783299313116869
16693,0.09234891696769316
16694,0.0015971844279882134
16695,0.0012052807774344753
16696,0.005582650535941321
16697,0.014778997698944774
16698,0.02099283488310507
16699,0.028057213190234978
16700,0.02185335869196369
16701,0.9080479630568846
16702,0.004939056289370528
16703,0.01941881777978705
16704,0.02822323980563541
16705,0.025626109257927333
16706,0.013645273776217699
16707,0.6619670461652664
16708,0.008542910365690774
16709,0.002074748334600576
16710,0.07966144983891028
16711,0.7486015968001362
16712,0.008988039963472997
16713,0.6965584649787626
16714,0.007361279861599993
16715,0.2538758545530008
16716,0.05510212462975081
16717,0.13960181548954023
16718,0.7388762564738162
16719,0.7330493954877336
16720,0.008464733835884768
16721,0.30430917291105
16722,0.3638550567633387
16723,0.0059967974878651215
16724,0.10837581698938763
16725,0.0009908715086201104
16726,0.0044951607701382654
16727,0.9999999669086266
16728,0.2850055162138028
16729,0.1156766752253865
16730,0.0011240750884766665
16731,0.009544831337271
16732,0.8880504289919167
16733,0.02678689663510111
16734,0.04664865665403905
16735,0.16368960106602076
16736,0.5581881797988327
16737,0.032498090202753294
16738,0.0054286699750327955
16739,0.9009067299118595
16740,0.006459006421558947
16741,0.012019652880987846
16742,0.5279702353716861
16743,0.0037730979123610036
16744,0.07176110858940367
16745,0.0017329953467447614
16746,0.005763366536399764
16747,0.00567732764016733
16748,0.1051160529728104
16749,0.01875317694774379
16750,0.0013739892237652617
16751,0.0013837948257753776
16752,0.0631533837992481
16753,0.0015573711651593093
16754,0.03376355973679621
16755,0.0035937800645239834
16756,0.041194504204525785
16757,0.007265963407481496
16758,0.004165958426269974
16759,0.038844693765175894
16760,0.005167194063965518
16761,0.01933319739751526
16762,0.012846746738815674
16763,0.13646230977223178
16764,0.5684873440927325
16765,0.0056951637325428645
16766,0.054038798044043206
16767,0.026890239915460353
16768,0.0804365496482694
16769,0.10244867357181052
16770,0.49856492382149115
16771,0.0006222983217612725
16772,0.21772847227883138
16773,0.004856604703215998
16774,0.002121249576086853
16775,0.014438268840332634
16776,0.01636716158858375
16777,0.0388859483035336
16778,0.2228580610117508
16779,0.006475939197384887
16780,0.23954089554093344
16781,0.2258158209807799
16782,0.6621826100397689
16783,0.009166011402619377
16784,0.03958495265067296
16785,0.008564888277020611
16786,0.01893072196400218
16787,0.01858948261674801
16788,0.01969277694715074
16789,0.8049601347737847
16790,0.09653224234459439
16791,0.0016849609047463077
16792,0.11495583399850667
16793,0.021376957365358138
16794,0.05847793773601447
16795,0.6571929335140337
16796,0.013491020129588657
16797,0.03281780119117202
16798,0.07230917652500415
16799,0.011792164175710228
16800,0.16530448817294635
16801,0.08066272586134532
16802,0.047434141172349675
16803,0.0009884134396825263
16804,0.10446191882156829
16805,0.0016095765068959386
16806,0.002355200826512333
16807,0.4462437037229474
16808,0.00019163159460841144
16809,0.0015773079552815151
16810,0.007990914030926553
16811,0.0009105533339054608
16812,0.041534707190628635
16813,0.2681274009958511
16814,0.09617078796890553
16815,0.13937711703189135
16816,0.0207710309392028
16817,0.04921667842599186
16818,0.8055663077583268
16819,0.9961679504217509
16820,0.23055777172185743
16821,0.9006880205437029
16822,0.0005970895780570991
16823,0.008598340318754527
16824,0.9160336205630244
16825,0.0411731020780236
16826,0.014486209738429285
16827,0.0018156409252259712
16828,0.001671882757837646
16829,0.928233752601405
16830,0.12499524692857884
16831,0.9548982916157884
16832,0.7783090648554276
16833,0.7376262315233509
16834,0.01244811418043139
16835,0.029389577960890725
16836,0.10125747816810145
16837,0.22439338484091495
16838,0.41037416805016247
16839,0.8657053732143056
16840,0.9845299737241872
16841,0.009856068635165055
16842,0.37318108218096163
16843,0.22281357287191028
16844,0.9313234195103955
16845,0.014151665285863875
16846,0.7631246819404636
16847,0.6645911619037561
16848,0.6063842086597909
16849,0.06934770096473687
16850,0.9978819053407596
16851,0.0473070469572398
16852,0.00462843732199211
16853,0.33501757101272195
16854,0.5901419519127258
16855,0.012671638805638099
16856,0.3669655224057081
16857,0.7108596210128416
16858,0.8542335751970239
16859,0.009717436208012553
16860,0.31700763511102303
16861,0.0018360167401350505
16862,0.005016359433496238
16863,0.018426947124856013
16864,0.1384293006965522
16865,0.03736256445024634
16866,0.06468439775841059
16867,0.015052543462680219
16868,0.23461870398623724
16869,0.0053021831850949734
16870,0.31804636241125817
16871,0.5801660757795228
16872,0.053248004971065084
16873,0.004517576145200221
16874,0.0044471020885975135
16875,0.8207290484927486
16876,0.007613815910756523
16877,0.0062368907932739874
16878,0.002641089417338857
16879,0.0029267378847678822
16880,0.21370320043186153
16881,0.018470359098735355
16882,0.023272793726074437
16883,0.2050503210988355
16884,0.06427558328548755
16885,0.015797619119678533
16886,0.002418278056546156
16887,0.42229443271956774
16888,0.0036622670592288955
16889,0.12155775922529435
16890,0.24364013834107393
16891,0.006230881571891722
16892,0.07646050583592848
16893,0.11992741284655982
16894,0.052099090657750875
16895,0.06153071646783113
16896,0.22585504857941147
16897,0.021423688495844875
16898,0.013832048308383214
16899,0.026645062673272595
16900,0.017726197439600706
16901,0.00036233362742945204
16902,0.9637101795020917
16903,0.019945787392400202
16904,0.5671314945943257
16905,0.0005851624748946495
16906,0.07445518979691482
16907,0.013732199774073387
16908,0.028585968843623244
16909,0.0013353385100856225
16910,0.0028506109144635083
16911,0.04161594177890243
16912,0.0026727170477967364
16913,0.009542671463246907
16914,0.006781040399924495
16915,0.04935946476302925
16916,0.0007632458894678378
16917,0.025360704981366743
16918,0.6955338270175092
16919,0.016791956030366477
16920,0.009630296295753942
16921,0.013063584895650448
16922,0.02002827894947979
16923,0.09524429589302323
16924,0.0552231197202048
16925,0.08686227341747127
16926,0.11468307687251857
16927,0.0008424932387650168
16928,0.5156495814339795
16929,0.6369782335591834
16930,0.0029388058775617876
16931,0.8018583064483515
16932,0.34737851014594207
16933,0.026489081411814677
16934,0.016747360112942356
16935,0.025338095144907664
16936,0.8029006483551641
16937,0.05012071793257798
16938,0.0008154678007828553
16939,0.0034138237192477923
16940,0.40458478626890637
16941,0.013851157577272916
16942,0.31642245097071703
16943,0.9433620830337728
16944,0.015439190883313839
16945,0.004046216987634014
16946,0.056625337773156245
16947,0.11092662325602343
16948,0.1255002701939589
16949,0.9955251755130435
16950,0.032027378236801136
16951,0.9627854146629533
16952,0.04185740519904145
16953,0.04706707846728281
16954,0.17127374443197407
16955,0.005704172202983325
16956,0.054784497868495256
16957,0.20113441824724393
16958,0.024402269573660703
16959,0.002930490755880939
16960,0.11323356942932485
16961,0.003026198955437311
16962,0.013363349368403903
16963,0.022826472667767116
16964,0.005275055030784069
16965,0.0042184412289808385
16966,0.9630755222744186
16967,0.14801460156243992
16968,0.8955009214579343
16969,0.017446207558347474
16970,0.0015074198164140656
16971,0.547763368807882
16972,0.9310893581499067
16973,0.5169554222157924
16974,0.06149259199554172
16975,0.007696267606983455
16976,0.05685361926288082
16977,0.004901011338716548
16978,0.3079495359438194
16979,0.006591490312875752
16980,0.5275269843323143
16981,0.8864390388310216
16982,0.8355473260634318
16983,0.9748313429891576
16984,0.031892995649730624
16985,0.013345018169928011
16986,0.002330641969879188
16987,0.008399970785420862
16988,0.0027714681109324247
16989,0.5608424550245651
16990,0.01735552222981439
16991,0.01651714157860908
16992,0.16405938329718373
16993,0.0022754152248882467
16994,0.1110142841729142
16995,0.013627984794854985
16996,0.007183033553602816
16997,0.02227680993565276
16998,0.7213250485152946
16999,0.015884237087803354
17000,0.013651338074266507
17001,0.005436498324719942
17002,0.018149287933089706
17003,0.49819199695649047
17004,0.14990317343028503
17005,0.22139052895086556
17006,0.08539099345044228
17007,0.45826646324213055
17008,0.043517175050212374
17009,0.7229088696328048
17010,0.10669292590991375
17011,0.038588673899788165
17012,0.016335771022335435
17013,0.010304544097521096
17014,0.6825383572882927
17015,0.6654942089412152
17016,0.02104798620766638
17017,0.15351470158096914
17018,0.015946295033883662
17019,0.024929479483410632
17020,0.09489501245440442
17021,0.028313415976571703
17022,0.11518299063349258
17023,0.9448808900826691
17024,0.00827462852866296
17025,0.0405217581013665
17026,0.004684845348436729
17027,0.009303301361443776
17028,0.6783259175129095
17029,0.003492337718553895
17030,0.002638040172344
17031,0.004075864811304874
17032,0.5518285584742342
17033,0.027326091731911868
17034,0.01702696186773696
17035,0.023579020954738218
17036,0.020786019188367283
17037,0.0005046946089814595
17038,0.006397675716823727
17039,0.014006293247004616
17040,0.016340423908129374
17041,0.002955203085832986
17042,0.9507852676804331
17043,0.07393440301325561
17044,0.006912500048707545
17045,0.18360154919166033
17046,0.5258939787773074
17047,0.0030257473427684842
17048,0.19968662619314792
17049,0.04778536635612502
17050,0.09594526834964474
17051,0.8954809934796198
17052,0.0940730698307336
17053,0.9110403598896651
17054,0.03426293761835918
17055,0.027968440422850124
17056,0.05334347369236477
17057,0.003141751278219101
17058,0.013268424120821135
17059,0.006982879723276455
17060,0.396287829573623
17061,0.9638599027013861
17062,0.00638850543925751
17063,0.004811864968315906
17064,0.2528990373347684
17065,0.02207192180940128
17066,0.7199253247994849
17067,0.6991856180792185
17068,0.3560689715736165
17069,0.2819761341081051
17070,0.4966334504709589
17071,0.9063607063434423
17072,0.0165172941716073
17073,0.018332317933534636
17074,0.32428950576164806
17075,0.07602525332679332
17076,0.0033204912208800014
17077,0.6410917981671616
17078,0.4089110049648508
17079,0.39362323478804445
17080,0.18140666383614593
17081,0.008362407938448124
17082,0.0448294964096479
17083,0.07645860286348011
17084,0.402854963967625
17085,0.9140576400572737
17086,0.032634041426689096
17087,0.23000028048382198
17088,0.002962617657353397
17089,0.023883205317068855
17090,0.002852497797925077
17091,0.005024059827958613
17092,0.29912831397416334
17093,0.015823273758553826
17094,0.05949695943104023
17095,0.8845458263257792
17096,0.5120197736931615
17097,0.22071634966296988
17098,0.010867361910665676
17099,0.008253539041360024
17100,0.6402089218791791
17101,0.1465330752179322
17102,0.7789205936631713
17103,0.023751929727990277
17104,0.07375358480418659
17105,0.018673822879604098
17106,0.014699317523241632
17107,0.08115564590970263
17108,0.12559263988137234
17109,0.022897372554344174
17110,0.0046444568643306695
17111,0.025058812379423097
17112,0.22576677039794402
17113,0.06482313476077685
17114,0.005581152839585556
17115,0.14214587698300632
17116,0.20552932530389015
17117,0.016862690396656985
17118,0.23671715136316723
17119,0.0427850930428017
17120,0.08786387052926037
17121,0.010559077221287853
17122,0.6887568794788506
17123,0.2445492223929651
17124,0.9835461937658506
17125,0.0045119749584658945
17126,0.21438321305417288
17127,0.003983013087503113
17128,0.9090532405180256
17129,0.03229622417795263
17130,0.12553261251991057
17131,0.003993244121595662
17132,0.17363865947351442
17133,0.05628031046087851
17134,0.19057059149416297
17135,0.21198489433004145
17136,0.07926163716597256
17137,0.031241359661841713
17138,0.991483810667677
17139,0.2932828313791286
17140,0.011869975782948912
17141,0.2417737103328447
17142,0.13307814138220925
17143,0.5237636655039708
17144,0.006913789326328693
17145,0.02022269776016269
17146,0.39059850853508626
17147,0.09342376627614712
17148,0.08537254554778283
17149,0.1145800264170953
17150,0.04481657895003835
17151,0.25030239648059466
17152,0.02925836467069925
17153,0.004887215179489994
17154,0.062081050655894726
17155,0.00751058345931842
17156,0.2699793606706491
17157,0.07294678604590771
17158,0.42995555532001395
17159,0.11905771862622117
17160,0.05556431154401271
17161,0.5070993791499395
17162,0.001954597087420015
17163,0.8462375799358138
17164,0.006983620893937019
17165,0.0006784757513728264
17166,0.04399254882403187
17167,0.036422771527962146
17168,0.042569471707328416
17169,0.7736988298362822
17170,0.0008713354087927966
17171,0.015569158934511178
17172,0.1726260193142739
17173,0.18961701140100184
17174,0.060506002028905215
17175,0.5092917265629938
17176,0.0381281760539065
17177,0.3845818537105277
17178,0.031014881642237556
17179,0.5620315569716843
17180,0.016550304130088293
17181,0.2590571481776467
17182,1.0
17183,0.20967900857848004
17184,0.2932702313876006
17185,0.008773346004256626
17186,0.004495492722102852
17187,0.013436601116031049
17188,0.6935756723534027
17189,0.020665326616801264
17190,0.246776768834613
17191,0.029700685585009476
17192,0.0027806792541089386
17193,0.002558282749971636
17194,0.0073020934410420605
17195,0.016222293890021132
17196,0.020289882062351994
17197,0.007076138856663136
17198,0.08111651272694392
17199,0.9716791956640358
17200,0.11303758535089989
17201,0.2797122467386192
17202,0.05616669099151848
17203,0.03705669353835339
17204,0.940146680308814
17205,0.011090836380604452
17206,0.011668672942081395
17207,0.02137884002626309
17208,0.0035199617245814533
17209,0.002540637059754448
17210,0.0011483310604426052
17211,0.0007300740193850474
17212,0.054879421934104104
17213,0.19594710481087746
17214,0.1696735938351626
17215,0.9814608867875664
17216,0.002420644558028483
17217,0.5670329017532862
17218,0.37692944883538515
17219,0.009634579897896872
17220,0.005158174263866199
17221,0.013267346372699548
17222,0.096554478430989
17223,0.04582399753170798
17224,0.14011366434385158
17225,0.8995268691438272
17226,0.026218179584041743
17227,0.0042191297032496255
17228,0.032446199140090316
17229,0.6741652140472615
17230,0.030245458880795554
17231,0.007624499779229396
17232,0.0038615199673046542
17233,0.047627063427744816
17234,0.03555600161151896
17235,0.04009640266812344
17236,0.0002786333234600808
17237,0.01915982356384049
17238,0.2696313689648354
17239,0.03348796564559999
17240,0.0030231288664800235
17241,0.009214389736868415
17242,0.021565145161139988
17243,0.04064343020492948
17244,0.6302170607032509
17245,0.0017240512785318956
17246,0.0015404480481372904
17247,0.002904019335805311
17248,0.023622673020330883
17249,0.05338296243923975
17250,0.8217083151645612
17251,0.27108726767775404
17252,0.15425074097926875
17253,0.03736309189117738
17254,0.11553676981720183
17255,0.016733692672699675
17256,0.017077564856789098
17257,0.9441118314854533
17258,0.3128056454489777
17259,0.8826941035728628
17260,0.19189005133034312
17261,0.04925951606742465
17262,0.1886662685987058
17263,0.011620207761671757
17264,0.41675021501898163
17265,0.001385441000805453
17266,0.002882080631918099
17267,0.02221490818591368
17268,0.2170673238422318
17269,0.25160031636939345
17270,0.006033040545572952
17271,0.05260370383059248
17272,0.3889740295295359
17273,0.923407109865819
17274,0.0061568243315367815
17275,0.15614888980703426
17276,0.15773800009141478
17277,0.0200665547775405
17278,0.023835347290650337
17279,0.9241575795771805
17280,0.05004363334511564
17281,0.030486550387518453
17282,0.06946860079775484
17283,0.8738057810077114
17284,0.04922140678835919
17285,0.030484976159114798
17286,0.0572844707572932
17287,0.6331042645172112
17288,0.004815710923054201
17289,0.08100326668945942
17290,0.0037035476804482977
17291,0.006843613116958704
17292,0.34770883377410294
17293,0.6093995397975186
17294,0.7458476751981187
17295,0.015713365652538253
17296,0.0013777976810498225
17297,0.01187404346053858
17298,0.03306733538570535
17299,0.2005703999420573
17300,0.018271436710151717
17301,0.8228472076033284
17302,0.0373825323648967
17303,0.09101260332555909
17304,0.1573602269185039
17305,0.0030905879021667407
17306,0.25741958443656504
17307,0.030749895277396414
17308,0.006661724681890756
17309,0.9620469947083305
17310,0.229008392564113
17311,0.15352897834344073
17312,0.8794084276573637
17313,0.9598310647403223
17314,0.001214620959111942
17315,0.36006263439339076
17316,0.21605677123312944
17317,0.007194826295511743
17318,0.0063497481585567195
17319,0.021682261267704648
17320,0.9978715784657918
17321,0.22241111866836646
17322,0.035734297467352495
17323,0.9884182401499286
17324,0.026841982098871
17325,0.005607623437635209
17326,0.0350768949224289
17327,0.00673289795460151
17328,0.6347083358989384
17329,0.005742412301313639
17330,0.009656592176171545
17331,0.07954093124253622
17332,0.17540699693892403
17333,0.49086335172733503
17334,0.3760278250102728
17335,0.10373237105240563
17336,0.03299476907201604
17337,0.17739656480954424
17338,0.016924846347056814
17339,0.02559787346148559
17340,0.054878307607898684
17341,0.11210472368831405
17342,0.3373592078726964
17343,0.01339553465487232
17344,0.9212428222824407
17345,0.22609923753999517
17346,0.19785473263742406
17347,0.9158711236432928
17348,0.5738043184184984
17349,0.00024350384336015502
17350,0.02250696434624444
17351,0.07107221476479772
17352,0.06678487135203492
17353,0.00410536972860342
17354,0.09078594199237223
17355,0.4282206122617288
17356,0.8196149235232616
17357,0.07458920884628559
17358,0.002751912950511163
17359,0.06742219269617046
17360,0.05156652851031195
17361,0.12213158322157627
17362,0.14023509607673545
17363,0.9967116096718523
17364,0.033710058720487476
17365,0.005537489279139149
17366,0.03269388130342032
17367,0.005444895103362983
17368,0.0692824040387928
17369,0.010662210116739158
17370,0.0012613492593229263
17371,0.9963646774024233
17372,0.03923652797297052
17373,0.018250775174259944
17374,0.0011154853083913958
17375,0.02117769873843257
17376,0.7339744156738391
17377,0.7683232702791157
17378,0.1041402529960563
17379,0.981837904114766
17380,0.003952346103236428
17381,0.002080754718428921
17382,0.021547416277045726
17383,0.013434572993258372
17384,0.004451804802902413
17385,0.6264113078441025
17386,0.0018825733719080074
17387,0.5244758322115509
17388,0.428863680889913
17389,0.007109970419377664
17390,0.9258936684563577
17391,0.7812238495542525
17392,0.2290231862090395
17393,0.07618401459747796
17394,0.7540604067797584
17395,0.26719245143728537
17396,0.09994896370772177
17397,0.04844731993401656
17398,0.9185403084164514
17399,0.024352324579756262
17400,0.12302763275967527
17401,0.0008343264616878693
17402,0.023980414944923395
17403,0.6345166245904171
17404,0.04283574586191709
17405,0.688132078152324
17406,0.00628813560896316
17407,0.0049144615008044
17408,0.25894144020773896
17409,0.005322379952039607
17410,0.03281994595639051
17411,0.002505553188245192
17412,0.2921030131537023
17413,0.039990273194237105
17414,0.31160526231674596
17415,0.1477572654649803
17416,0.0037773133518458563
17417,0.04345815383391689
17418,0.5465312647801552
17419,0.32130935388182813
17420,0.014797568730228909
17421,0.7896680445213462
17422,0.03667553013652866
17423,0.007117890664627154
17424,0.4472733302065005
17425,0.004110156639929267
17426,0.24320034454257583
17427,0.0035435716212671208
17428,0.00933839206219886
17429,0.13480953798091563
17430,0.0028048834384433977
17431,0.08831408745102767
17432,0.18659042852738594
17433,0.9770930811459986
17434,0.014869446958994476
17435,0.016470523627193
17436,0.8377435590844917
17437,0.8276656080445808
17438,0.03234175032710654
17439,0.005269828262893366
17440,0.08825330926909605
17441,0.000173640188170256
17442,0.0033116687738255286
17443,0.04161293415544695
17444,0.002936671959707356
17445,0.005462646483432607
17446,0.9609700864934443
17447,0.003892430436469039
17448,0.010306587464395243
17449,0.6209045052225625
17450,0.020725035487418716
17451,0.018093704302625427
17452,0.09586330920061605
17453,0.021749812712755945
17454,0.5969866847449854
17455,0.06738011112542225
17456,0.015952262658590594
17457,0.01576641684975488
17458,0.021346167605492284
17459,0.19017284969951076
17460,0.02306103904848822
17461,0.08558683128993744
17462,0.5631051080773208
17463,0.007952158198477026
17464,0.7510888350350602
17465,0.0020726959786903127
17466,0.02213111527700965
17467,0.04774033678674231
17468,0.011395412728006295
17469,0.008802735427313694
17470,0.12580283322662464
17471,0.648874172476537
17472,0.008716207349957284
17473,0.00936973653622127
17474,0.01719747636547354
17475,0.8220566902897385
17476,0.00038790959020548114
17477,0.023982343485011312
17478,0.016980547966200583
17479,0.08731628485818267
17480,0.0046496180214352515
17481,0.0067229474325286925
17482,0.031473870183851956
17483,0.4660319669489781
17484,0.09826649225848455
17485,0.0015762500301982512
17486,0.2575036375405626
17487,0.007830864651047414
17488,0.0038625476026295847
17489,0.9780482552268803
17490,0.8180378316547076
17491,0.009848298585812758
17492,0.052159113754765514
17493,0.007817324757946258
17494,0.0032571056775531244
17495,0.09308156758857486
17496,0.016657395746060812
17497,0.2488781696536832
17498,0.01285303655486775
17499,0.7728283731034018
17500,0.0006401199167612851
17501,0.0035968759935935107
17502,0.45483691187843506
17503,0.037276264368785214
17504,0.007030336918964894
17505,0.9935503347815979
17506,0.0064687812861315445
17507,0.6495574781215181
17508,0.6977917384577835
17509,0.008363416984196959
17510,0.5744457147516605
17511,0.20604772209343372
17512,0.09826838885943943
17513,0.07740966869207691
17514,0.7655922586720834
17515,0.02158309711121024
17516,0.024971073574904662
17517,0.8216785729186064
17518,0.015409904335809263
17519,0.6596545182272643
17520,0.18957950124152145
17521,0.776482012772118
17522,0.002387537159769486
17523,0.08862016525898801
17524,0.015196814582560227
17525,0.053717546842853924
17526,0.0009871021225654664
17527,0.041943901805042774
17528,0.007474711856174466
17529,0.9809918072743156
17530,0.057633920214625795
17531,0.00825296819407418
17532,0.9867621926854365
17533,0.03931599974037371
17534,0.2467573387071762
17535,0.013037580682187572
17536,0.006847884293249731
17537,0.0048731906903234905
17538,0.002450450340269775
17539,0.060368540746618446
17540,0.5893860814387786
17541,0.5074480052204003
17542,0.0140851162034757
17543,0.032913206637734574
17544,0.0009518241885798487
17545,0.9421910967219117
17546,0.19200695704320714
17547,0.34712025633282095
17548,0.3129177382849095
17549,0.6285852183151893
17550,0.9773331862324136
17551,0.1724627165230275
17552,0.007805031485397938
17553,0.3078322371057133
17554,0.9043563968205168
17555,0.07498505124975137
17556,0.018188072688747427
17557,0.02382120847415529
17558,0.002303957699465196
17559,0.04002250546116191
17560,0.08838108687664196
17561,0.005484418731316468
17562,0.3702163447733188
17563,0.569716627115067
17564,0.006305311206681411
17565,0.0379043100221557
17566,0.026083998764028653
17567,0.21418345072176234
17568,0.008826468910490512
17569,0.23164890782699984
17570,0.0027972442579083947
17571,0.00216925289968156
17572,0.0003374165574734012
17573,0.029827673631742296
17574,0.13477129058401938
17575,0.7090167336730243
17576,0.0582487925070995
17577,0.5009310110477618
17578,0.8310659215937634
17579,0.0021671871662033654
17580,0.5836709858174802
17581,0.44502194937855505
17582,0.00485628601345585
17583,0.004541515060613893
17584,0.016484212005116492
17585,0.031357116007562136
17586,0.03833974487000923
17587,0.03098143042254728
17588,0.008138148224257898
17589,0.06719665936828287
17590,0.2503301065779459
17591,0.3618975751054341
17592,0.02155181264764812
17593,0.20758566735440784
17594,0.006640350509468742
17595,0.04023582936601071
17596,0.015885278431679268
17597,0.009093070060873051
17598,0.19485100276713074
17599,0.18317349363010135
17600,0.041181187007700175
17601,0.135152125547037
17602,0.6158790557901668
17603,0.15573329818851633
17604,0.006850603353890063
17605,0.014420668106612952
17606,0.0060366065447438975
17607,0.013912056143550516
17608,0.14790546900105314
17609,0.968093911570243
17610,0.017314856063129127
17611,0.5723055222214172
17612,0.015043182236818171
17613,0.267755032505266
17614,0.02411162663886185
17615,0.3238711606058165
17616,0.13926959814072562
17617,0.16162955908032015
17618,0.0067517016178709425
17619,0.961567044881592
17620,0.01083819130479521
17621,0.006993084259029919
17622,0.016628582697574605
17623,0.0007160088692659102
17624,0.027586463257643273
17625,0.9178228407047331
17626,0.07715610487976617
17627,0.943559658955957
17628,0.026316408319564277
17629,0.16415474445643347
17630,0.64824780913782
17631,0.009605290419190829
17632,0.9412672436126374
17633,0.0015867632379694167
17634,0.48412649490872756
17635,0.03559037849032347
17636,0.04685513807570384
17637,0.9835115697157985
17638,0.29984425376169005
17639,0.011306188843938327
17640,0.2942163676503725
17641,0.006223053744528231
17642,0.20829341737826018
17643,0.01590415309493675
17644,0.04359770218945826
17645,0.010276783138217687
17646,0.07903651783389422
17647,0.5942543069576198
17648,0.7712035777574776
17649,0.013250356826287703
17650,0.001159736607916528
17651,0.12391867593022977
17652,0.9996391600765764
17653,0.02585188815356
17654,0.21177037533683488
17655,0.10475143950832218
17656,0.004477738200554756
17657,0.04000487192594939
17658,0.03129016115060095
17659,0.9142590482741477
17660,0.021768223271609034
17661,0.10541697819865896
17662,0.05409719217005983
17663,0.11049060629253196
17664,0.22345363435968688
17665,0.0016510368289261324
17666,0.012833813372737425
17667,0.19599120970311584
17668,0.019463677878826503
17669,0.07851559739024011
17670,0.0027309715629253357
17671,0.0004049695795027852
17672,0.10934548172796948
17673,0.008337498824934605
17674,0.0033343885626997746
17675,0.057027507728009366
17676,0.8538138839165756
17677,0.007137967213681232
17678,0.01708200731125051
17679,0.004281024640106512
17680,0.026698004156653753
17681,0.2842801259321056
17682,0.6281235630844193
17683,0.04823299766296776
17684,0.9613442093408849
17685,0.029720832413634726
17686,0.031762534459032814
17687,0.05928359279585702
17688,0.016772927272710073
17689,0.013356432610375635
17690,0.006012013873604002
17691,0.00955180933413885
17692,0.12881432061558437
17693,0.2188172886680676
17694,0.010890975696106878
17695,0.9415026405376028
17696,0.031293295679885265
17697,0.00402514313786833
17698,0.4769512675378269
17699,0.0031624233217272743
17700,0.012725427182969803
17701,0.04437971705524943
17702,0.026479507129620758
17703,0.5221875968361399
17704,0.0019034644359090856
17705,0.009619379630527305
17706,0.9965205307008878
17707,0.009792290915350943
17708,0.0035077508982541473
17709,0.0006457076412349615
17710,0.0044837129228927205
17711,0.004629942821075421
17712,0.08958250964236003
17713,0.008516236807918057
17714,0.011482779470884254
17715,0.03234922044642988
17716,0.001949311296302628
17717,0.0958228948401873
17718,0.141514801230466
17719,0.2775853386903083
17720,0.7889646792694462
17721,0.48017276083368027
17722,0.0007804351607103143
17723,0.006908500138120533
17724,0.05659531509352619
17725,0.8444646101597776
17726,0.7454271673253258
17727,0.39072758288830695
17728,0.12696740788534716
17729,0.06353787734744937
17730,0.625839889814317
17731,0.4583674957785701
17732,0.0025764560248430447
17733,0.06748858656193413
17734,0.17999857373617548
17735,0.6024478838336986
17736,0.007406407593298682
17737,0.05283917148180213
17738,0.5533222964352532
17739,0.0012081313041320003
17740,0.07641058347669642
17741,0.006220671835837632
17742,0.06783383949766517
17743,0.021288421456331776
17744,0.055155066798067795
17745,0.0017261570476029518
17746,0.12677896831858562
17747,0.22016890078461007
17748,0.014010714906173673
17749,0.006909404599854065
17750,0.010507548269032389
17751,0.009909990554217553
17752,0.06713682148065556
17753,0.5005623047223824
17754,0.027589748788269322
17755,0.0023056878239877763
17756,0.23308540377685144
17757,0.36543788605233174
17758,0.021578479496516593
17759,0.1845372282317194
17760,0.42123861859414946
17761,0.07982334290498522
17762,0.02616253687366355
17763,0.011179761262557961
17764,0.1286257787288871
17765,0.8242487063433727
17766,0.2706197343139506
17767,0.927463803600913
17768,0.6365304606441352
17769,0.9861239973489121
17770,0.002042876085449944
17771,0.10912872392327182
17772,0.09162913162244125
17773,0.0019226299637329445
17774,0.21519350486805425
17775,0.6357237191727025
17776,0.36043771551225473
17777,0.0021723448001191316
17778,0.0044778085878108735
17779,0.6830227097258256
17780,0.008872566396314414
17781,0.7831754581930584
17782,0.04116063452218457
17783,0.009140539556770383
17784,0.040603920732998455
17785,0.0036712441602068787
17786,0.09505210472237298
17787,0.8957628100014832
17788,0.023974209314057297
17789,0.06270086275523143
17790,0.019748317896061976
17791,0.048336007999438
17792,0.03171901099341686
17793,0.3304131569397214
17794,0.006355106565557822
17795,0.01615859325468789
17796,0.015670795841606012
17797,0.8938951466169996
17798,0.6729931911140556
17799,0.005978383388591469
17800,0.10164065807716735
17801,0.25953300843719646
17802,0.009526895631899634
17803,0.09237562695261764
17804,0.005817275213594665
17805,0.028849130293296166
17806,0.8417910426077293
17807,0.03271080611572348
17808,0.003100155088470611
17809,0.7708486452924671
17810,0.001349762487538505
17811,0.9999335684953315
17812,0.02271435940280163
17813,0.015095473443927986
17814,0.012097759935879122
17815,0.1253226796338037
17816,0.2615933454763781
17817,0.014930628239506501
17818,0.0068541259720725466
17819,0.5298586274790724
17820,0.10144331739136983
17821,0.15781944440850462
17822,0.00038518450337477383
17823,0.5079401585713288
17824,0.0008256119793370292
17825,0.024681688720078067
17826,0.026333277270601335
17827,0.06160845476048671
17828,0.013787777648843874
17829,0.007345511196632966
17830,0.33413477656905366
17831,0.1591370545674566
17832,0.000741389215835717
17833,0.7857681191074182
17834,0.0012368436192200538
17835,0.7904690388348399
17836,0.05017154042155204
17837,0.17669551530683386
17838,0.8504061366232113
17839,0.07113346306108112
17840,0.008266455665220995
17841,0.2628654423637327
17842,0.023639116878084978
17843,0.08126869172729753
17844,0.10248373227145638
17845,0.6067072430924831
17846,0.00751720282016204
17847,0.04012363793655174
17848,0.03570497659000652
17849,0.9761317030384201
17850,0.42103855965630993
17851,0.035044653430083825
17852,0.0023151474752184206
17853,0.012277353553190318
17854,0.01284048909946716
17855,0.015574953560433034
17856,0.5357348165741894
17857,0.07748773712303716
17858,0.032160514492405104
17859,0.02403969313534838
17860,0.6342280198768638
17861,0.04828693607514565
17862,0.8745721890370022
17863,0.018953507009397897
17864,0.013803567848778009
17865,0.8871502950907919
17866,0.07946981233032038
17867,0.718689418178855
17868,0.013375721548790038
17869,0.004645489201027519
17870,0.04800144185415385
17871,0.006356055031936386
17872,0.0047668838454687735
17873,0.010449970941943195
17874,0.20033154824891802
17875,0.030973325220911174
17876,0.0828440029666543
17877,0.6199971192039285
17878,0.01626089686957917
17879,0.008348117111814478
17880,0.0007808153256559327
17881,0.009218385946641912
17882,0.12779159058896755
17883,0.13462036605117267
17884,0.05768481074264739
17885,0.3145845543350181
17886,0.07960090702065777
17887,0.007345554810443303
17888,0.7077715345436484
17889,0.9835198358903267
17890,0.024101966651905553
17891,0.0025435498557894254
17892,0.5783736057714752
17893,0.9661753401530838
17894,0.42027270836429875
17895,0.18947180037246766
17896,0.243220056327853
17897,0.08525412659995
17898,0.28544495874167725
17899,0.0053327656517520436
17900,0.019640300525812074
17901,0.030765269848902425
17902,0.00813464584027277
17903,0.005904768938282761
17904,0.022670396457129875
17905,0.9413031169219912
17906,0.0019936127528968313
17907,0.011009536233963875
17908,0.9026572469725973
17909,0.008518900010679422
17910,0.10498454825235023
17911,0.41131056845739455
17912,0.7076859031524212
17913,0.008728909199164903
17914,0.6868744117152304
17915,0.019277470135455242
17916,0.016850134582221194
17917,0.02854068765496883
17918,0.01002721710526531
17919,0.00444526042344096
17920,0.020689418130126706
17921,0.19406141030014198
17922,0.24580641415480783
17923,0.0014692041884719954
17924,0.11967398406040257
17925,0.022611115235354053
17926,0.009788001506251788
17927,0.003010623975856884
17928,0.11106505341363808
17929,0.1209896482634779
17930,0.5044481645435595
17931,0.46934502634950853
17932,0.7176571667916499
17933,0.01769512947807764
17934,0.0031348744653982613
17935,0.5188952220533624
17936,0.0008335714139335523
17937,0.5402112693706913
17938,0.021487473403651276
17939,0.04576665588716159
17940,0.08991137265777092
17941,0.010458782580443023
17942,0.004071313283404517
17943,0.07218926891782944
17944,0.886619429818452
17945,0.605600480321224
17946,0.002615665932382284
17947,0.053765286849178896
17948,0.24748958644228336
17949,0.002138964274704459
17950,0.021896526188890684
17951,0.04976896518934248
17952,0.0015067675670967595
17953,0.7453702238953549
17954,0.04503404738546665
17955,0.012442527316888672
17956,0.003827233372457474
17957,0.011735760120995113
17958,0.23513818275188786
17959,0.9286015741532598
17960,0.9919886786762011
17961,0.003166461763386678
17962,0.007910120274680682
17963,0.47773930779046314
17964,0.018666509484647504
17965,0.0026112815665841694
17966,0.47776151873298106
17967,0.06210219412407359
17968,0.029419861438131335
17969,0.016770703016727267
17970,0.17865994851070974
17971,0.0008891752217949813
17972,0.13384013814390128
17973,0.035702137511710995
17974,0.02812816096286062
17975,0.059302813089980026
17976,0.006400631156610421
17977,0.04061939209768704
17978,0.024960396853107726
17979,0.013452645536977293
17980,0.009662088118521307
17981,0.5652745316673585
17982,0.006349735164811502
17983,0.008648006522189474
17984,0.01758282523455712
17985,0.17274676373350245
17986,0.0031262466998786876
17987,0.01950127520379946
17988,0.01870066966411078
17989,0.005375005002462712
17990,0.0011280565514303373
17991,0.001056364351563441
17992,0.05026562808647666
17993,0.22372236929937256
17994,0.007526573953153791
17995,0.020397195036561025
17996,0.19612004527595903
17997,0.06469660654743807
17998,0.004428837246633522
17999,0.8614643401420786
18000,0.0005797144345389686
18001,0.9124981026143665
18002,0.16429179229461943
18003,0.020517799967951736
18004,0.017137604195694045
18005,0.14247660753758246
18006,0.1395789180777537
18007,0.001395188286273255
18008,0.06560588653712733
18009,0.005707739567006478
18010,0.09546322314183706
18011,0.009929558359294082
18012,0.03589949264599609
18013,0.11709506760905235
18014,0.025240135899124865
18015,0.007509564587098832
18016,0.015738905257190808
18017,0.007776853993230114
18018,0.071148403857718
18019,0.12746652896019892
18020,0.002703580441853362
18021,0.43119896652643963
18022,0.1265066559035118
18023,0.110211498246195
18024,0.9065068037395917
18025,0.009110977455151742
18026,0.30232731667910057
18027,0.06758961285201742
18028,0.004368369220437218
18029,0.9289102390965768
18030,0.01952511963778125
18031,0.05521777271174348
18032,0.011100624235004544
18033,0.11549310548236888
18034,0.05323600051105315
18035,0.20786725300004533
18036,0.04635855721470148
18037,0.009031943872084742
18038,0.005358379143942348
18039,0.18190992272109563
18040,0.20704850686304715
18041,0.13449907713680076
18042,0.9409146768351467
18043,0.09162663708144354
18044,0.022326626493264987
18045,0.0010273901877072154
18046,0.03023007937810927
18047,0.04659492197352739
18048,0.000867309430145011
18049,0.04659870383237632
18050,0.4505551828700323
18051,0.14099223175841383
18052,0.0049233001590950325
18053,0.8803001289024931
18054,0.06547341409716226
18055,0.3143566819316447
18056,0.001630294640733095
18057,0.04784298062473487
18058,0.009887783125090845
18059,0.0632843264852455
18060,0.46051636641240334
18061,0.019554325306476758
18062,0.04785261149261198
18063,0.12061381294922942
18064,0.02728196381267951
18065,0.7356946896477481
18066,0.025606005344008476
18067,0.27345091185261144
18068,0.0014580019415956077
18069,0.012423105405357102
18070,0.021248519144518082
18071,0.005037968161811227
18072,0.8605528853308846
18073,0.9214987082178344
18074,0.0026092046346412267
18075,0.010584931596784268
18076,0.004141272236797757
18077,0.0438566736960386
18078,0.017361398538891536
18079,0.006150524782869633
18080,0.004770828269091645
18081,0.1638228376314691
18082,0.04275494199962762
18083,0.0014121228417052758
18084,0.1435478216804994
18085,0.1036644957333688
18086,0.9738875238887688
18087,0.3859061551978635
18088,0.5233463799314826
18089,0.00808980321124155
18090,0.0024307340998733903
18091,0.9158552917722588
18092,0.6486529647955982
18093,0.07430993870879025
18094,0.6999252391172811
18095,0.011880938485611196
18096,0.025464044700894885
18097,0.001825600037587634
18098,0.005719001455959202
18099,0.058879414957174685
18100,0.55249984731386
18101,0.9999999839992626
18102,0.0016303661174779307
18103,0.09793608406762942
18104,0.012994058593518513
18105,0.005216272398428266
18106,0.40784756240851827
18107,0.0029595541292708
18108,0.02277620372509076
18109,0.20984984777290847
18110,0.07019835158813299
18111,0.16841506362891948
18112,0.31744634332010996
18113,0.002949464306908151
18114,0.020263530338278178
18115,0.027185406531218752
18116,0.0025136807474598582
18117,0.007280164642756482
18118,0.013807364545988155
18119,0.024809018234542835
18120,0.0143519648326098
18121,0.004825071878250774
18122,0.025101340255559004
18123,0.009708681782016237
18124,0.15032323727884367
18125,0.09097831397194486
18126,0.14250499863176458
18127,0.5262038923995663
18128,0.008729667869612214
18129,0.0008352600165871773
18130,0.2936093597583894
18131,0.006805940659583095
18132,0.018073362809750804
18133,0.00983924070433089
18134,0.0010448577245200249
18135,0.04205771887365605
18136,0.8986767947366799
18137,0.9203777003107892
18138,0.08200553098104671
18139,0.05431035887957214
18140,0.2015984227010616
18141,0.0073193483290262045
18142,0.0005273755012669855
18143,0.9927739866127504
18144,0.01741095672161952
18145,0.01402368032154322
18146,0.5544190791863103
18147,0.031479908118413946
18148,0.5975887108618552
18149,0.0016529699828188526
18150,0.003374903636863379
18151,0.3187723370013221
18152,0.01195761871715537
18153,0.005899217871307869
18154,0.02085621176229135
18155,0.7415003573016554
18156,0.00028555854969481765
18157,0.2504873725840548
18158,0.8678937803940265
18159,0.025588602015958466
18160,0.6692258340316558
18161,0.05245075725761605
18162,0.11955746993681107
18163,0.011756455266804338
18164,0.1890594073559269
18165,0.1034278886000496
18166,0.13868997273468386
18167,0.6376314599903573
18168,0.36861863642385617
18169,0.02430051142393105
18170,0.9155404553566137
18171,0.9813688042425193
18172,0.1776863227016407
18173,0.005382892377474997
18174,0.0555923694175019
18175,0.022067355357290815
18176,0.9464863162367907
18177,0.6361001382183518
18178,0.0658166202335725
18179,0.13961625396646213
18180,0.9996049192528534
18181,0.4288931421180533
18182,0.00019859379941829483
18183,0.23798998366945023
18184,0.018523068961736545
18185,0.5063092476743981
18186,0.0038584741913126074
18187,0.059829082442855785
18188,0.9877289023429119
18189,0.25959319061186753
18190,0.9351401106201721
18191,0.028356770646975143
18192,0.7909700206368113
18193,0.017375440991550972
18194,0.004887756420950068
18195,0.9430005316052176
18196,0.00908868662934356
18197,0.010796600353641255
18198,0.4955633767337177
18199,0.01350717151779632
18200,0.41107761949479504
18201,0.5805614761356551
18202,0.3963350280005253
18203,0.589759750434086
18204,0.04454519387812643
18205,0.002959960721074845
18206,0.043390466828979235
18207,0.15148368809235155
18208,0.017451025965581225
18209,0.007831786881265505
18210,0.008191468928175929
18211,0.06677960497203153
18212,0.021005882474117
18213,0.1926932920830786
18214,0.9955740272222251
18215,0.027171798523978597
18216,0.4862879016470637
18217,0.5035352766384616
18218,0.1774771449316457
18219,0.029103529012221324
18220,0.47172243663539865
18221,0.07464773891216696
18222,0.0006427535662594977
18223,0.43345055581892655
18224,0.7131400310493368
18225,0.004041487096226694
18226,0.5152740487863684
18227,0.022855984190771353
18228,0.0007026867809776516
18229,0.566495153748013
18230,0.009972911516082815
18231,0.8050719201164875
18232,0.917512113954959
18233,0.13539635605571382
18234,0.8063668271247117
18235,0.7698346059749664
18236,0.010539024533731537
18237,0.34071041177871
18238,0.02828369418224711
18239,0.0832540520614789
18240,0.03197618444963851
18241,0.684942443785208
18242,0.021628736648634038
18243,0.027387281380911052
18244,0.7326864556004522
18245,0.1314826236196485
18246,0.06320280585203737
18247,0.07539782818754895
18248,0.3832557877089483
18249,0.047560414376400684
18250,0.0022362385906416608
18251,0.020405508786876216
18252,0.009222331196479826
18253,0.8047868295289149
18254,0.3903979357086931
18255,0.9142231716340599
18256,0.0066420378396108565
18257,0.0015573781175221262
18258,0.09278548147879961
18259,0.0063043281568859345
18260,0.0064188204237634805
18261,0.0009116749958531333
18262,0.02157737912043387
18263,0.38577004089676586
18264,0.007587174748037778
18265,0.37452030961250565
18266,0.4326118091633603
18267,0.7336373578439509
18268,0.0015733619834690082
18269,0.9995817749340548
18270,0.10739615584536819
18271,0.06595054225389539
18272,0.5994030631173403
18273,0.012965755491227868
18274,0.024644862385296985
18275,0.014134421651890806
18276,0.7348165364844851
18277,0.030872358424868008
18278,0.017969761784153274
18279,0.0038033832385034384
18280,0.053669502493031394
18281,0.08468493862956161
18282,0.03349052604509168
18283,0.16283891007984116
18284,0.14616411198844304
18285,0.009662621370108098
18286,0.092937293201987
18287,0.004016853266827674
18288,0.01440906009160365
18289,0.6119232932526905
18290,0.0030331208395155073
18291,0.002732622290124227
18292,0.04179350763862881
18293,0.06855952885785917
18294,0.014717605311644075
18295,0.14085805561544776
18296,0.8916717494258666
18297,0.004494007978521605
18298,0.03317055502283828
18299,0.20730553238429641
18300,0.2482101273991127
18301,0.0016980929352670706
18302,0.7565201861083063
18303,0.0475462566509627
18304,0.008087084174223625
18305,0.7925675435617316
18306,0.06430548059746453
18307,0.035133000319251116
18308,0.9224265292725105
18309,0.0009131454795564123
18310,0.08494738828661945
18311,0.13209226288168685
18312,0.008124064050662771
18313,0.0071710570504655595
18314,0.04551903348206475
18315,0.02416315936628869
18316,0.012089441934982303
18317,0.027111372899964473
18318,0.002359483540579537
18319,0.003382366291907854
18320,0.18353633474195352
18321,0.22853278330869245
18322,0.7183198084827889
18323,0.04401629356337115
18324,0.8349190148656099
18325,0.9731365070081364
18326,0.0755931492396967
18327,0.05901529062631488
18328,0.03405652441397374
18329,0.25045158508311105
18330,0.01291299531039407
18331,0.3123474152521644
18332,0.009447318293919179
18333,0.017859481808374295
18334,0.0030308429451544436
18335,0.19305564078148074
18336,0.03779086206208644
18337,0.8064117485730614
18338,0.006610336140101353
18339,0.006684423634852305
18340,0.05636465287291682
18341,0.008676132310133304
18342,0.08949661275198878
18343,0.009117396835690489
18344,0.9879873494791814
18345,0.8277291333707575
18346,0.043896428775232615
18347,0.029874011707556665
18348,0.0015469149588304915
18349,0.031909442097145926
18350,0.5380485681121786
18351,0.003827410614223976
18352,0.049750518509461
18353,0.03493305378499734
18354,0.007229875363463657
18355,0.0033625080045435823
18356,0.015347478591047894
18357,0.771719758359704
18358,0.21693025610456898
18359,0.026469381502084745
18360,0.015048516219881002
18361,0.8819534210275642
18362,0.0223019505036468
18363,0.003781088626451974
18364,0.6112873969718539
18365,0.8643390490006784
18366,0.7039693088474084
18367,0.0033915939970379895
18368,0.0024826973324148936
18369,0.039484344504416645
18370,0.2637026371647286
18371,0.757309856593799
18372,0.008121979173043296
18373,0.06703410935061638
18374,0.018493270114334433
18375,0.19578293471744232
18376,0.13854691444738176
18377,0.00672192941693713
18378,0.14479119192779377
18379,0.007434487843735992
18380,0.45012614082806834
18381,0.9693030343401634
18382,0.20616530074650333
18383,0.29769728621028957
18384,0.004086933649642396
18385,0.002118784342681982
18386,0.9221312070276896
18387,0.7797113448562285
18388,0.35116647363537706
18389,0.010254819440597428
18390,0.4231017853826694
18391,0.21603109378818747
18392,0.15145286826221435
18393,0.15903757015246342
18394,0.06287681286569477
18395,0.3296005951826532
18396,0.6362993321722842
18397,0.004144389886625964
18398,0.9593035659282301
18399,0.3248425955548204
18400,0.13698939188019035
18401,0.0013805952525527674
18402,0.5097781319955846
18403,0.38857318699457577
18404,0.019870262001365213
18405,0.049896036040813156
18406,0.850138930536083
18407,0.09831849594072016
18408,0.7135423077885972
18409,0.017070207352223563
18410,0.03592268464096978
18411,0.0037824591688954694
18412,0.007998323993445272
18413,0.93790959965283
18414,0.1418797361321761
18415,0.008849473066963882
18416,0.12488303033599009
18417,0.0007665433448278851
18418,0.98884693017608
18419,0.5318018399910363
18420,0.005505842112710089
18421,0.9015991661502145
18422,0.007812833317716449
18423,0.04439912687517668
18424,0.5439850353212318
18425,0.9995525011221036
18426,0.14902017836330073
18427,0.6933476994406391
18428,0.0015430194687371477
18429,0.1864232223622779
18430,0.8671696773487418
18431,0.0008058735353955568
18432,0.0029379064927665616
18433,0.015249113565302364
18434,0.007982899138712732
18435,0.16257050630245676
18436,0.3103561954930779
18437,0.008584105766041638
18438,0.0547371130463826
18439,0.027991694177750628
18440,0.10018332651217501
18441,0.152479364362535
18442,0.10868538278285962
18443,0.027817348534515795
18444,0.2291070748010372
18445,0.8527371884470917
18446,0.8868832722188669
18447,0.0027605945818805397
18448,0.8427595984445753
18449,0.011469463201663761
18450,0.15050416954398438
18451,0.0004301211554787432
18452,0.8817948227760747
18453,0.03351145200607093
18454,0.8822366607359781
18455,0.4157105176242663
18456,0.004415636496827869
18457,0.042002753844652366
18458,0.9067236742427283
18459,0.6064773168394294
18460,0.06240858224635251
18461,0.14641493821663037
18462,0.06560473592898432
18463,0.008931474827152276
18464,0.002999854683439872
18465,0.0027170034867351387
18466,0.01721413680107487
18467,0.0901625325029512
18468,0.607484750042694
18469,0.006382306463072349
18470,0.3861434926475675
18471,0.9203271277185427
18472,0.006341493428148471
18473,0.03392840826494846
18474,0.0034185492017086722
18475,0.058122267313520125
18476,0.14943376578976403
18477,0.005123253847743022
18478,0.9754489376008832
18479,0.01479832353001286
18480,0.944841567869301
18481,0.010087628706356617
18482,0.6731154931635334
18483,0.0014702362306794308
18484,0.1542582791403167
18485,0.987305916727839
18486,0.09764063598343409
18487,0.002556654791148839
18488,0.8726016423672089
18489,0.01746682833432096
18490,0.004363670862245865
18491,0.002092964966174675
18492,0.820121777888501
18493,0.043836437334979515
18494,0.20907836906136912
18495,0.9094171050304759
18496,0.08099624716175596
18497,0.030536722502254424
18498,0.8089865236637591
18499,0.0005286800790863007
18500,0.4803801583136019
18501,0.763847898078165
18502,0.025866097419655065
18503,0.010609919657200758
18504,0.00871519967408607
18505,0.008893361500178262
18506,0.07219336407344931
18507,0.1133374997427721
18508,0.01714954285544965
18509,0.003285079740541698
18510,0.3029497545278803
18511,0.005272941403521009
18512,0.05156340606504012
18513,0.8387783598254039
18514,0.0010815520029053595
18515,0.020496859691739044
18516,0.12816766033299004
18517,0.0005135221774868908
18518,0.0336555363225864
18519,0.04875505729849772
18520,0.0012455493087609936
18521,0.048705655373489774
18522,0.003483980934924378
18523,0.0007643579162715122
18524,0.04132448577874713
18525,0.0075769161260037824
18526,0.33009734260654544
18527,0.9825202891622183
18528,0.0038229915096157077
18529,0.004685547839361704
18530,0.006449857085945853
18531,0.017444435087518514
18532,0.15851543995306291
18533,0.0020457600898962027
18534,0.4391131574494058
18535,0.003349447452518411
18536,0.0030839508300947844
18537,0.5610595605607106
18538,0.5194730656484334
18539,0.038211969381153725
18540,0.3365230191668589
18541,0.002823116891186088
18542,0.4077833547019762
18543,0.01707709936187477
18544,0.11507000696040909
18545,0.024364920328540863
18546,0.17040309861115535
18547,0.05205876910117117
18548,0.85904230520099
18549,0.9738462655182447
18550,0.9987444436910571
18551,0.019204652463163014
18552,0.5095483516792706
18553,0.5981149497940967
18554,0.06802608515422759
18555,0.00592379520299223
18556,0.002740339037395959
18557,0.010973851789688316
18558,0.011854252293342388
18559,0.7858357339013127
18560,0.1966295611883122
18561,0.013647461962095271
18562,0.5133660881558256
18563,0.051392838105117584
18564,0.7912516863703531
18565,0.005885032203436018
18566,0.005556569533509548
18567,0.028641974591992445
18568,0.0007248123694680289
18569,0.0073952512220578845
18570,0.3679884093606925
18571,0.0027969718865119577
18572,0.0017506608429117751
18573,0.01705519838802756
18574,0.1285536734777833
18575,0.03588175528711831
18576,0.006030401895040485
18577,0.05791736933446191
18578,0.01246050943676478
18579,0.09370017539201242
18580,0.06493027144277622
18581,0.005069749747293051
18582,0.04634799581664079
18583,0.02144171049571857
18584,0.21196193630322693
18585,0.0303577113858907
18586,0.1521006571338067
18587,0.018627350729234375
18588,0.6602170773860654
18589,0.0840515175687526
18590,0.010351797865064283
18591,0.24451250617719408
18592,0.4709435535114575
18593,0.02130673926824528
18594,0.05348467650766417
18595,0.9678988577282296
18596,0.29776886632691896
18597,0.031917053049652595
18598,0.6060012243081246
18599,0.6498002852371102
18600,0.6830071732605454
18601,0.005884431091940725
18602,0.0002906829970457591
18603,0.00968944031753691
18604,0.685686806954459
18605,0.02000302108254263
18606,0.033689736567119544
18607,0.12102625657949957
18608,0.8514133664440457
18609,0.400164896477074
18610,0.3517656263737544
18611,0.0040982695724814805
18612,0.04030631690921231
18613,0.9643972134274775
18614,0.017448933158283365
18615,0.6567760682649295
18616,0.004890513062709111
18617,0.9409841409253993
18618,0.015807381718756165
18619,0.007183977229369482
18620,0.016238396853001685
18621,0.003468507100884066
18622,0.013408718024292155
18623,0.12319450437503394
18624,0.04007796054670334
18625,0.01003805846627435
18626,0.00137458137172662
18627,0.0986912340775581
18628,0.0038809027794728646
18629,0.06339919780271396
18630,0.1933483728473676
18631,0.6917790481229071
18632,0.01301453248324833
18633,0.012708779225323968
18634,0.4385558380474869
18635,0.0026271263008335113
18636,0.3384543368555262
18637,0.20855813297477438
18638,0.0139800995899364
18639,0.09395081183674278
18640,0.4327553578135901
18641,0.0020351195206253663
18642,0.6644289756088386
18643,0.011552331991804455
18644,0.0062339546213266974
18645,0.005812578410919262
18646,0.32909275724199655
18647,0.0075513438550512055
18648,0.12698994201839514
18649,0.004931356082446096
18650,0.13532822971107872
18651,0.07813065789095608
18652,0.006846300574670439
18653,0.00653202189878757
18654,0.23530479243878416
18655,0.06574746371913615
18656,0.06670601570544944
18657,0.0031530607803994435
18658,0.05995273074842158
18659,0.012204294257792363
18660,0.000942822931594568
18661,0.01422451646192963
18662,0.008295499007759326
18663,0.03023818622895287
18664,0.017657774381153107
18665,0.020084576527437552
18666,0.09437243607060958
18667,0.023292939930185604
18668,0.020588796524404998
18669,0.022076018398971334
18670,0.10847416109226851
18671,0.004545309267397322
18672,0.9196908305765876
18673,0.6464589936368965
18674,0.006665192424107895
18675,0.676514918185344
18676,0.004681263947006997
18677,0.004715487496849491
18678,0.03679035058870336
18679,0.029676850072885612
18680,0.5018323955502595
18681,0.03729650356189796
18682,0.13272481608940592
18683,0.10083301949942261
18684,0.9686917945169827
18685,0.00206763090619135
18686,0.1735202656440423
18687,0.9194540397600346
18688,0.03700075946298062
18689,0.138174462204422
18690,0.006155868696479239
18691,0.11142733608551623
18692,0.09564209983378605
18693,0.5176628644587696
18694,0.07382799967004454
18695,0.9999999999947764
18696,0.4059510376117308
18697,0.5382103694239962
18698,0.8813933734831596
18699,0.013938109569432424
18700,0.0012667055706983771
18701,0.04832438287738429
18702,0.3746099827751979
18703,0.00045263192298573244
18704,0.6123468590872466
18705,0.07496714572602843
18706,0.04589076415230296
18707,0.31892104408625116
18708,0.009574398399235262
18709,0.8117681351744667
18710,0.06333871115579125
18711,0.034705949775844305
18712,0.01904608542863243
18713,0.006927365888011029
18714,0.16718371672683655
18715,0.004756505975689973
18716,0.5998306737429753
18717,0.03497767752717225
18718,0.00876850656257544
18719,0.005459557301253856
18720,0.0727981693160329
18721,0.021929861025717878
18722,0.0024775673314757635
18723,0.6574096476438536
18724,0.6333377197075784
18725,0.9122294233722775
18726,0.2007757181921806
18727,0.020015389985993726
18728,0.3840382269462403
18729,0.6010284298231761
18730,0.0033065075918651777
18731,0.943572629868529
18732,0.000654883832024131
18733,0.9649655094245283
18734,0.009390427854107415
18735,0.12582203806799935
18736,0.13079992009681246
18737,0.2875450528393562
18738,0.16997432294170234
18739,0.004160059865808852
18740,0.011006683081965453
18741,0.003049051286882788
18742,0.3844171980730227
18743,0.020761728031262385
18744,0.002813185538448409
18745,0.001811803572243749
18746,0.13256060911774828
18747,0.9999998554724143
18748,0.9603823371550716
18749,0.6515546266824835
18750,0.011389459511350486
18751,0.04062914065664258
18752,0.0003623669703262118
18753,0.4953162688333206
18754,0.047875248376326285
18755,0.0030412428413104137
18756,0.07065328752879951
18757,0.032131211690067774
18758,0.08643194501754894
18759,0.3649722972273164
18760,0.005018259628381755
18761,0.005304116502210178
18762,0.2835271158699411
18763,0.5872729558703444
18764,0.01375128856463319
18765,0.041054362245022596
18766,0.25105527122278576
18767,0.12708308644494637
18768,0.03597946968626667
18769,0.007430530232882052
18770,0.004833247372576056
18771,0.008800328702400302
18772,0.040265974310621094
18773,0.049446088909088345
18774,0.11084602174160706
18775,0.00548565153950337
18776,0.0014185897496741494
18777,0.024609456495814367
18778,0.00793858447991668
18779,0.0025951301286979713
18780,0.04588077526438821
18781,0.013077661348473437
18782,0.010774045225582521
18783,0.5195834554469377
18784,0.8600496080719856
18785,0.005447748520593774
18786,0.02327269186246258
18787,0.012803680764662833
18788,0.44305828896306026
18789,0.20379361111594296
18790,0.6757005919367219
18791,0.0010496235756905544
18792,0.019950747508890594
18793,0.01862627763456851
18794,0.005966210033977615
18795,0.3295237236444374
18796,0.04257142711747414
18797,0.01913361657037684
18798,0.009091466973945455
18799,0.011664748724606783
18800,0.006918285412062043
18801,0.012167074237728594
18802,0.7917336263154806
18803,0.028906680798901047
18804,0.03067111965358512
18805,0.10336559442472225
18806,0.05629479852040616
18807,0.07616496754218555
18808,0.24485156884774367
18809,0.017371913455270314
18810,0.20674704107699013
18811,0.025441364002757157
18812,0.012854013326708439
18813,0.0278618460929502
18814,0.034005691796552426
18815,0.02086160009326111
18816,0.008753579258539666
18817,0.009685757686054721
18818,0.02514654636972901
18819,0.009942595226233013
18820,0.09995989418267054
18821,0.7723588079143231
18822,0.06290440750670888
18823,0.06962927391798807
18824,0.9221038563303778
18825,0.08860821409284776
18826,0.5665626710828695
18827,0.8023079140787432
18828,0.018995615823704733
18829,0.00579164908073092
18830,0.0311487799689176
18831,0.9286828156018921
18832,0.8542155604609881
18833,0.009659637906076908
18834,0.6457583502620363
18835,0.4650876414385914
18836,0.4908205781177036
18837,0.3532968967199819
18838,0.10012616770217271
18839,0.1346972381941109
18840,0.008559270199112696
18841,0.0023594084214698654
18842,0.017163443975977632
18843,0.007254904676558976
18844,0.14043390129405242
18845,0.08558625113168224
18846,0.017383038304495967
18847,0.6621526332846569
18848,0.03967685329461693
18849,0.0018928737688373033
18850,0.8272214162501053
18851,0.004507045073555127
18852,0.11665673778762199
18853,0.9984046868691544
18854,0.11219332871557823
18855,0.08741206193131668
18856,0.047073730034187834
18857,0.13880157826402292
18858,0.00178398567339016
18859,0.003703888003037254
18860,0.6356246720918269
18861,0.0071404301292728005
18862,0.012044633492311132
18863,0.1550994502526957
18864,0.1129582141247951
18865,0.002499978888916129
18866,0.05403665384908062
18867,0.0035547250556289367
18868,0.005084198309355634
18869,0.02694533420119527
18870,0.07401079706636608
18871,0.016905856338144332
18872,0.8445272846680205
18873,0.6176449365187514
18874,0.012601051159738266
18875,0.011419616824232263
18876,0.9703463184382592
18877,0.006481198566476596
18878,0.44963506629287164
18879,0.09187306149159728
18880,0.6390060229780342
18881,0.05607141238280177
18882,0.41565424030986875
18883,0.3627910735241763
18884,0.9222820086701282
18885,0.999999970362405
18886,0.9937672313840994
18887,0.010912387268189787
18888,0.030525141510245653
18889,0.03304108223500822
18890,0.2852248977104811
18891,0.0021555837023135137
18892,0.006170575252357024
18893,0.011541190802398484
18894,0.04473376833924855
18895,0.33364567298153897
18896,0.5933510964540446
18897,0.021077757606061884
18898,0.015743973925253226
18899,0.008848795009628487
18900,0.05948973413634305
18901,0.23128901556557735
18902,0.00917049503563656
18903,0.01077783142252814
18904,0.02316119786866997
18905,0.0017055441580132759
18906,0.09188067368963866
18907,0.002132596499713541
18908,0.006945394795976924
18909,0.6463225996274731
18910,0.35525905586910245
18911,0.23212677679212276
18912,0.6814864888641039
18913,0.07566958255257672
18914,0.13031047439499818
18915,0.05709830738508501
18916,0.7075962967173225
18917,0.0017228618494748826
18918,0.9671015818539552
18919,0.4591322562732838
18920,0.24967636549255212
18921,0.14640618602541808
18922,0.6682576262096235
18923,0.9312496815894388
18924,0.01985387269854826
18925,0.5985118286131798
18926,0.02562942393235781
18927,0.003167558597610895
18928,0.21223301836895642
18929,0.008941587798251235
18930,0.14411291668776605
18931,0.9455251440522787
18932,0.03928051995482806
18933,0.7825410037227443
18934,0.005987087824690171
18935,0.3753160732702632
18936,0.0017865714243633817
18937,0.0021132598474269864
18938,0.2157902988970622
18939,0.8468635774842641
18940,0.014536573514471093
18941,0.026686911314612136
18942,0.03461536120145348
18943,0.00036266298537313804
18944,0.9379985736119756
18945,0.13842763710679107
18946,0.014833242165157742
18947,0.0013529074074986988
18948,0.0019152267360777956
18949,0.008622944915889384
18950,0.5451539734371379
18951,0.9130655518683148
18952,0.1684692702783646
18953,0.005206480280050264
18954,0.0003485642197953771
18955,0.10528488657869571
18956,0.9426917506865404
18957,0.002003372848945464
18958,0.030897625600824614
18959,0.002671967050536503
18960,0.0302671573451603
18961,0.011844423428782775
18962,0.01017687520446186
18963,0.07002811394070071
18964,0.005915610540552168
18965,0.7679187675547694
18966,0.03478237179713125
18967,0.8086547566717083
18968,0.9222046501488685
18969,0.14526233586423046
18970,0.7612679990778753
18971,0.004538800436899859
18972,0.031040695546154316
18973,0.026034271506480394
18974,0.0064033818296801
18975,0.008857921101950146
18976,0.009667818266129393
18977,0.06797736128036107
18978,0.3400713331860134
18979,0.017452813241858708
18980,0.5408754929293047
18981,0.08283788014711775
18982,0.24982158006589503
18983,0.03314343280582375
18984,0.01218001036210274
18985,0.0014041518528848816
18986,0.9694606881957261
18987,0.002719668678019779
18988,0.0005082613955657582
18989,0.11022371041755152
18990,0.32437209286125923
18991,0.012141463037285864
18992,0.9087303423044506
18993,0.010653214788465658
18994,0.14488300514408098
18995,0.13571174113842838
18996,0.7691787706775649
18997,0.7695453787483071
18998,0.12950477608497254
18999,0.013216705488320529
19000,0.18512565384317997
19001,0.026338569582007667
19002,0.014119922610148359
19003,0.004174084365662044
19004,0.9135861683419797
19005,0.13357270721355788
19006,0.23914059181466718
19007,0.004927094861617509
19008,0.924580507880442
19009,0.26806177435327244
19010,0.006264740824249697
19011,0.036034147181657025
19012,0.006272749411913459
19013,0.003679871915461582
19014,0.7738649460779877
19015,0.0378395014576331
19016,0.19247130661246556
19017,0.023527610347703228
19018,0.0014688520662885585
19019,0.012724408377602752
19020,0.027240062797682884
19021,0.14684386463739496
19022,0.00942533118363106
19023,0.02379037528355548
19024,0.684483041691333
19025,0.015550125361276704
19026,0.005003112934209738
19027,0.17067319289570013
19028,0.42879629697256794
19029,0.004182090722051918
19030,0.23437571422115624
19031,0.022398097433587363
19032,0.013797232257027219
19033,0.053799437296465885
19034,0.0035112657443147465
19035,0.007827499502799228
19036,0.005309506657271368
19037,0.015172904896996431
19038,0.007115714030534208
19039,0.0037780878348427542
19040,0.27401227036093434
19041,0.03814076673296616
19042,0.0011808600282462198
19043,0.002036991200742866
19044,0.04998063053280998
19045,0.9823429159224724
19046,0.0023309285032337584
19047,0.810377868290225
19048,0.010688700861936466
19049,0.18272003160384684
19050,0.031947494108543764
19051,0.02959456254839272
19052,0.971558241950688
19053,0.007678010576590295
19054,0.11389243842124051
19055,0.3243367935046737
19056,0.11619156545972435
19057,0.00484173202178293
19058,0.4845693525520707
19059,0.13860861117762335
19060,0.012821521993439586
19061,0.0033030324707332085
19062,0.01805871549598885
19063,0.0012949112457191748
19064,0.054408747416339734
19065,0.02727657881520597
19066,0.5656222200518122
19067,0.02062117276198037
19068,0.010611382443972323
19069,0.01889267450093348
19070,0.23897824799741904
19071,0.679239444627323
19072,0.2404857742074312
19073,0.9023716123066174
19074,0.0008013748413263455
19075,0.4962198476449105
19076,0.1517126774830635
19077,0.06435366410362577
19078,0.009026493063299374
19079,0.276972478362124
19080,0.0002936913246996211
19081,0.03736405811024335
19082,0.004764125485853402
19083,0.7120744170931028
19084,0.0020255594117475893
19085,0.01723989770700177
19086,0.9025703597675562
19087,0.7291429355576501
19088,0.13690653028472874
19089,0.08229451715897738
19090,0.2405132454223321
19091,0.6334399041595541
19092,0.9148102444542445
19093,0.025827410673567235
19094,0.014235873176563612
19095,0.21203348086725624
19096,0.012630992612874039
19097,0.09029135463958197
19098,0.8634277282379726
19099,0.038316868578677284
19100,0.8138039525768578
19101,0.3677143207526254
19102,0.011184217512393829
19103,0.017075193126654217
19104,0.011163719680489667
19105,0.014620375100561545
19106,0.02128382145732683
19107,0.2068487487258844
19108,0.030531156319445474
19109,0.037566901663388864
19110,0.06858383501154512
19111,0.03120495315088299
19112,0.004988030567562446
19113,0.021597217591782496
19114,0.0260727467177384
19115,0.12595703400416394
19116,0.09702741562614059
19117,0.06412256368926204
19118,0.022009587243899998
19119,0.2621692264922994
19120,0.002849841774945363
19121,0.027487938672298578
19122,0.0013725648634570168
19123,0.02470340265686607
19124,0.014124987707334663
19125,0.0196639932331485
19126,0.03186378792133277
19127,0.003171473488257309
19128,0.011543833396135439
19129,0.012798395911230038
19130,0.9120520943345763
19131,0.14586739359223053
19132,0.48635311517693597
19133,0.006013189743089987
19134,0.00046659363997481393
19135,0.7642972524231303
19136,0.4136934368589018
19137,0.006208863825695398
19138,0.012062367926135326
19139,0.0015361076175840953
19140,0.060094339403848555
19141,0.3046024272387442
19142,0.7865271573819117
19143,0.5064397461876476
19144,0.256646681378205
19145,0.0016072382809630937
19146,0.0014506456250726323
19147,0.005381498601977286
19148,0.25384961184910465
19149,0.05026000370524048
19150,0.006251957572026241
19151,0.01193608254437389
19152,0.8538737635107788
19153,0.9547120315808156
19154,0.06748922621517772
19155,0.0997034651340065
19156,0.10641935489720376
19157,0.17144100410501606
19158,0.006812784218515194
19159,0.07678091363934197
19160,0.8475234380002422
19161,0.5399343154546001
19162,0.017524736198763744
19163,0.02980463610732635
19164,0.04688153202071102
19165,0.008696013879347009
19166,0.0007810622850448313
19167,0.06652128398692062
19168,0.749671588013711
19169,0.2897344499488256
19170,0.8058378122331435
19171,0.012087684118247555
19172,0.25151233975790205
19173,0.023940696449276926
19174,0.008006697410625754
19175,0.01863277137794067
19176,0.041245779563129345
19177,0.0037497079090512363
19178,0.01496291865155539
19179,0.05550055377782228
19180,0.02320336160848547
19181,0.11729054961675398
19182,0.5508127335582945
19183,0.04712588502134494
19184,0.06814950612907808
19185,0.000827469832964467
19186,0.0059317740057444725
19187,0.37988623174679553
19188,0.02159110701577517
19189,0.010618503596277175
19190,0.03763812190444642
19191,0.2759096884823574
19192,0.7465809615539633
19193,0.01773615412872941
19194,0.09111502586293703
19195,0.06586992164133398
19196,0.9999999683676245
19197,0.03832394388340103
19198,0.15274143655656094
19199,0.980160750715016
19200,0.8857672776044584
19201,0.27037994333675436
19202,0.7229532850020082
19203,0.00285495303574232
19204,0.005726764447656957
19205,0.07772953521698257
19206,0.008801843059521405
19207,0.9441622312957193
19208,0.0016533493409090318
19209,0.8467135227256282
19210,0.904501592560836
19211,0.2645621013935357
19212,0.9871469960664028
19213,0.016489830783819184
19214,0.08739941779137161
19215,0.32698659056807505
19216,0.01610214572496659
19217,0.020054457646913493
19218,0.3197954150630343
19219,0.00807751051074154
19220,0.4897048192617553
19221,0.05286107944929743
19222,0.33442985482814397
19223,0.0021561072306137638
19224,0.4836556789412117
19225,0.5509979936059565
19226,0.49226410034858814
19227,0.3471010271387591
19228,0.0030125724771343657
19229,0.010884658057669066
19230,0.2942533844927767
19231,0.03903491728498842
19232,0.062178571753157365
19233,0.00721061333315557
19234,0.02767708462450482
19235,0.0033500213494481812
19236,0.02451391344479747
19237,0.21509206719460972
19238,0.010548388462560057
19239,0.004560673736095721
19240,0.00350657330366741
19241,0.035456101434336876
19242,0.003723468562661527
19243,0.9329062367478861
19244,0.02025847458891848
19245,0.1330567648707435
19246,0.00027242720754264973
19247,0.8266557336391754
19248,0.010007840174996443
19249,0.002755709333042377
19250,0.01393745078230308
19251,0.012558032549890687
19252,0.0032724843527263316
19253,0.0005225667377444686
19254,0.006797920248593177
19255,0.08053737710990282
19256,0.04356954268948105
19257,0.0420824476676012
19258,0.9533761529494639
19259,0.9025087818082799
19260,0.7935679887990583
19261,0.014575526178473339
19262,0.0071228823763465465
19263,0.0006887629045290861
19264,0.3552476211731476
19265,0.0867187676231856
19266,0.014766788977473829
19267,0.009909601609527915
19268,0.4845307987514677
19269,0.04905400269451699
19270,0.0766962860605435
19271,0.1429270464426072
19272,0.4635373579411165
19273,0.004282734626376255
19274,0.0017134061472406062
19275,0.31045628510032136
19276,0.05362484566363187
19277,0.001220876570645317
19278,0.6254413885096506
19279,0.0038795973722372166
19280,0.05175317277801876
19281,0.003170536986339475
19282,0.0017814088252906736
19283,0.006966793129190237
19284,0.0049633705051155465
19285,0.5455394101489837
19286,0.0052805452946192225
19287,0.018706253765034573
19288,0.06323966943617551
19289,0.0037661652190931765
19290,0.19427128504238222
19291,0.1141226058419075
19292,0.9855019588584293
19293,0.9166315724052639
19294,0.0019984845844736383
19295,0.001619913660488073
19296,0.0017641255664357642
19297,0.040250975260004825
19298,0.9700536418239379
19299,0.031746369354420045
19300,0.04079166535156
19301,0.14956467539508475
19302,0.21841324835858875
19303,0.07371581511566533
19304,0.766307377165669
19305,0.2661944462367937
19306,0.02409797634274359
19307,0.023432726978196053
19308,0.19714225084998035
19309,0.5153046539077524
19310,0.0035983639298818744
19311,0.3953099989661123
19312,0.22610724979340174
19313,0.14260471067659658
19314,0.7178311674713456
19315,0.04151540083895917
19316,0.14585032338167458
19317,0.1667994418032845
19318,0.2221343990534277
19319,0.1893271762310193
19320,0.0009361254463786031
19321,0.1565486093929276
19322,0.24508381958839773
19323,0.2066727475192124
19324,0.0019101802958000926
19325,0.2578899521715277
19326,0.641135800388472
19327,0.00590571180525888
19328,0.008142757903759876
19329,0.006935826622106369
19330,0.0035765252886390962
19331,0.9789243668108689
19332,0.018630940861000377
19333,0.006678948964655893
19334,0.014815053970171112
19335,0.00994425217119762
19336,0.20259862121874983
19337,0.9605708990623426
19338,0.6556452484473207
19339,0.0026155662415107673
19340,0.2221856273073745
19341,0.1278529901699042
19342,0.0019731645895586275
19343,0.021479091654930303
19344,0.02658708663962938
19345,0.08014365963374002
19346,0.0003151337136942882
19347,0.03999975302463195
19348,0.038051069360553476
19349,0.47408264722650684
19350,0.025594609594247367
19351,0.03795253827128247
19352,0.8533732751446097
19353,0.240484682342255
19354,0.10038576877276675
19355,0.06459436229232308
19356,0.0592803808578769
19357,0.02457646151961928
19358,0.13330973761266293
19359,0.09938718640675946
19360,0.3406177357798112
19361,0.008143062950212162
19362,0.6627881036711623
19363,0.15935648227353486
19364,0.2249006070996797
19365,0.4537953285740758
19366,0.006491358905509917
19367,0.801789831634818
19368,0.2884600995716928
19369,0.08133839843068676
19370,0.004544280016657539
19371,0.655611703279141
19372,0.008062550735037961
19373,0.012959484736237054
19374,0.029754802469665758
19375,0.017026158425977923
19376,0.0012421464092370305
19377,0.8815918783197648
19378,0.18356510544654597
19379,0.003268560239738944
19380,0.001927867549330786
19381,0.007057015567778459
19382,0.024373110332755608
19383,0.014189051479656553
19384,0.002572288940923628
19385,0.05207102726901901
19386,0.033608555283339066
19387,0.002540661134357614
19388,0.1205435226804396
19389,0.9815827582945006
19390,0.665527043284044
19391,0.7931151599068724
19392,0.015137379921145439
19393,0.01534157073229801
19394,0.22290394660048904
19395,0.16743483809064716
19396,0.016017176398852587
19397,0.6345378913601566
19398,0.13490087427335035
19399,0.0034504144743069637
19400,0.6485263866254583
19401,0.04722123816156652
19402,0.009307990796887915
19403,0.1864812164077558
19404,0.006788488903626893
19405,0.0014418861090815772
19406,0.6969911710280082
19407,0.23380869376869026
19408,0.021738363926452453
19409,0.011683180939873021
19410,0.0035993941368564998
19411,0.0006015141799133389
19412,0.011390578774992976
19413,0.0024438600209785643
19414,0.6799002169298212
19415,0.0014319622161206129
19416,0.17069643918163466
19417,0.992533322724723
19418,0.006114458424940428
19419,0.1879108041533456
19420,0.07802606336905984
19421,0.845466039211499
19422,0.09133732352993813
19423,0.17364749487828965
19424,0.7979703454480771
19425,0.004781484166070707
19426,0.007611041331555189
19427,0.05214235390114772
19428,0.013970747272890103
19429,0.053617989714168236
19430,0.007273154694538634
19431,0.049835106009173985
19432,0.0008492792775263549
19433,0.03025163328663788
19434,0.6603898418289896
19435,0.04212474286523612
19436,0.001238570106174943
19437,0.9845470728368824
19438,0.00027579759331806573
19439,0.5102229500378226
19440,0.09400871292073518
19441,0.03806637868889434
19442,0.30760062943440974
19443,0.014680742535552094
19444,0.010359977515524468
19445,0.1573666868341182
19446,0.0025146998903666944
19447,0.017358886515051918
19448,0.1404247909619275
19449,0.002895195657985088
19450,0.04327924536287315
19451,0.6031015373392457
19452,0.0038869217136881912
19453,0.02752617911395747
19454,0.7306192772022312
19455,0.5057369647236916
19456,0.7645407739079095
19457,0.04884186523957012
19458,0.08118038683085034
19459,0.011406536535174242
19460,0.9919450369938776
19461,0.018450282673608313
19462,0.0010684550426419174
19463,0.003840431864252293
19464,0.12139405016580315
19465,0.15475334129988733
19466,0.023382535134335518
19467,0.06466681013539845
19468,0.8933518796365019
19469,0.006048534508664642
19470,0.06698694379728186
19471,0.4265799559183184
19472,0.5930118156966033
19473,0.014911375826195226
19474,0.05761333506479785
19475,0.1316778293040048
19476,0.002206885050814007
19477,0.9028127222557523
19478,0.14434015913437714
19479,0.003670016597513479
19480,0.06638975469033334
19481,0.6742879508671639
19482,0.016925163997096555
19483,0.005334927097314605
19484,0.0007184105837665217
19485,0.003929543315875787
19486,0.9534688254913443
19487,0.0646111982648736
19488,0.06137199370397488
19489,0.3279152472691511
19490,0.004029736566362102
19491,0.20723155116666256
19492,0.12167978513160496
19493,0.253603324540035
19494,0.48661345778959314
19495,0.021747980428279745
19496,0.6459621449508743
19497,0.0352469141903242
19498,0.11334447670807125
19499,0.01167775028420426
19500,0.68891698548754
19501,0.00803412422341937
19502,0.9744070557899909
19503,0.5954925433239939
19504,0.9603564531069773
19505,0.12744647381970997
19506,0.20651091316732328
19507,0.6806017143149131
19508,0.04814546779500181
19509,0.010988172149374508
19510,0.004672791463027661
19511,0.11390461376407499
19512,0.3587733720528768
19513,0.03551496942209884
19514,0.0032871327426482588
19515,0.7170377847173081
19516,0.6438762178030881
19517,0.07135081236934045
19518,0.012692263080127938
19519,0.005849049512302621
19520,0.002075276950494359
19521,0.05648703441515435
19522,0.7865425227850978
19523,0.9999999999999203
19524,0.16944066857633253
19525,0.029775421900492816
19526,0.0036147317887503514
19527,0.2193944860447266
19528,0.6183436084655427
19529,0.028203697067390458
19530,0.8415188641541775
19531,0.008531158788642313
19532,0.36806501287063864
19533,0.06682173466648686
19534,0.13217700810337768
19535,0.01613861661621634
19536,0.17410867115010986
19537,0.004371163634605397
19538,0.1029012365187878
19539,0.8406542331172542
19540,0.5054964995478364
19541,0.01550485501976939
19542,0.008613691233628429
19543,0.0105626504311445
19544,0.8195128897901306
19545,0.6008244690319274
19546,0.7195260435371492
19547,0.018717461800762655
19548,0.00475790458871967
19549,0.003396106542727193
19550,0.36433371656935837
19551,0.06983381011464095
19552,0.015750993741216298
19553,0.0038936903096256554
19554,0.1054517860553237
19555,0.015250191470040407
19556,0.012768330703056715
19557,0.9892140007578188
19558,0.0017869594964574878
19559,0.041534717585858465
19560,0.013649292241217676
19561,0.9654765569399444
19562,0.034554642825154414
19563,0.1394004764717094
19564,0.017612037598281383
19565,0.08382342592405367
19566,0.27510993110567766
19567,0.9257527162477914
19568,0.005507586849769957
19569,0.1776344163665298
19570,0.0037583619608430605
19571,0.00045946572424870495
19572,0.08869747172561772
19573,0.011553321345299414
19574,0.0008350198116886669
19575,0.2332097334924513
19576,0.9054299077025818
19577,0.007893917523191815
19578,0.003783524909135887
19579,0.36958445237139675
19580,0.01460432640219967
19581,0.5440564739169571
19582,0.0822194185696714
19583,0.007268011502141754
19584,0.042494226728770894
19585,0.0016250996826286759
19586,0.2599676114496932
19587,0.11256862476491322
19588,0.02165504920693788
19589,0.03977077449983781
19590,0.22080691410979478
19591,0.1510586225904083
19592,0.03595047984333323
19593,0.9693037126199522
19594,0.1037270800667592
19595,0.2958630128041194
19596,0.3200726918144033
19597,0.102351554584553
19598,0.0005257727905831884
19599,0.004143040742110422
19600,0.041624354804955
19601,0.8860200791696757
19602,0.9122339154429127
19603,0.9445935142683938
19604,0.043461247976776286
19605,0.2160962733846443
19606,0.07941435181815285
19607,0.013528498511202934
19608,0.057173862659715635
19609,0.048011833307036164
19610,0.3128998428083732
19611,0.5857842638799905
19612,0.3830347297258265
19613,0.0020820482630998375
19614,0.0614363053726956
19615,0.006992153707132098
19616,0.006048202061635571
19617,0.0018775237170212125
19618,0.43553162344904733
19619,0.05315210527891692
19620,0.026708035360034906
19621,0.08360748191314304
19622,0.9803962477711935
19623,0.0048793131037021065
19624,0.16893053862337862
19625,0.02053700705526296
19626,0.6331404869287924
19627,0.01691519370006348
19628,0.330688973045217
19629,0.011692639810380528
19630,0.036189715500697675
19631,0.994473102630182
19632,0.16838505245261567
19633,0.0670284916715152
19634,0.03148882198501499
19635,0.06720104127052601
19636,0.27814758337555257
19637,0.7731841005167035
19638,0.02694303723542556
19639,0.0013082900763693257
19640,0.010427215775040858
19641,0.002358162364486023
19642,0.007671717701742509
19643,0.001275978388619759
19644,0.01019469854814784
19645,0.39282559777468623
19646,0.038770696217521695
19647,0.029022529144175732
19648,0.0432939676776366
19649,0.4961625908400851
19650,0.002460409264202016
19651,0.006108248194238566
19652,0.15045672055317794
19653,0.0006757644767549799
19654,0.9116907848604083
19655,0.023118201400074225
19656,0.11110348729015955
19657,0.012524426194602615
19658,0.9853577383532607
19659,0.0015210624777935416
19660,0.5176044095284689
19661,0.10000203809801218
19662,0.06812079023006537
19663,0.01918470849629117
19664,0.7160252046627023
19665,0.023192690601829113
19666,0.02481577129417418
19667,0.14584798836119248
19668,0.0053096143132933355
19669,0.003210580099060004
19670,0.23771937766786455
19671,0.4257731464672068
19672,0.09225478669982835
19673,0.037445488713369855
19674,0.09981000109487462
19675,0.38108719726962387
19676,0.047161019256458006
19677,0.00026448228019781907
19678,0.000403669977513048
19679,0.06778642953088775
19680,0.01114730028373339
19681,0.8205563441542336
19682,0.9863586028523142
19683,0.043949511020936104
19684,0.05094861644546829
19685,0.4055352582729375
19686,0.007514809257899192
19687,0.07842930098912171
19688,0.005055146111563182
19689,0.049699146473697386
19690,0.5058112454539762
19691,0.02489506694032604
19692,0.9352991371380028
19693,0.004407625940572434
19694,0.01948533419729684
19695,0.12995838974292434
19696,0.014520956424882332
19697,0.3912181500699718
19698,0.0437338645328263
19699,0.46949189085805965
19700,0.001095282454111016
19701,0.00021983291169417287
19702,0.6846030686603666
19703,0.002015822360837588
19704,0.12717152950779875
19705,0.3656239317816618
19706,0.5326738340768364
19707,0.003976062218616413
19708,0.02647330498452925
19709,0.0014143377948065347
19710,0.0009218729149490247
19711,0.9682443634692532
19712,0.052112927718631984
19713,0.009490230767426158
19714,0.5346791556517206
19715,0.04851366222244958
19716,0.005860448672532756
19717,0.13871450319828946
19718,0.006882122852354015
19719,0.001686271098792153
19720,0.3695985572636934
19721,0.0030892191939438296
19722,0.841208608761105
19723,0.9412262386285057
19724,0.001851444778867981
19725,0.316913925316522
19726,0.0034839168358975128
19727,0.03098430574699391
19728,0.10363836203245895
19729,0.04402783309446944
19730,0.014257804472576434
19731,0.4322671934075639
19732,0.12069563972113537
19733,0.014444568572058078
19734,0.12490637068755378
19735,0.0337913143079289
19736,0.04551455819734615
19737,0.996960610584053
19738,0.8928991741263869
19739,0.20216795018847247
19740,0.010237017453152279
19741,0.011201159050151774
19742,0.06832680295725779
19743,0.5725584485658709
19744,0.0004596810419637806
19745,0.049964628485948064
19746,0.04458063767123318
19747,0.010258491009598665
19748,0.11760261575857582
19749,0.002020503196212785
19750,0.019961518083490733
19751,0.548652314610035
19752,0.002734270628849514
19753,0.0021311060320179376
19754,0.01950475741623152
19755,0.0022756562479666117
19756,0.01122571728375293
19757,0.03686069003561752
19758,0.6439919616580946
19759,0.1716631769445039
19760,0.08748830512723936
19761,0.0015438690929222743
19762,0.005046163564360169
19763,0.0007077661943413183
19764,0.85334367840618
19765,0.01173628549059767
19766,0.8055891873145228
19767,0.290792012010671
19768,0.9997426384213685
19769,0.011934988698987369
19770,0.0401878251904801
19771,0.002305639605624992
19772,0.005900160300951693
19773,0.08177317383414454
19774,0.9648194452410727
19775,0.012467045238137164
19776,0.000665608044651602
19777,0.33426997096019145
19778,0.1316748510340668
19779,0.03948675057737372
19780,0.02330092669373184
19781,0.36881084931294966
19782,0.018689007803566523
19783,0.0016266767755411106
19784,0.011569025511531456
19785,0.006422782927396165
19786,0.004800468767716753
19787,0.005568633004314087
19788,0.038359242625714496
19789,0.020966958503655403
19790,0.885804195646041
19791,0.6407312338658054
19792,0.012362156539044076
19793,0.09961981686810681
19794,0.7613558119884688
19795,0.005746023939932937
19796,0.1540314600952243
19797,0.11544418752306414
19798,0.0011044454985584444
19799,0.983251234097925
19800,0.013277187082081159
19801,0.06953554268410565
19802,0.016924365588535287
19803,0.34465189738215785
19804,0.9999999996648437
19805,0.19969782160924054
19806,0.002945040142595992
19807,0.04659605510470117
19808,0.060633228363659517
19809,0.0058141326676790376
19810,0.08225310851801576
19811,0.0005445995400189812
19812,0.019421549144501574
19813,0.0007240704011184788
19814,0.02723188700504125
19815,0.06600075002542324
19816,0.029623289327358224
19817,0.013150711526563452
19818,0.06126594288487096
19819,0.0013536507620772519
19820,0.05065162112905958
19821,0.016763508767578202
19822,0.0011006933013290882
19823,0.06981907882896916
19824,0.025065373578114978
19825,0.22815082646821022
19826,0.11548898344963546
19827,0.15939579252380084
19828,0.055931268122115775
19829,0.6337952342783573
19830,0.03048987383282212
19831,0.019096730725178167
19832,0.04163691264224667
19833,0.5954173151461489
19834,0.016977701214670113
19835,0.6130574976604237
19836,0.00899085044110193
19837,0.006048407899167998
19838,0.013473618348262153
19839,0.10431615901656158
19840,0.28099456908728687
19841,0.4872337247007627
19842,0.008908061305509049
19843,0.07056768054367564
19844,0.012864839472100095
19845,0.6016252989288043
19846,0.005708042019917906
19847,0.0187610835003478
19848,0.052737739488790694
19849,0.015744131244139037
19850,0.005640360853279173
19851,0.015355949348831575
19852,0.1425084276930207
19853,0.039299517839502
19854,0.9807959666052802
19855,0.05549850377103664
19856,0.2248586282878474
19857,0.7960572009066464
19858,0.384619831084514
19859,0.6903078026716178
19860,0.6131432672735581
19861,0.9999332403156801
19862,0.10316500538926653
19863,0.2660245911596204
19864,0.034063630634676254
19865,0.040417587829281884
19866,0.08169723301937896
19867,0.020248507208320908
19868,0.04400427050206277
19869,0.03659242475460185
19870,0.12898666883753596
19871,0.221853303039229
19872,0.05442035720620868
19873,0.34572200774620315
19874,0.007389714295827761
19875,0.1359303098393977
19876,0.0002677421314900171
19877,0.028314119391311482
19878,0.0021600616508715073
19879,0.008379078957949761
19880,0.05380243048861672
19881,0.016751917492743913
19882,0.002526605795744059
19883,0.03724978469595932
19884,0.12071123412688153
19885,0.9731951205421814
19886,0.03333332384157767
19887,0.015371674120748373
19888,0.9995931232023542
19889,0.38397316368541196
19890,0.06026315304159513
19891,0.4609990521066866
19892,0.07096141296136692
19893,0.005759043584771831
19894,0.01224684252019807
19895,0.3879946058015886
19896,0.0021100074804864654
19897,0.5458294847296307
19898,0.06128326359923094
19899,0.05431610365434065
19900,0.11839651760996713
19901,0.24565460683404602
19902,0.0137448144537638
19903,0.10363400204045853
19904,0.019301324955309854
19905,0.01262836683474689
19906,0.22172001645798023
19907,0.01633190182428462
19908,0.0016214134565558482
19909,0.05769398143017472
19910,0.8743536688196292
19911,0.5403164694530179
19912,0.004677348457587567
19913,0.010982460728826061
19914,0.006338992684280779
19915,0.44056478387402026
19916,0.004333895537688356
19917,0.0341439003327216
19918,0.003956172222388613
19919,0.03228442334925902
19920,0.09306153173595481
19921,0.03197728009276104
19922,0.3969318790024682
19923,0.08993609963852513
19924,0.3896829986990269
19925,0.1063700802940408
19926,0.326060942441668
19927,0.4673484526282061
19928,0.011085634649795605
19929,0.23986715718124993
19930,0.03700870431605929
19931,0.008297131534203231
19932,0.11653955195126847
19933,0.003605357032248245
19934,0.033573692912510736
19935,0.0423533567693332
19936,0.0019916892419460123
19937,0.29064710351224304
19938,0.006927493420665599
19939,0.038341582602281835
19940,0.00753476981563889
19941,0.010469735046201627
19942,0.023738003976110283
19943,0.0036963652180117034
19944,0.018002349251484452
19945,0.06385216444442991
19946,0.025715181102105696
19947,0.007543416296286933
19948,0.14955801574958802
19949,0.007044488912591716
19950,0.2336366614549461
19951,0.292648568416333
19952,0.03582481596779949
19953,0.31958425271191854
19954,0.013883595200884752
19955,0.010262318443597545
19956,0.4254150664336841
19957,0.010090180837053988
19958,0.00896154234705828
19959,0.03314874938074398
19960,0.18752353656136303
19961,0.006982136306289502
19962,0.054601856872787256
19963,0.020872686599955094
19964,0.007775157066954243
19965,0.01430475144995485
19966,0.4668959552457303
19967,0.16748430929066355
19968,0.7784644784261073
19969,0.8448359464532053
19970,0.5307933217855904
19971,0.004548051377477565
19972,0.009022584541463426
19973,0.8923933479361758
19974,0.0022158786402389843
19975,0.9788741985985094
19976,0.11773570783906559
19977,0.009033785724983086
19978,0.0195245278578926
19979,0.823272718479455
19980,0.3150190303763965
19981,0.024004652166386732
19982,0.04668746567071038
19983,0.561855218367414
19984,0.7884998650559564
19985,0.1840640431321669
19986,0.006506175478493524
19987,0.9977046566088963
19988,0.008980984837872637
19989,0.009973983447299068
19990,0.22748650863889294
19991,0.005644753831245932
19992,0.929094591502552
19993,0.08390566160539265
19994,0.3007446117904988
19995,0.11061892120965526
19996,0.09293815215833519
19997,0.0035922931993821617
19998,0.0015026273116447067
19999,0.0005386448035657992
20000,0.013997351352532343
20001,0.002326709336466823
20002,0.03454955381182002
20003,0.10718308992629295
20004,0.10370712914359166
20005,0.3870656992627666
20006,0.9806208484781381
20007,0.16691523813699996
20008,0.526252187519248
20009,0.014844443709973799
20010,0.009324932758609376
20011,0.07322178687683488
20012,0.004639594781358831
20013,0.030783904522298764
20014,0.03852589213106083
20015,0.06288159823555639
20016,0.021566655820083717
20017,0.0204760494637917
20018,0.006354389180480371
20019,0.010553672170564573
20020,0.009555141746741002
20021,0.02522922875732209
20022,0.07044527594497914
20023,0.11796508532481441
20024,0.026628647354788662
20025,0.02093193966328203
20026,0.033102794764761946
20027,0.9670486385796843
20028,0.006759185059185669
20029,0.6173287072759028
20030,0.03531757018114292
20031,0.0024453210967050215
20032,0.05579306523948539
20033,0.29429038410514335
20034,0.016856918255709084
20035,0.5273891446180613
20036,0.006664109423963418
20037,0.0709479373737109
20038,0.9999382752352797
20039,0.46854460517641805
20040,0.0037070645537423297
20041,0.002436416254043318
20042,0.014774298738041156
20043,0.024524928860182888
20044,0.006331937757805195
20045,0.1344124433082489
20046,0.8073788891212829
20047,0.9995814903666176
20048,0.0014934487918641507
20049,0.7503555046862888
20050,0.2358529037885063
20051,0.022595001945774587
20052,0.040951332853056126
20053,0.9944752873437501
20054,0.012443136676731383
20055,0.2711181854333045
20056,0.002905814353292238
20057,0.06953321414737053
20058,0.3575633578550724
20059,0.2135896193534384
20060,0.08357992790399064
20061,0.026530731616819243
20062,0.03870810540608517
20063,0.0021232159772617792
20064,0.017436924623693773
20065,0.5349395799951053
20066,0.4657523751779297
20067,0.04697451805371147
20068,0.32506299464387334
20069,0.749655421185304
20070,0.023016662140851612
20071,0.020572905592795405
20072,0.29615609456507325
20073,0.020454792059276816
20074,0.00391033298898253
20075,0.00248349013051387
20076,0.23006239531730222
20077,0.15965237531995813
20078,0.028974201238813165
20079,0.002646911461390195
20080,0.44503008995073823
20081,0.6776064458858253
20082,0.05919788449194153
20083,0.37484072893251547
20084,0.9443491403990947
20085,0.0012526875562323936
20086,0.0013820105724302641
20087,0.059567692559736825
20088,0.1758773616811405
20089,0.01531025135175441
20090,0.16401482267091963
20091,0.293784690757515
20092,0.011834782973909167
20093,0.35859845483380043
20094,0.1640397714076867
20095,0.6826452815792632
20096,0.7548288877065472
20097,0.1974463062459917
20098,0.001493627518519026
20099,0.00734962936203243
20100,0.9150130485642437
20101,0.23242971617578867
20102,0.18977112379317948
20103,0.010655791718146734
20104,0.7806077165803991
20105,0.01683403707965029
20106,0.033922643901874286
20107,0.7479776934432647
20108,0.011875702762268847
20109,0.9885260721839826
20110,0.7560033220568093
20111,0.006401326354732834
20112,0.03136560925699011
20113,0.025787984751560765
20114,0.886193183363799
20115,0.9424934761712361
20116,0.32020920261051333
20117,0.0016712587321044716
20118,0.0032867319810844947
20119,0.12562678634488558
20120,0.032197741747765025
20121,0.007128463818572986
20122,0.10468161973894051
20123,0.08125215900183355
20124,0.26146690017082214
20125,0.04845761071086699
20126,0.05227899951543166
20127,0.03270486163047819
20128,0.972618053305371
20129,0.3792774991269771
20130,0.6675191848412474
20131,0.0023057877414759433
20132,0.08533377044054355
20133,0.0008868111816758852
20134,0.0624667312571166
20135,0.6114469275395138
20136,0.0015616716890844973
20137,0.0038225255434573197
20138,0.990892305197686
20139,0.01207243223365867
20140,0.26465145027988846
20141,0.000291189585127444
20142,0.036144042561842504
20143,0.015472595552365555
20144,0.12275876316407942
20145,0.002431921274366662
20146,0.008852796008267699
20147,0.09090185421354846
20148,0.003901993839704127
20149,0.4533024764388413
20150,0.0765485059179665
20151,0.9825802937558744
20152,0.00829095625769647
20153,0.13782429695850928
20154,0.0028107691200423396
20155,0.004112895009039786
20156,0.0013148669417446803
20157,0.2900518168940733
20158,0.022632810660178086
20159,0.28030926678557666
20160,0.9782553984400003
20161,0.00019098793020309738
20162,0.008957722235794137
20163,0.05133591827485179
20164,0.4873279091761051
20165,0.05767663811777924
20166,0.008846487882626536
20167,0.6215358355138318
20168,0.0012712940447485623
20169,0.005939484225433921
20170,0.02472903733444135
20171,0.7546638686067249
20172,0.8642737105699787
20173,0.9914127446615618
20174,0.06782926758867713
20175,0.5042208061395111
20176,0.0032445987198901436
20177,0.002411689562570688
20178,0.021485512259133747
20179,0.0213746614875308
20180,0.018069062858913222
20181,0.012993854658169534
20182,0.028637592540469672
20183,0.006355701382213177
20184,0.9508281402583241
20185,0.32940372775230503
20186,0.05977063055318668
20187,0.0008602509526314305
20188,0.18862468474895883
20189,0.03503868413653659
20190,0.8321033431990467
20191,0.009284644082250146
20192,0.9124422272440598
20193,0.09241715461117984
20194,0.0136822558656774
20195,0.7274633124301492
20196,0.0076815373468529765
20197,0.02435926646314184
20198,0.004762075381225701
20199,0.02941895433941281
20200,0.00578532832367796
20201,0.39080581922959096
20202,0.0009853205168304988
20203,0.0066191062503444045
20204,0.03696004077787691
20205,0.004506556089744994
20206,0.041236768428618766
20207,0.9758600830537264
20208,0.01330362081123413
20209,0.004046079685601824
20210,0.01355202383378168
20211,0.06314482038741485
20212,0.9025670221470166
20213,0.009472596240528184
20214,0.23584867947032342
20215,0.1672454660369882
20216,0.031038443579216396
20217,0.032794134479184486
20218,0.038365719829606695
20219,0.976696296636794
20220,0.10365036374451389
20221,0.7594626045380514
20222,0.013124328787677653
20223,0.11724072272232722
20224,0.005224632965108611
20225,0.10253968381696099
20226,0.00529242599540161
20227,0.7010074894235506
20228,0.8733083574709564
20229,0.1269251466634612
20230,0.005706462123511681
20231,0.6841514636217436
20232,0.16108177267278115
20233,0.005705979394094639
20234,0.008282489563613195
20235,0.01612391575934051
20236,0.4624703125281
20237,0.4748343634323336
20238,0.07366898602878288
20239,0.007443360724442074
20240,0.0009723376193867853
20241,0.0013030632291551783
20242,0.0006319333897735848
20243,0.008064608831372362
20244,0.004702510104780498
20245,0.64458262934713
20246,0.9257459524562954
20247,0.04336759306801175
20248,0.015809052752338935
20249,0.759848365195628
20250,0.0565528385831858
20251,0.02364118514557948
20252,0.008551380803534972
20253,0.000631433838430354
20254,0.04792954578839215
20255,0.14446759644839446
20256,0.7490639560018194
20257,0.9154269979052888
20258,0.48955896531837556
20259,0.37501126630126025
20260,0.002127396271201902
20261,0.6007670102674858
20262,0.06643760494404774
20263,0.9678478843122628
20264,0.12151058072690711
20265,0.14544440474110673
20266,0.9414826912371179
20267,0.5370207433575916
20268,0.0056906160766457894
20269,0.13121468010963208
20270,0.026017770797143357
20271,0.4331281504986718
20272,0.01989628265357672
20273,0.11253527864996732
20274,0.15287071895008594
20275,0.0009454543886513083
20276,0.5716647466482931
20277,0.7951634471100075
20278,0.047758508464652516
20279,0.50308122827673
20280,0.00586440379317398
20281,0.1023127881461088
20282,0.03706305449416795
20283,0.5833475492703003
20284,0.02212110593216539
20285,0.5813437693192115
20286,0.004985370293532538
20287,0.0022584232049379714
20288,0.0014883539755597044
20289,0.8865359663677582
20290,0.0033443233104878834
20291,0.012045398768850654
20292,0.8660278300387323
20293,0.8111433424208366
20294,0.007618573571953512
20295,0.061697020316713085
20296,0.2338105734379603
20297,0.018404749911946048
20298,0.022779514177653427
20299,0.9406104811843017
20300,0.14983195132993002
20301,0.0011411086326464075
20302,0.9784154848441973
20303,0.0026832743646057248
20304,0.09436605908361465
20305,0.003105338403234111
20306,0.0014146039856375108
20307,0.04805900575754584
20308,0.1526270382387008
20309,0.09418391682468807
20310,0.05001444620076785
20311,0.012737618358067174
20312,0.016914712916270926
20313,0.0021938921482947426
20314,0.7805424518781483
20315,0.9658502195910493
20316,0.04370459683849693
20317,0.001413733242130425
20318,0.023675837552084047
20319,0.9229915113394956
20320,0.9529228650377632
20321,0.04449267731829722
20322,0.07215896820624282
20323,0.001093886127093784
20324,0.7390883130531019
20325,0.0009183067416798486
20326,0.18321469634276327
20327,0.02918449901755811
20328,0.02552430996854388
20329,0.07250542253836678
20330,0.7243427345426544
20331,0.9999999246180605
20332,0.348350346112965
20333,0.38973817028121904
20334,0.932247099336343
20335,0.6843836329906049
20336,0.050475949810207546
20337,0.002667816938302313
20338,0.01863760929135199
20339,0.7322914730571439
20340,0.017797945879341116
20341,0.18426189605733825
20342,0.00651824112603049
20343,0.7042463712840131
20344,0.005595614915994374
20345,0.9201473039780789
20346,0.12087399224265043
20347,0.0035779611881354245
20348,0.7409940681518313
20349,0.03219889580658871
20350,0.0024055046431658436
20351,0.049031758444213175
20352,0.2119790365267716
20353,0.01782872645969971
20354,0.24491721555352
20355,0.056002823361531
20356,0.010970685088365267
20357,0.7171341836494985
20358,0.014846668949745413
20359,0.09993706900928859
20360,0.40606632055568304
20361,0.018532696945152444
20362,0.014518441590285282
20363,0.005540012204557743
20364,0.8983223757601457
20365,0.0071867352303281225
20366,0.002446428051551241
20367,0.02615035312529236
20368,0.02238856994008401
20369,0.020593692121504095
20370,0.13096868980310505
20371,0.024579131149495847
20372,0.01701740284637831
20373,0.09934319137369776
20374,0.003215090062266327
20375,0.03930067921795103
20376,0.0436393080608712
20377,0.9999963446317826
20378,0.0030550415118231577
20379,0.2248119801561233
20380,0.006061812495122648
20381,0.8705275883618292
20382,0.016815160673381145
20383,0.9572710005054068
20384,0.012684828307145667
20385,0.007950800360681574
20386,0.005812202983323922
20387,0.01218367245437748
20388,0.018917176291710996
20389,0.03988446110831265
20390,0.5207867534998952
20391,0.18805235349922428
20392,0.13557930953832964
20393,0.022117593914460637
20394,0.9792318208924695
20395,0.03245110160566516
20396,0.16581302278531923
20397,0.002277859294549344
20398,0.9743430537342354
20399,0.017553677208983307
20400,0.26838177233714505
20401,0.9841205404121875
20402,0.8812323451499825
20403,0.003821451314793942
20404,0.004680175654906792
20405,0.01472337749152067
20406,0.009848307359601774
20407,0.5113543505667041
20408,0.3955994599077316
20409,0.6246297503983238
20410,0.5492097406259021
20411,0.032237227330747735
20412,0.01065420310329346
20413,0.02850221209742988
20414,0.9894726875455797
20415,0.9109590587226968
20416,0.02118338096273187
20417,0.05838387473655372
20418,0.01714032138546682
20419,0.013033634759015568
20420,0.052098192869785565
20421,0.12883352265367856
20422,0.0010912084872547424
20423,0.030285488560335777
20424,0.11277262042776935
20425,0.0017173118200998093
20426,0.8471088588808076
20427,0.002527679659975573
20428,0.9626999073009308
20429,0.20781499900278608
20430,0.005231773206922548
20431,0.021304780766779236
20432,0.12492404508156704
20433,0.05181730529082162
20434,0.04870294627706782
20435,0.0013421621065836892
20436,0.001551902930733235
20437,0.9331612015440891
20438,0.9347864490075205
20439,0.02907170330744323
20440,0.029448106866080022
20441,0.11663191439078006
20442,0.004296213977478523
20443,0.21122773712257187
20444,0.21830610923702143
20445,0.2514507084307939
20446,0.01758520560413252
20447,0.7325321832627957
20448,0.14374480686878188
20449,0.9999999868386769
20450,0.7628353910553406
20451,0.9839719653060051
20452,0.030677912950376883
20453,0.01154019052537443
20454,0.04325960700927184
20455,0.00197104056608995
20456,0.0055204301640318495
20457,0.0028566415211543844
20458,0.2895757062439437
20459,0.8484483810603572
20460,0.29952789238337574
20461,0.02233346364995309
20462,0.009444124630310883
20463,0.2560798809987971
20464,0.0005927698004829944
20465,0.009792319377513287
20466,0.036747523761947905
20467,0.9023803554326315
20468,0.02898538878597961
20469,0.5400030468505755
20470,0.0045542591753456076
20471,0.4492780188676106
20472,0.02728134974663579
20473,0.010339469544372116
20474,0.004245338297829146
20475,0.0066056901081908105
20476,0.010177508316607681
20477,0.8980426919348561
20478,0.13662664819408313
20479,0.34077793948016794
20480,0.24804442962636622
20481,0.21962148463229944
20482,0.2918318306396757
20483,0.01628330418171032
20484,0.014010398006383033
20485,0.00241731668500139
20486,0.03697445725908606
20487,0.5985523179765065
20488,0.0011749758154908938
20489,0.8582061597754256
20490,0.99456950256425
20491,0.11339779092852273
20492,0.0634383857598345
20493,0.016516990186915357
20494,0.03150183093780589
20495,0.002097880708728562
20496,0.007818963330919297
20497,0.00044472642154647974
20498,0.15762711302891
20499,0.7196584638384583
20500,0.005168366511211562
20501,0.0050623014944115195
20502,0.4760692927633865
20503,0.405059812993908
20504,0.042837902867281376
20505,0.933181652239964
20506,0.009505032273370498
20507,0.02598064184272843
20508,0.41074125556345975
20509,0.8604618883835261
20510,0.06950304233649152
20511,0.0006226519422811583
20512,0.9444453981454992
20513,0.6245701887256364
20514,0.012854459724078438
20515,0.7643443784610748
20516,0.008506310888794166
20517,0.04712780775341127
20518,0.011712843222178599
20519,0.0192505418204668
20520,0.00823387757920253
20521,0.752311150845054
20522,0.007572324782313249
20523,0.12822755247247328
20524,0.11669319390754251
20525,0.04954619114310312
20526,0.00031046618048965216
20527,0.04293123361619403
20528,0.011612781463924329
20529,0.13492380383765387
20530,0.019220863206822175
20531,0.10735077385241135
20532,0.30981946576794334
20533,0.023234471382878416
20534,0.00410209167976981
20535,0.05579201487435926
20536,0.005176769658388031
20537,0.6292651298352122
20538,0.1000095498806222
20539,0.025402806400242377
20540,0.4232622132777673
20541,0.007009392246642919
20542,0.025681354997601154
20543,0.19078251117862652
20544,0.8365223945489543
20545,0.15929452329986524
20546,0.001187593915542351
20547,0.13313772139939703
20548,0.7949372404372883
20549,0.07522126561386314
20550,0.09114517640516498
20551,0.0072803779345585315
20552,0.3513429543072833
20553,0.008901503967456606
20554,0.05314630978057487
20555,0.048932888743955516
20556,0.10199734313523237
20557,0.17529383894779177
20558,0.001979671580069826
20559,0.004322309479494404
20560,0.02381936413829822
20561,0.0038742595229205056
20562,0.0002928481936838579
20563,0.002101225179906556
20564,0.09485443027159833
20565,0.07429693870073381
20566,0.3874596432910842
20567,0.009838105818141199
20568,0.003373412514352673
20569,0.01810995788768774
20570,0.12122165415865531
20571,0.0013345492506026077
20572,0.06947252537569071
20573,0.021506858694231027
20574,0.18812634728253794
20575,0.007560902874282192
20576,0.3779279936463741
20577,0.4100350378818833
20578,0.7253515806794755
20579,0.02048831626376841
20580,0.002399662659771023
20581,0.26400563045825876
20582,0.06977567378236549
20583,0.5579977306947699
20584,0.014599017758095582
20585,0.015802414202772223
20586,0.022937236734874293
20587,0.04466018767965457
20588,0.024318253291462005
20589,0.9463555628612703
20590,0.13892963162812402
20591,0.03452542127257617
20592,0.8475970318379824
20593,0.2360576834061336
20594,0.06147287556521913
20595,0.019953969519935555
20596,0.2264121330248812
20597,0.020004276671465586
20598,0.36447971706166005
20599,0.23977641707660347
20600,0.7287524878700038
20601,0.0016143508690010992
20602,0.6293025350939679
20603,0.04132005022736121
20604,0.02539153288925125
20605,0.008959890205272228
20606,0.427123985900278
20607,0.002731804308322086
20608,0.9920088866103844
20609,0.8931972308565619
20610,0.7062353585246138
20611,0.04700411344468314
20612,0.008583583411283293
20613,0.33909746122534273
20614,0.9989515382517112
20615,0.6271756478006322
20616,0.26698070524921996
20617,0.009621066920516345
20618,0.013277678981998506
20619,0.0018246366023698837
20620,0.3506457051665814
20621,0.011022468883878906
20622,0.002834345198118182
20623,0.03996572138984975
20624,0.6079761610498056
20625,0.25213155259683784
20626,0.001955003965960876
20627,0.01286539971682306
20628,0.22871242312320597
20629,0.7691244124005627
20630,0.07104396344476069
20631,0.02789050145168932
20632,0.03213288602508198
20633,0.00033504039536755504
20634,0.7187611409767334
20635,0.0064136819902432755
20636,0.0011899032158406912
20637,0.35967543179902817
20638,0.42714135395226777
20639,0.015661241834223603
20640,0.16021530217113772
20641,0.03873285970647586
20642,0.00590310913667639
20643,0.11907800765347336
20644,0.6558032180017206
20645,0.21386973093164852
20646,0.010239488609379338
20647,0.0667619618180435
20648,0.04475240309017555
20649,0.03820638209623646
20650,0.2741489082110745
20651,0.06745908152731699
20652,0.16769821938697865
20653,0.11017987670883121
20654,0.3586322394665507
20655,0.03376465024268934
20656,0.652155237188727
20657,0.17694349203039536
20658,0.060096498110416216
20659,0.8790934188071561
20660,0.09467628809128913
20661,0.021638494852664187
20662,0.006556844499205719
20663,0.07768033375151173
20664,0.0008861868018952275
20665,0.03192122714800011
20666,0.02808788040100561
20667,0.011761343696960407
20668,0.017626120360397065
20669,0.06439981432596271
20670,0.9990930791577408
20671,0.016233579021456165
20672,0.923509886587522
20673,0.039784810049600626
20674,0.010743349319819384
20675,0.001866818016757184
20676,0.054747740604774386
20677,0.048464286375017936
20678,0.014399602158211197
20679,0.013679815904494295
20680,0.6121547268603846
20681,0.0013047833564272262
20682,0.22768749186740941
20683,0.5345595409593054
20684,0.013334699243345648
20685,0.013543748177214222
20686,0.032625889594111265
20687,0.045674820454062404
20688,0.7567475785252984
20689,0.4607772898868106
20690,0.008125084022262585
20691,0.0008009901171406608
20692,0.3564361632152059
20693,0.12556699080042769
20694,0.0031578779650203604
20695,0.01839161762125133
20696,0.0033338738755994027
20697,0.9834915776844526
20698,0.05395244303644178
20699,0.007007928858970458
20700,0.004961114721375711
20701,0.6022444609075697
20702,0.013278910601324639
20703,0.7738542301030258
20704,0.002553387224912625
20705,0.33212199389978386
20706,0.018088216256447822
20707,0.03265304450564946
20708,0.20171329760365814
20709,0.02938947060963479
20710,0.2413526447995178
20711,0.022208575383085752
20712,0.2598160548665331
20713,0.871473645226935
20714,0.7289909271332043
20715,0.0013601282104856673
20716,0.2019285100373283
20717,0.15167096585833825
20718,0.5339313287990729
20719,0.0020872137160400706
20720,0.1053540921482902
20721,0.12251103035886385
20722,0.16237543790591474
20723,0.01667923282290798
20724,0.016642450428266654
20725,0.0015910361088964555
20726,0.009116073840746936
20727,0.925080699916906
20728,0.07608022809247222
20729,0.016296247596924288
20730,0.032967251800373715
20731,0.18520616483619257
20732,0.057351881149244166
20733,0.8742748152247715
20734,0.07120099007759485
20735,0.6284531938611386
20736,0.008080890737373256
20737,0.4205961551505031
20738,0.6190378700102301
20739,0.04156695798498067
20740,0.012064387714113603
20741,0.4542007996454731
20742,0.0009745511341628723
20743,0.06183187914753854
20744,0.21781109821774453
20745,0.8483256727373114
20746,0.08464107158801532
20747,0.09216489351710945
20748,0.042386168386589526
20749,0.008725011252613235
20750,0.024299790250123125
20751,0.9791617181897462
20752,0.006667886542803108
20753,0.5348213756802412
20754,0.12699778347013818
20755,0.1463728635289912
20756,0.07901195157107656
20757,0.029991255388047634
20758,0.08321917827151326
20759,0.10293009871214756
20760,0.020168317345413397
20761,0.027355123533876032
20762,0.3187039401377145
20763,0.002363317400282141
20764,0.6796680344789255
20765,0.07204815992173294
20766,0.06381409602505182
20767,0.5795702103227758
20768,0.007622461105863233
20769,0.030585504510701796
20770,0.011455413745755491
20771,0.14628658634257816
20772,0.020780644565295193
20773,0.001260938307468105
20774,0.022441882830496623
20775,0.019407676624394743
20776,0.05830669019176906
20777,0.008728623829263165
20778,0.04268266362710818
20779,0.8123988900443619
20780,0.9350894692678249
20781,0.08757043460846943
20782,0.02126011594321189
20783,0.4848642676064419
20784,0.014224525683597628
20785,0.003812226663164447
20786,0.9843623346845704
20787,0.11698451256304891
20788,0.47838261066698134
20789,0.49429016990448044
20790,0.012564418914605196
20791,0.5199588347625284
20792,0.015104917274136561
20793,0.0027583016197517537
20794,0.0013571853631924998
20795,0.031500721169978776
20796,0.6881507725122821
20797,0.25659562555853843
20798,0.002691578276239061
20799,0.19825436386057307
20800,0.7914366841460065
20801,0.40140469088040437
20802,0.2780433712831551
20803,0.7774917925759948
20804,0.029674584923930245
20805,0.012216861718728326
20806,0.3693977058718814
20807,0.017320741898854505
20808,0.0752122518962355
20809,0.33580867646941004
20810,0.15564678439061921
20811,0.02601849434185702
20812,0.07059377264369515
20813,0.012630585040935983
20814,0.04788171776337548
20815,0.7932099346553709
20816,0.18418142465215448
20817,0.0012355103742254694
20818,0.0001821305436970394
20819,0.010268457336856463
20820,0.5925187750031918
20821,0.8096930031543573
20822,0.1258154262942244
20823,0.0016480106340482398
20824,0.004980579934201786
20825,0.4322739915915326
20826,0.0546986891326631
20827,0.283719918173133
20828,0.11681675589695517
20829,0.109908509437011
20830,0.8209601362019296
20831,0.26577943363466594
20832,0.031513095018419895
20833,0.8421898742543036
20834,0.683881864240616
20835,0.019288005887524544
20836,0.8661619236778972
20837,0.0029894926086195114
20838,0.03286911925177409
20839,0.020097201690280942
20840,0.017466240148342138
20841,0.11340337005970245
20842,0.23879483200445611
20843,0.013529772320464109
20844,0.05978877754480794
20845,0.6747607903276436
20846,0.0029792894314019146
20847,0.09428775386273823
20848,0.0011235072647369786
20849,0.00891024308610764
20850,0.047613010109651126
20851,0.07268147571205091
20852,0.9458564484228057
20853,0.06183284525946117
20854,0.005427229846130775
20855,0.18731986885172885
20856,0.3027446800556834
20857,0.7423139451542141
20858,0.9732264330349728
20859,0.02196544718380695
20860,0.10572755802346583
20861,0.01793846061039678
20862,0.08960065977993797
20863,0.4875567376966679
20864,0.01679203769418911
20865,0.03744238252067451
20866,0.029995053096745845
20867,0.0029616806280806066
20868,0.9236097443400176
20869,0.003921191034270072
20870,0.0012370638809164453
20871,0.005906186888165556
20872,0.016107371820392565
20873,0.021020736877816287
20874,0.742858786758358
20875,0.19958899725739618
20876,0.0789363122101456
20877,0.2621393080697717
20878,0.031142534038202288
20879,0.00030016831206153543
20880,0.0055677709908582805
20881,0.09464661382095743
20882,0.4644466075671219
20883,0.03225298408057324
20884,0.008318732431014839
20885,0.054898076176144416
20886,0.22576340192327027
20887,0.006679938716687027
20888,0.09006743094338628
20889,0.033438284656170485
20890,0.012014443410771878
20891,0.04210342248620184
20892,0.009066407327293363
20893,0.5349227216645569
20894,0.023261016160248033
20895,0.10921828635500423
20896,0.6987599942990752
20897,0.00020686643872979782
20898,0.3017535641873722
20899,0.25717086668442785
20900,0.025275803497764093
20901,0.023655625574384234
20902,0.33567424653438505
20903,0.6909033231269542
20904,0.0050193089511284235
20905,0.06694826256721563
20906,0.18769656685911296
20907,0.014296661921382979
20908,0.002164601471877075
20909,0.007829723238181466
20910,0.25590861742707893
20911,0.5103669515736459
20912,0.0019421225503237927
20913,0.7291365545932185
20914,0.2511013056540847
20915,0.12433650762060244
20916,0.007065113066204655
20917,0.011197500957427
20918,0.027561084372257058
20919,0.009037482243137527
20920,0.008027159831889364
20921,0.002740776517712523
20922,0.791126295987035
20923,0.003023208278449647
20924,0.9497464379035485
20925,0.07279867706290623
20926,0.9997837872622068
20927,0.0030914757807083662
20928,0.09277106168513001
20929,0.36294226910446054
20930,0.06461655576413275
20931,0.011200845509754144
20932,0.004368980572834198
20933,0.011701818841349465
20934,0.015482974867206631
20935,0.09572369201634724
20936,0.913406755832147
20937,0.005178454802420272
20938,0.03032549897575954
20939,0.01155127174071011
20940,0.5564144180969991
20941,0.009283306573043444
20942,0.03772427715018128
20943,0.1190771665028437
20944,0.6604032117916004
20945,0.01927093080023935
20946,0.8354827899886165
20947,0.006390784654464951
20948,0.04193918729759391
20949,0.1465023666432241
20950,0.024168016350539914
20951,0.01623099463974511
20952,0.6884815450147248
20953,0.08781940263138578
20954,0.0119836498747217
20955,0.0686115449486928
20956,0.0035426575319927674
20957,0.062302643445598306
20958,0.043146691561079704
20959,0.6571152572897871
20960,0.10709888613979889
20961,0.059911134441482425
20962,0.09106218967488411
20963,0.014117290705137755
20964,0.0932862483728238
20965,0.020900925885745894
20966,0.4987374985826809
20967,0.36544387404247025
20968,0.06869961449458639
20969,0.01575161910031564
20970,0.0029140220851853354
20971,0.03045193041137398
20972,0.004446088081056697
20973,0.006563632265673961
20974,0.0015333119729608032
20975,0.37773124208030945
20976,0.004801643572353202
20977,0.24091664369661708
20978,0.1803004102478371
20979,0.01894286392785942
20980,0.31166338225928475
20981,0.044771238507033045
20982,0.006865837465802955
20983,0.02355333247133198
20984,0.011303076799970654
20985,0.01750382299976735
20986,0.16250613921927956
20987,0.9785457192959088
20988,0.7970332618192661
20989,0.10701250538622065
20990,0.7068741003736867
20991,0.9238958626521243
20992,0.17708204752063345
20993,0.0042000543911587815
20994,0.03284752577728207
20995,0.05343318089155791
20996,0.04870763092379914
20997,0.22247002388903828
20998,0.07563643019468344
20999,0.013060500947246539
21000,0.9932781752931992
21001,0.008788009506303564
21002,0.7839132652330936
21003,0.004534061706897723
21004,0.6554377942337967
21005,0.027423592743317692
21006,0.9172451270505683
21007,0.004628292125034336
21008,0.0228634348655546
21009,0.025368727503843964
21010,0.9153337676511163
21011,0.13929140309959026
21012,0.03678948005684943
21013,0.01045713652923616
21014,0.16202425821799102
21015,0.19299166881922156
21016,0.06008536688538428
21017,0.002848017570839729
21018,0.000770164043987645
21019,0.13626907800785526
21020,0.05917995211648888
21021,0.01247447286744599
21022,0.7715024836065745
21023,0.01624230456524927
21024,0.779352673890264
21025,0.024015385829621694
21026,0.32696931967920884
21027,0.9454883869956854
21028,0.6616771856377452
21029,0.035549759561739246
21030,0.059009548793330806
21031,0.5917830729184184
21032,0.09636432477626639
21033,0.8704647407629331
21034,0.9065385625068371
21035,0.03611329450289825
21036,0.8966171936416559
21037,0.44391004841755166
21038,0.002453015387310592
21039,0.9559710537273785
21040,0.015839331117495453
21041,0.1886884076836498
21042,0.10144017135245424
21043,0.015295206079543015
21044,0.8538138113320483
21045,0.054778115155261375
21046,0.44417657236920427
21047,0.9470892613971631
21048,0.015644258390266046
21049,0.969208302458357
21050,0.00842010860737083
21051,0.3743073262597242
21052,0.010953813342375763
21053,0.27583108766186615
21054,0.43007950594176125
21055,0.017725337004122238
21056,0.03829879045846359
21057,0.9916214755042814
21058,0.015046884823108437
21059,0.7733938535140344
21060,0.8639747650705191
21061,0.06482040398730823
21062,0.004018946275711111
21063,0.05477583309752014
21064,0.5379945439899064
21065,0.08602760639286579
21066,0.006622960200676645
21067,0.0030803659061499375
21068,0.22435009687430185
21069,0.055166528842485595
21070,0.013750305839788793
21071,0.5256203273994012
21072,0.004129169888699663
21073,0.24329943515578614
21074,0.022034362665707734
21075,0.04581432475801428
21076,0.023176136824509946
21077,0.12664749552525278
21078,0.27979751834162936
21079,0.8792352665168417
21080,0.10743195642460504
21081,0.9930057510324772
21082,0.11376645131671921
21083,0.03887623615683817
21084,0.39749764333624943
21085,0.0035327743137506945
21086,0.0783543388714024
21087,0.3046575443452589
21088,0.3011415427317317
21089,0.19320335002228012
21090,0.012050596849664584
21091,0.014433646980864785
21092,0.10211694444833519
21093,0.000863369348026014
21094,0.016172136746647577
21095,0.05797390466995334
21096,0.004610604687554671
21097,0.010434289146992945
21098,0.02391939128586291
21099,0.10466779229317703
21100,0.11895877078734472
21101,0.009932806717309438
21102,0.0057881284670799815
21103,0.1517176264269919
21104,0.16139838244447546
21105,0.00195493585292053
21106,0.7907887368919372
21107,0.06201111808314787
21108,0.26064150375488504
21109,0.9242470163824706
21110,0.6430056015514407
21111,0.9999999999967482
21112,0.002398516155670775
21113,0.023082404616254326
21114,0.9622216053087808
21115,0.13415220592749155
21116,0.9517370484886805
21117,0.10998792370076088
21118,0.0023858507979225316
21119,0.9658416556443614
21120,0.005240139261776447
21121,0.1269944521158398
21122,0.010428787946025142
21123,0.0931354293947769
21124,0.037299491443122786
21125,0.11534524276653337
21126,0.0004887585893542845
21127,0.008809172843219458
21128,0.0029637559970593775
21129,0.03824913619809282
21130,0.833823674416431
21131,0.5325511727502643
21132,0.05343765343376356
21133,0.03021000395228603
21134,0.014753156962148486
21135,0.9297581820950045
21136,0.003944947857557113
21137,0.005414852562031738
21138,0.0006137303700121138
21139,0.05017341381535278
21140,0.6423952325317613
21141,0.01004100664134446
21142,0.041177032630757504
21143,0.11790002457161464
21144,0.005883225588340616
21145,0.024958998706513143
21146,0.07191339205069237
21147,0.44779591412721564
21148,0.3435431386425475
21149,0.018790176337681062
21150,0.019439211904248827
21151,0.8786600718778396
21152,0.003138807872462797
21153,0.470855007410169
21154,0.009684344060491255
21155,0.04849195344973515
21156,0.5699693461802513
21157,0.05937186171609765
21158,0.3514898362507879
21159,0.007116945393025889
21160,0.02124280883034622
21161,0.0031970953020253497
21162,0.05479049269988821
21163,0.6498209523599661
21164,0.013335321746832572
21165,0.4189743791714574
21166,0.916199021592354
21167,0.0852947189337667
21168,0.007670429262812706
21169,0.426313250341168
21170,0.5601089628402199
21171,0.3403390871855653
21172,0.2514312983384466
21173,0.006885372493965155
21174,0.9840112941543958
21175,0.19468344709150068
21176,0.007881061759777151
21177,0.5719600844227534
21178,0.7708117719223431
21179,0.004637869110244477
21180,0.8632321898546158
21181,0.050323882479921915
21182,0.0042640583274784
21183,0.08631133162704864
21184,0.6394224769947033
21185,0.25521963410827725
21186,0.012164331252159287
21187,0.003663740063158432
21188,0.0030195762356329914
21189,0.0032721782843110623
21190,0.020820513607859838
21191,0.7960835594110653
21192,0.06933333801904558
21193,0.29893336449968283
21194,0.9826205168487648
21195,0.0645398797717359
21196,0.2768929470821489
21197,0.0030085212905577676
21198,0.016486530650747636
21199,0.6754712307479152
21200,0.015712086465967733
21201,0.030167218265804548
21202,0.006520421225749036
21203,0.19089119926267473
21204,0.014571722165128904
21205,0.0013795894324270426
21206,0.9461197712175716
21207,0.0033965278129818783
21208,0.001964418807029601
21209,0.9281905106349239
21210,0.07239776205180028
21211,0.9510822792119329
21212,0.005712642097706008
21213,0.8647431611658448
21214,0.025841858360737845
21215,0.05205955017818135
21216,0.513250587867194
21217,0.46566369710699795
21218,0.005074733984684328
21219,0.011350302866942753
21220,0.17935919054655036
21221,0.020032769377621523
21222,0.013604360663301406
21223,0.08932804198728587
21224,0.46468502033738956
21225,0.008955361861287262
21226,0.3647960807489498
21227,0.011992845115431429
21228,0.9010165030072024
21229,0.9235998367645556
21230,0.3836920828736541
21231,0.7775265248837605
21232,0.08873424487656785
21233,0.3685862332012431
21234,0.01738080822792956
21235,0.5285724816694192
21236,0.8102650897964844
21237,0.0055519734630732195
21238,0.0075890017137889626
21239,0.006752405158882668
21240,0.0013469909597906137
21241,0.5225815024228984
21242,0.9027251242553851
21243,0.42234606178682166
21244,0.057496956515475324
21245,0.9386064408229107
21246,0.003932650702470936
21247,0.0044975591964243585
21248,0.08199005421273375
21249,0.9662077921868273
21250,0.0022408376775834623
21251,0.009351422442680408
21252,0.015945027766016844
21253,0.006203054153279796
21254,0.006642996933182864
21255,0.07937375340166594
21256,0.07598005775817342
21257,0.597545419423702
21258,0.1184895873491531
21259,0.054091514459444136
21260,0.020935180184603754
21261,0.016058110339248307
21262,0.018066815960588727
21263,0.13527878092973072
21264,0.003104172367757794
21265,0.020422765461989255
21266,0.001206359161907656
21267,0.012590134175749489
21268,0.9691286042910014
21269,0.4175006268470486
21270,0.031144768230322223
21271,0.24814499424518438
21272,0.11406086594345413
21273,0.008901661265518843
21274,0.004936408228278169
21275,0.12554268381205444
21276,0.0016515015956807355
21277,0.03189147236690341
21278,0.5253649605609563
21279,0.2643238704305921
21280,0.13103079962781225
21281,0.0011141976637833925
21282,0.2774881677616545
21283,0.2515017583779628
21284,0.9655283389186817
21285,0.026520657300621895
21286,0.3424917851418261
21287,0.003224999315750285
21288,0.02027351612338281
21289,0.00604446227097951
21290,0.43983780697797015
21291,0.0005659335389595911
21292,0.9177200752752899
21293,0.01794591868564439
21294,0.22387802083024783
21295,0.37068929906590287
21296,0.007674883662692873
21297,0.9829194743662156
21298,0.28871944380374387
21299,0.5594305023298827
21300,0.18428966399831273
21301,0.9448382440013058
21302,0.9936818183978139
21303,0.0034291584659656275
21304,0.0005749053984824225
21305,0.014652000860837565
21306,0.005456348259413665
21307,0.0009396907489356645
21308,0.22515376731748382
21309,0.06260285640203048
21310,0.001337629978412947
21311,0.1010749375742527
21312,0.21475278883791707
21313,0.015934633503544446
21314,0.2776656241494083
21315,0.17735873304243832
21316,0.6174464419396783
21317,0.5234671119311634
21318,0.604830807515464
21319,0.011409729909893888
21320,0.01518026806320979
21321,0.002565460583200418
21322,0.07735208192111806
21323,0.9721329655525351
21324,0.008924490878928744
21325,0.005106905481650724
21326,0.7847118434643828
21327,0.001742312276254735
21328,0.03621154968000034
21329,0.034599298823215885
21330,0.0006857871774079169
21331,0.0032434867511162246
21332,0.07978596363100811
21333,0.0023985589322078815
21334,0.8792594337232483
21335,0.49057082158931
21336,0.017959197012320214
21337,0.4876841825758157
21338,0.8354800756259404
21339,0.11423972744577376
21340,0.01390442499815808
21341,0.008007209746014514
21342,0.019550873163272232
21343,0.044104211453378485
21344,0.009448371923640286
21345,0.020038561676050257
21346,0.004194463768315092
21347,0.013748789017424878
21348,0.9998103923637711
21349,0.0006954826886376487
21350,0.06149090974089458
21351,0.7977947072161824
21352,0.005639494584524642
21353,0.9452076948578084
21354,7.739599731827084e-05
21355,0.1522548062822496
21356,0.004027392073962807
21357,0.013318069478322056
21358,0.6168614810704292
21359,0.5296294077649797
21360,0.21623581258426852
21361,0.997248595989257
21362,0.036683409659839045
21363,0.16285650219085607
21364,0.0043346631175772525
21365,0.01187765332271086
21366,0.004974870966854753
21367,0.3202957501491567
21368,0.9900631870977075
21369,0.010661826416151925
21370,0.699630026717841
21371,0.9276024160577456
21372,0.018619904287532383
21373,0.0025336533993531203
21374,0.018310832771791477
21375,0.026223402776759296
21376,0.4643151052677935
21377,0.08512986045514684
21378,0.9111647582611516
21379,0.14775354158144677
21380,0.6593604121857293
21381,0.018821705680428902
21382,0.09019495775073706
21383,0.0016464070435427873
21384,0.0005511958783705035
21385,0.26676827510226364
21386,0.9875150722012103
21387,0.14866163053742198
21388,0.38414289296630993
21389,0.14063059723573493
21390,0.0031204318603014402
21391,0.011956891981949777
21392,0.010989616865010387
21393,0.009112439934077898
21394,0.07610909805397817
21395,0.8003108976627419
21396,0.2386966194171026
21397,0.9329798397029491
21398,0.0011041522519694609
21399,0.16991638049797747
21400,0.8243747423180136
21401,0.0035942755539581225
21402,0.01850376544877844
21403,0.1827006236542786
21404,0.042186937072617184
21405,0.009279894237699048
21406,0.0014311709034321744
21407,0.045864272540123624
21408,0.025558404347444125
21409,0.050712228389047376
21410,0.13967530106673778
21411,0.25246138446684874
21412,0.038543399159992525
21413,0.003538583662817864
21414,0.017403671192775232
21415,0.0038963687344697353
21416,0.09155705664079652
21417,0.10003242113424875
21418,0.004449086269182947
21419,0.02441908393493257
21420,0.002025215774325444
21421,0.3464838348069173
21422,0.2871877971400516
21423,0.0073881414002632375
21424,0.1959834754093664
21425,0.6441585760533293
21426,0.2186614477245213
21427,0.10557516789867576
21428,0.040744212415151054
21429,0.31658486921114865
21430,0.001862486305812366
21431,0.027823689836514464
21432,0.682389860279066
21433,0.002644287709580254
21434,0.00920398096820282
21435,0.004167271688200483
21436,0.10288896542477304
21437,0.028717193022724758
21438,0.0019521349242957197
21439,0.44776904977755033
21440,0.020138828134884518
21441,0.04426509939923515
21442,0.012652300325045596
21443,0.054083141148351714
21444,0.005151005271942448
21445,0.06198913618026588
21446,0.019681613829601603
21447,0.00594632363560669
21448,0.18010194231402601
21449,0.02448651195388987
21450,0.11351595134633008
21451,0.7552441948240906
21452,0.8091640297807632
21453,0.05790468702774435
21454,0.05912034372118746
21455,0.6437642037447369
21456,0.03576018318605862
21457,0.008408427713058627
21458,0.5450184546930886
21459,0.1889441072635102
21460,0.0036175736031461136
21461,0.027116921877327414
21462,0.9449925398624222
21463,0.0030438237152173495
21464,0.14642192867556433
21465,0.305408731830809
21466,0.05322635239164746
21467,0.8228963990968304
21468,0.0008901692409433305
21469,0.08422459507785969
21470,0.18727194735476427
21471,0.0008352812487409739
21472,0.46467264697420857
21473,0.008906268442966945
21474,0.5638807117777513
21475,0.01206540939527778
21476,0.0005333705714601672
21477,0.002883849511215358
21478,0.010295473912272111
21479,0.9231352269933895
21480,0.036817719518751436
21481,0.0020503557238098196
21482,0.015798150529325407
21483,0.48189040770509795
21484,0.05685228042673653
21485,0.04041509462150231
21486,0.03800686901169546
21487,0.035770745584979904
21488,0.3701249276081474
21489,0.02996900833949044
21490,0.006172095922803599
21491,0.008355434395206994
21492,0.08201002592922209
21493,0.2875964698727278
21494,0.018020125350975514
21495,0.22988698678902714
21496,0.023604820723031664
21497,0.002750497276217372
21498,0.023477680775768863
21499,0.355936981955975
21500,0.16449194466116732
21501,0.06528592920103869
21502,0.039835607051332406
21503,0.1342579076632845
21504,0.23839492752634864
21505,0.5808573994082057
21506,0.039924520166438784
21507,0.01330358246154612
21508,0.5144347830032577
21509,0.0036890748538554756
21510,0.43956008605256636
21511,0.6788813600300526
21512,0.014664885027230151
21513,0.11289036856705485
21514,0.002341752643300302
21515,0.1077018682553039
21516,0.4603366965779403
21517,0.2405929852102904
21518,0.015700551067433493
21519,0.00032783866654055284
21520,0.014704305352154647
21521,0.07015515220543365
21522,0.009364824627249494
21523,0.007481223648107602
21524,0.005986996761882373
21525,0.048952214893021755
21526,0.6762820533120908
21527,0.002145240093207166
21528,0.007779879414037733
21529,0.016623039308765443
21530,0.3040779123293755
21531,0.2206683165464908
21532,0.826213391160195
21533,0.0049329113053102796
21534,0.0981367774226787
21535,0.2230606182266358
21536,0.8437557739663483
21537,0.3712032175449013
21538,0.0014191487399802113
21539,0.540692721191563
21540,0.05479369478121698
21541,0.0642356053018175
21542,0.32896177131544835
21543,0.5805386219987853
21544,0.09439831407025306
21545,0.9586447436484864
21546,0.2647158550844955
21547,0.0013366798815748972
21548,0.03231710966449431
21549,0.13522452494761358
21550,0.9241029105494677
21551,0.18518800894195234
21552,0.12399829340473408
21553,0.0024053958032330095
21554,0.009413252222269802
21555,0.024204179145391847
21556,0.10387591011233774
21557,0.02017555732829279
21558,0.04961918029971778
21559,0.6500681959000458
21560,0.001241133321393553
21561,0.029356435399059317
21562,0.07450451262856869
21563,0.01599498760438859
21564,0.002242539644052912
21565,0.010189206490740602
21566,0.06550923614019286
21567,0.0017523029090268797
21568,0.30656466319429615
21569,0.03592664147661186
21570,0.43302222206122415
21571,0.021967901429307313
21572,0.8090662580685792
21573,0.1122774649068245
21574,0.007469311510697371
21575,0.9638967922296275
21576,0.5571371420333382
21577,0.16087650936856274
21578,0.018254442598348856
21579,0.040630428140264435
21580,0.013560072527899158
21581,0.4640817135005317
21582,0.08663470802160173
21583,0.1495567132369007
21584,0.018218558609001862
21585,0.13984670697086451
21586,0.8613129697021135
21587,0.015585368183776845
21588,0.468562837211086
21589,0.007607371527324497
21590,0.16381075287340108
21591,0.11047465685631919
21592,0.0309097710655471
21593,0.9281068875322053
21594,0.007489845936250843
21595,0.022724318758298036
21596,0.012096701452214958
21597,0.043131381187164974
21598,0.8571612711241804
21599,0.0013848626903006011
21600,0.6738907492720351
21601,0.05339438469641518
21602,0.09906345715696115
21603,0.827898045487453
21604,0.031374274780947856
21605,0.21647724818528083
21606,0.007487760479070059
21607,0.01920832359308522
21608,0.15802449893060833
21609,0.6052232320143964
21610,0.09483021538145671
21611,0.3384736613776741
21612,0.03374782018717204
21613,0.04574987826738067
21614,0.6318149355874676
21615,0.041401591656973796
21616,0.08246667652266866
21617,0.7166089557559838
21618,0.013241338659206778
21619,0.6044824761206703
21620,0.0037303227428587995
21621,0.04697964509389156
21622,0.8098325628527697
21623,0.080584397752628
21624,0.34660586359280615
21625,0.40724087414072296
21626,0.17939421006675732
21627,0.30365163457662553
21628,0.16324945503620256
21629,0.005408087504009585
21630,0.005361942276624254
21631,0.003802456596736547
21632,0.8128619658107928
21633,0.016381232595117746
21634,0.29528949620002953
21635,0.002877907069357047
21636,0.03191150069365009
21637,0.006147123754893047
21638,0.02086404179417554
21639,0.9998919282909061
21640,0.820755790189296
21641,0.30175357693692584
21642,0.026302588367093586
21643,0.05159832196618382
21644,0.024601618118441776
21645,0.015912190820580895
21646,0.11839683011975402
21647,0.016932437370368845
21648,0.9999999999992288
21649,0.08666829584253043
21650,0.11556156728155824
21651,0.36326482278871874
21652,0.013237896513296554
21653,0.24472358520690402
21654,0.010698525487884922
21655,0.0386042208633185
21656,0.09175999689177042
21657,0.021023998783421857
21658,0.016520807722026302
21659,0.0015430836381633973
21660,0.12029509376369107
21661,0.07928844492957743
21662,0.5459699999631856
21663,0.13275159770279435
21664,0.25199547731113797
21665,0.006373041873955137
21666,0.12838480889110226
21667,0.004487258358347871
21668,0.008029812192121318
21669,0.02465391996054226
21670,0.41829322918605266
21671,0.004326509718989227
21672,0.16743825845180862
21673,0.3276206739306661
21674,0.04867906458759673
21675,0.7199079400578984
21676,0.07142952877050983
21677,0.03147408073203202
21678,0.2316342259389643
21679,0.001743534522567829
21680,0.23102999625212534
21681,0.012985526482174726
21682,0.0033381903097356408
21683,0.07357829215524773
21684,0.6280964419238834
21685,0.43120426877298335
21686,0.0105046933296026
21687,0.0014315684551681137
21688,0.006578115589509192
21689,0.8104989240653435
21690,0.8667027979188315
21691,0.006736863320781901
21692,0.49638177604072303
21693,0.0062729021507560495
21694,0.17977033536831813
21695,0.011757729305918778
21696,0.009034396335225384
21697,0.026526256709135
21698,0.016498688800258683
21699,0.0020758374069292968
21700,0.7278343257062757
21701,0.09258830290906962
21702,0.16119720378242705
21703,0.025790846864182836
21704,0.18062025057863051
21705,0.1878741719192758
21706,0.19329656123023436
21707,0.012830223029054356
21708,0.012721009298068301
21709,0.08918820002442861
21710,0.027704845312138363
21711,0.19002788431706927
21712,0.0543579635386915
21713,0.5379454206567629
21714,0.19760073347144846
21715,0.01709044760869715
21716,0.9455581418459784
21717,0.004286672603685414
21718,0.1731451719589364
21719,0.9032235577249855
21720,0.19349124126588724
21721,0.024535530715849074
21722,0.028857819236168508
21723,0.03755142555106626
21724,0.3511863488586021
21725,0.0185594968739454
21726,0.4536226532083936
21727,0.0075579445257607175
21728,0.012829647506260708
21729,0.003086878196487721
21730,0.010329498992601726
21731,0.7136094130516295
21732,0.0032635023651201777
21733,0.020653306540047548
21734,0.37135492481909727
21735,0.13845790310333816
21736,0.55146482751817
21737,0.0051183179040809
21738,0.03352222388509323
21739,0.08141179778992727
21740,0.9212094319257264
21741,0.0013244667625361482
21742,0.0051974984095231914
21743,0.667857093041054
21744,0.3326747686464571
21745,0.07871821127585439
21746,0.042403179099173426
21747,0.5856132454158396
21748,0.03085892319712544
21749,0.001196486156540485
21750,0.035563094789769316
21751,0.008817314321033864
21752,0.1536911803096184
21753,0.027363288876394384
21754,0.9408276624565711
21755,0.007543300377325372
21756,0.5087669422162475
21757,0.00211274073443818
21758,0.7256399145624726
21759,0.052301986380587244
21760,0.17965766369376293
21761,0.9132610394830205
21762,0.03579566125961325
21763,0.003404592855547704
21764,0.975888001048638
21765,0.006915319148435054
21766,0.7656103762331506
21767,0.1611767211226014
21768,0.9863144950849974
21769,0.197223400310495
21770,0.08389452893788528
21771,0.09048068095161904
21772,0.017889623725943382
21773,0.007192349511261523
21774,0.009919528384528437
21775,0.44395862066646485
21776,0.049214690216464796
21777,0.04274600744912489
21778,0.010711898369899565
21779,0.06440709813120231
21780,0.7507823727378555
21781,0.0025392268931264343
21782,0.8559855497908764
21783,0.03183419638077535
21784,0.02831878291595921
21785,0.021966712717537983
21786,0.2533022957385434
21787,0.004509965490361483
21788,0.0004273793399127044
21789,0.04838534634926822
21790,0.0031205990685893845
21791,0.005756157738598478
21792,0.6475642067283669
21793,0.7773905935130389
21794,0.5417408723990688
21795,0.002057236785429259
21796,0.6310017913688997
21797,0.9490399795754663
21798,0.06752605541848301
21799,0.9999999999579081
21800,0.5743796365917473
21801,0.0017296617578294558
21802,0.01171124698688371
21803,0.12643909916879253
21804,0.18656463569891185
21805,0.8839552270956703
21806,0.6709039564854362
21807,0.01085511032920052
21808,0.9972251361352965
21809,0.6457783922505972
21810,0.023864274661370043
21811,0.7038449746871128
21812,0.00036862619048508765
21813,0.009550535690696452
21814,0.9458165699269758
21815,0.6967437093159603
21816,0.9999999990111625
21817,0.4604335635692579
21818,0.680757959493397
21819,0.0026685679738571223
21820,0.008373099049790693
21821,0.1164470932744367
21822,0.049326143163193
21823,0.03665969054662889
21824,0.0040762723008175225
21825,0.036292546218962655
21826,0.007646233332949918
21827,0.8183750674204108
21828,0.9999999999894229
21829,0.0008315968178652826
21830,0.01798772419357286
21831,0.020661196749531978
21832,0.046641153543003376
21833,0.2271729275156266
21834,0.6055936771167544
21835,0.13777058673347647
21836,0.8158740323146088
21837,0.0626766785231018
21838,0.002537126562097924
21839,0.11284008754169635
21840,0.0060219245347778415
21841,0.4210860794474013
21842,0.7062296357070712
21843,0.17439153009901054
21844,0.48517813694994477
21845,0.014179095765656098
21846,0.001408825212720217
21847,0.04070775100757014
21848,0.006984653429115028
21849,0.9615444138803744
21850,0.002345755054326194
21851,0.6726422426065476
21852,0.9311265404335916
21853,0.10864843798663701
21854,0.10721706692990446
21855,0.013265242758619858
21856,0.03315509343676838
21857,0.006725299996110766
21858,0.03131736230690182
21859,0.02920020155046761
21860,0.3864671686188645
21861,0.008428932003877026
21862,0.001267529448015771
21863,0.004389642413153809
21864,0.0015404487599150005
21865,0.01405929305126211
21866,0.7904041424488489
21867,0.0019557137203833085
21868,0.004701776584682383
21869,0.15297201315559394
21870,0.00015814319378582766
21871,0.06519581725558406
21872,0.0037190836493279124
21873,0.38081806013250474
21874,0.02586713725060472
21875,0.006022696514687237
21876,0.7004548770595614
21877,0.10011516452615844
21878,0.4721368612043194
21879,0.7023484101849092
21880,0.006363370735414173
21881,0.15315686057697356
21882,0.0017851767339405078
21883,0.001394898220976476
21884,0.9383380519979748
21885,0.005073511892219231
21886,0.0046157968042671105
21887,0.7597876161780157
21888,0.22146869868109412
21889,0.011425747749883388
21890,0.8364193755002999
21891,0.018387919234665068
21892,0.6646168813366691
21893,0.019733273988516657
21894,0.9805744442261752
21895,0.024685378510686543
21896,0.019279395226516734
21897,0.008168804117202869
21898,0.6307862078169795
21899,0.7485009995960098
21900,0.011964590538897691
21901,0.010188034793775013
21902,0.08922709026444195
21903,0.01402719519793785
21904,0.11030690500797892
21905,0.0015720373852746324
21906,0.21193567594559232
21907,0.1117768264765801
21908,0.0946814991843017
21909,0.8486564728705174
21910,0.052546075041414855
21911,0.04771016749323513
21912,0.004741044192321458
21913,0.007103678609350252
21914,0.018407326447337648
21915,0.06225465944558607
21916,0.2376500256071569
21917,0.026332659049879692
21918,0.05028085306355316
21919,0.02003872716060442
21920,0.35354082746701815
21921,0.324053006294873
21922,0.2460150100254112
21923,0.26592723771971694
21924,0.008187130215506114
21925,0.1411943760403888
21926,0.004474626113279109
21927,0.026415053185861896
21928,0.08591309434521052
21929,0.07469976423651117
21930,0.013522677232312276
21931,0.08222018920967127
21932,0.9437833944329741
21933,0.005984951340587149
21934,0.011254083583097837
21935,0.024908687113199993
21936,0.7885289061112302
21937,0.020721675482729397
21938,0.0014161123102419636
21939,0.03139994023906984
21940,0.0520397500296848
21941,0.003561807402182567
21942,0.2914564692789558
21943,0.0015272161801524909
21944,0.002810924846637515
21945,0.004572738404907112
21946,0.018050093859766483
21947,0.010127828020380975
21948,0.022990670718378816
21949,0.0017847991958643795
21950,0.06689738654082295
21951,0.003918355445486725
21952,0.023379473393744344
21953,0.7292436030847594
21954,0.23054197722605554
21955,0.6999310618971146
21956,0.6021374048872462
21957,0.01980714065640405
21958,0.023136748267671182
21959,0.9434551050739881
21960,0.023596870066508423
21961,0.08883503237541168
21962,0.005946738218030102
21963,0.14126220860106556
21964,0.12422358742630112
21965,0.008574830488769341
21966,0.2433397347727532
21967,0.0016313544557175878
21968,0.2476117396121046
21969,0.025552022465912986
21970,0.9983258544457503
21971,0.7750685942869076
21972,0.2749640698212555
21973,0.029148090183359607
21974,0.6801506194576972
21975,0.009308715797981466
21976,0.00020174227382550115
21977,0.12483541674177114
21978,0.08017782748634081
21979,0.007562778451823044
21980,0.004840288289114492
21981,0.03487569130554096
21982,0.6914763367388619
21983,0.02522555062825796
21984,0.3410963593054381
21985,0.998863430081659
21986,0.9994509428108956
21987,0.9900566146354349
21988,0.0020546776549507295
21989,0.03457154561355387
21990,0.14932855310107773
21991,0.004925069835000495
21992,0.003190588301893255
21993,0.005804885352079917
21994,0.06349473999789766
21995,0.009945981111211942
21996,0.03912059428001329
21997,0.012565362672456754
21998,0.2064861035672263
21999,0.5702468073697596
22000,0.0017096966662487408
22001,0.6887674546498144
22002,0.39745219229818113
22003,0.013669950329398071
22004,0.010539081624641115
22005,0.19464501393654193
22006,0.9309121476201485
22007,0.5025955472966572
22008,0.4007650760261152
22009,0.006384916893614179
22010,0.153224821557294
22011,0.9126552827290361
22012,0.002337979311825854
22013,0.2456933605300053
22014,0.005151795309550282
22015,0.025636375348890912
22016,0.02513635856809224
22017,0.06720854977958825
22018,0.12017940965966532
22019,0.05592662859801776
22020,0.11222314254961586
22021,0.1395415479082978
22022,0.7421481038648934
22023,0.09552302066659644
22024,0.012132458125846313
22025,0.021207716819498512
22026,0.8992042407062893
22027,0.12483491305108826
22028,0.12031034786067363
22029,0.008295354891106112
22030,0.009193100300488328
22031,0.0012179163918774832
22032,0.269355253823244
22033,0.07051653985386115
22034,0.6797937029170995
22035,0.33143248213879584
22036,0.2579722769817263
22037,0.06650042737095954
22038,0.046983773632276425
22039,0.1361673202915456
22040,0.014541537088964187
22041,0.2125626850310147
22042,0.0031117100050228894
22043,0.09603433505611858
22044,0.032060440467835294
22045,0.043533697006900754
22046,0.05234328740753716
22047,0.3265563322217344
22048,0.023308879746562757
22049,0.027703845483926508
22050,0.03876979034073344
22051,0.035889101134767176
22052,0.012612977795412511
22053,0.007276279617969691
22054,0.1332319788991284
22055,0.157110332336546
22056,0.48587743648455417
22057,0.4722487659104295
22058,0.02027427238667587
22059,0.6448959496461677
22060,0.003702676993418196
22061,0.09029280274283416
22062,0.023420099516248617
22063,0.5966584964454322
22064,0.01333035272514398
22065,0.01887917571603483
22066,0.3340568798614432
22067,0.058891477992570745
22068,0.029513443129703484
22069,0.0006317789274333183
22070,0.08483440814286548
22071,0.01505572100015212
22072,0.10713425223882232
22073,0.010738910465208001
22074,0.795851725530171
22075,0.9972605253649005
22076,0.013780282740627925
22077,0.044843349317070146
22078,0.025394086904637545
22079,0.001009062056381062
22080,0.09361184428691004
22081,0.005517320270700471
22082,0.9982106317945223
22083,0.778016296941535
22084,0.0030483323089635925
22085,0.709450975858537
22086,0.005002506988499505
22087,0.001665516690295857
22088,0.0015690637320536647
22089,0.0012128154020605204
22090,0.013142042397575238
22091,0.020565564755884377
22092,0.0023231687403195474
22093,0.1249999962975375
22094,0.07361334434344145
22095,0.006514951261755508
22096,0.004610739659686392
22097,0.5858819783847957
22098,0.16307311966522972
22099,0.02503079887569595
22100,0.03306725529197894
22101,0.007544150408271144
22102,0.028818803898227857
22103,0.6434644280498837
22104,0.004652022093695357
22105,0.0021171651849056193
22106,0.004322622345347831
22107,0.05292080609579511
22108,0.6286520869167344
22109,0.08441078831484566
22110,0.03384342280071436
22111,0.19736954310101804
22112,0.006263875481801816
22113,0.7795279331370024
22114,0.04823046794994549
22115,0.5178621086776835
22116,0.08274784817431162
22117,0.1364611505360204
22118,0.12669584539457043
22119,0.0018332020304794108
22120,0.0091276577650039
22121,0.2960239882661
22122,0.15441482674713058
22123,0.6418586529367949
22124,0.12786199454882438
22125,0.05763739487255037
22126,0.6078518451656187
22127,0.8849511315480163
22128,0.015142339600326231
22129,0.028746150021266886
22130,0.013649384560816626
22131,0.062265712219101266
22132,0.008953828225801973
22133,0.048400941629602956
22134,0.17367162446173715
22135,0.28298329615188633
22136,0.00037037052049038015
22137,0.8992278888246946
22138,0.20355343045580745
22139,0.566882266800572
22140,0.16745405038442304
22141,0.051319172798217814
22142,0.2559092337732968
22143,0.09051593991102488
22144,0.18787761261302952
22145,0.8602048589421316
22146,0.06463871272407953
22147,0.08984366467307704
22148,0.0026614524467716864
22149,0.0019929410279577475
22150,0.008789608032733055
22151,0.4368572061947457
22152,0.002941777744358305
22153,0.06192177039430129
22154,0.03948476432100875
22155,0.006894691183630955
22156,0.04305799901810997
22157,0.013512323282495547
22158,0.36618586311802237
22159,0.6748405802865844
22160,0.021318800667807468
22161,0.010446884435345373
22162,0.02097146824859809
22163,0.03419691770441956
22164,0.02432423477563413
22165,0.028860252327673648
22166,0.27609965061397007
22167,0.3292281823366806
22168,0.07507767491320558
22169,0.09517133390523039
22170,0.03534495659417315
22171,0.6470541818605245
22172,0.13739420293057603
22173,0.014234768872306843
22174,0.9452191463445168
22175,0.00657598198529889
22176,0.0006667385357938807
22177,0.3982063396723865
22178,0.00861013474841786
22179,0.009841605879795228
22180,0.009098032931326688
22181,0.007615904240318343
22182,0.06098587105415509
22183,0.7033136696892368
22184,0.17508652936803762
22185,0.01825926717967746
22186,0.9649949245696462
22187,0.8721854680633175
22188,0.027835695791720676
22189,0.1342091039927058
22190,0.0007637060534864136
22191,0.6810778918916451
22192,0.09820669059300302
22193,0.6356349899933709
22194,0.08963654992687833
22195,0.01880155046809856
22196,0.023873096446398713
22197,0.08397305201282512
22198,0.12082294279075818
22199,0.016945478150335112
22200,0.8674456171606599
22201,0.10075158756012544
22202,0.0014665141867110845
22203,0.004627368768168123
22204,0.00786649955875761
22205,0.07062968125879829
22206,0.0511517454151544
22207,0.665417504248735
22208,0.005883850206413612
22209,0.16713458390311917
22210,0.01955568627077657
22211,0.592300676437211
22212,0.055574484915350136
22213,0.042152083986134826
22214,0.07829011392901065
22215,0.010885616830255684
22216,0.7249031819058441
22217,0.0058500251273599325
22218,0.0027746713269160605
22219,0.003948528207263456
22220,0.7628806979636474
22221,0.0028872626778773053
22222,0.05918961809774769
22223,0.47861319192401525
22224,0.05596471556405969
22225,0.032890152074528035
22226,0.0029807295448029784
22227,0.006465453564470168
22228,0.8196782842586333
22229,0.1738897841453779
22230,0.860475233322064
22231,0.7299151869615231
22232,0.100337723057761
22233,0.006413125511033352
22234,0.09106209759809435
22235,0.0030108409552350537
22236,0.05799233256573665
22237,0.0171392310729834
22238,0.7859670861805175
22239,0.05954915769519774
22240,0.0013108893688375067
22241,0.08358379269847409
22242,0.04411527752924356
22243,0.010867744505845479
22244,0.00964647649839065
22245,0.005695156304553245
22246,0.2833525948130463
22247,0.029149930644212514
22248,0.025293213501129612
22249,0.005352242279352832
22250,0.04584264389386964
22251,0.013227082546825733
22252,0.9248209081285238
22253,0.013755112900864912
22254,0.059544880844164844
22255,0.005435324286762092
22256,0.03403628620929675
22257,0.09586800557856237
22258,0.0936655441782193
22259,0.0037729182144068487
22260,0.006133725335326002
22261,0.005866687616463439
22262,0.49321115413386074
22263,0.9798164480908351
22264,0.014551848711451893
22265,0.00019891620590922602
22266,0.010441760715959482
22267,0.012414417325627104
22268,0.26595740111104055
22269,0.0027707013760849713
22270,0.012471690487637596
22271,0.003964645595636208
22272,0.05668548215711245
22273,0.5473334860583807
22274,0.039343503630120194
22275,0.27590422605995835
22276,0.1413953667925278
22277,0.9472924339841315
22278,0.553090649730914
22279,0.0019229340535660978
22280,0.8402675029105188
22281,0.632621794815761
22282,0.19632808690560666
22283,0.666723491301524
22284,0.18902903335116142
22285,0.017220829067186832
22286,0.014181194129360648
22287,0.12450594724503092
22288,0.06702124333710102
22289,0.018042516948265974
22290,0.003224331633999552
22291,0.05670144962981727
22292,0.0720106407364624
22293,0.9999999999945717
22294,0.020352994944510136
22295,0.22046253803595822
22296,0.9140959844704576
22297,0.8843143628016056
22298,0.927208861027981
22299,0.1372213039803984
22300,0.022625456984713774
22301,0.04617432344191149
22302,0.05483115991461472
22303,0.8226495342231901
22304,0.017026303773624716
22305,0.023116095480936214
22306,0.021847127373944123
22307,0.001167969200698492
22308,0.8154329284807827
22309,0.22710185759774737
22310,0.9334846630673652
22311,0.03205313724971076
22312,0.9921043172209193
22313,0.0009944885366485593
22314,0.0170470710131287
22315,0.029037436970207556
22316,0.06880462028393415
22317,0.4643523910771931
22318,0.9617655701959076
22319,0.3736312704203356
22320,0.10837340723303608
22321,0.00746380723097714
22322,0.0936507194023595
22323,0.0020452802113076853
22324,0.007973668384928625
22325,0.1250368433696527
22326,0.6394025966305943
22327,0.1121134429471545
22328,0.02004886463345512
22329,0.48392553694496915
22330,0.5982810393212985
22331,0.2670793858029548
22332,0.007861948116684558
22333,0.1224388924482214
22334,0.3030140911447103
22335,0.1206280752758522
22336,0.30497789584495166
22337,0.01207849324183841
22338,0.04611863852732626
22339,0.2501167806386944
22340,0.15508963789324587
22341,0.0003390170883685088
22342,0.024926266285383778
22343,0.013750333157852145
22344,0.05327908976318568
22345,0.004140775328598668
22346,0.7009179433196436
22347,0.7812360119366571
22348,0.9007514909234082
22349,0.9301902940157116
22350,0.06985618969625246
22351,0.08914830738555529
22352,0.09437396785156393
22353,0.0053606097455180125
22354,0.028827377054389685
22355,0.025212377435435127
22356,0.275710830418347
22357,0.006957966858515015
22358,0.007223674699687983
22359,0.011483744029466548
22360,0.6536028856862669
22361,0.0024188693443073332
22362,0.04431395359608461
22363,0.48701379142662926
22364,0.006400906392424161
22365,0.08878224209216184
22366,0.06672508130137147
22367,0.06389087334421394
22368,0.2965398363223538
22369,0.00818679479589669
22370,0.0025728488382674433
22371,0.9784220394182793
22372,0.7342233047342205
22373,0.21342235053753789
22374,0.999999982108332
22375,0.3510948220292475
22376,0.5961203284251462
22377,0.01837235534675836
22378,0.6008293056304359
22379,0.8847309009907979
22380,0.02420638305669509
22381,0.8629859968911687
22382,0.08414124564149228
22383,0.9891296186412052
22384,0.13896003401227214
22385,0.7053298231789105
22386,0.044023854152814436
22387,0.9650056073585459
22388,0.02718867426797067
22389,0.5623525855681162
22390,0.0038911581966922034
22391,0.00040135137464574524
22392,0.043350016814531274
22393,0.3352525301816355
22394,0.9727575702912051
22395,0.019444486271208653
22396,0.09338266841816573
22397,0.756913970900778
22398,0.03686009723376437
22399,0.5914291066407613
22400,0.4258879033145331
22401,0.1475309677569663
22402,0.0055629295890500625
22403,0.10239144748916676
22404,0.012007806541877396
22405,0.28109685965637593
22406,0.02520914875850196
22407,0.01904863085026786
22408,0.007838630445203276
22409,0.06917695466727838
22410,0.47082270571408386
22411,0.49614727535615266
22412,0.7165052652039061
22413,0.028724957447133416
22414,0.03393259022393992
22415,0.27947066984270047
22416,0.013428247541306159
22417,0.23719525042321543
22418,0.5648333285466257
22419,0.027644021923500354
22420,0.7494362689612535
22421,0.9238917370097123
22422,0.38534700154313506
22423,0.004300737448449211
22424,0.006204510608486611
22425,0.8823270747273845
22426,0.5882120414909661
22427,0.01272241707940328
22428,0.556045154840397
22429,0.01344808366887446
22430,0.9994795835827119
22431,0.014881886223174363
22432,0.6344767560445239
22433,0.03305929777216018
22434,0.03644130967351238
22435,0.18582509973408035
22436,0.20065920781998062
22437,0.01794762807905824
22438,0.13727870367883155
22439,0.0031244512514028186
22440,0.008297355548658429
22441,0.0014240557539836887
22442,0.26293254188757686
22443,0.0221922946484865
22444,0.0018631927984328915
22445,0.0059912785862900626
22446,0.05491701129064855
22447,0.0007891153944561235
22448,0.5191030287432631
22449,0.03953779628247624
22450,0.39733516715380024
22451,0.21868911970306196
22452,0.27192510269813147
22453,0.028356255825226908
22454,0.006788253825029403
22455,0.002541000176141762
22456,0.9818941067239408
22457,0.41811704548885054
22458,0.012934346429319234
22459,0.020359260607030732
22460,0.021332511463575083
22461,0.00010222522342599512
22462,0.1087931550553561
22463,0.007951111906512143
22464,0.20344500507382307
22465,0.7839901195270547
22466,0.09968295153439813
22467,0.01145072164719373
22468,0.006824166572626546
22469,0.02438077324214122
22470,0.5997207740450121
22471,0.4870062767941971
22472,0.8627860463365097
22473,0.008470144899754766
22474,0.01639858951505274
22475,0.03176045305902861
22476,0.0054602547147783965
22477,0.00708633293012886
22478,0.25395590105058785
22479,0.12378592096820731
22480,0.17497794343613568
22481,0.19787892259390932
22482,0.1709323370193256
22483,0.005127058657967518
22484,0.4169004815842912
22485,0.0015732250319346933
22486,0.7554550470696193
22487,0.8892073276776156
22488,0.9358318981285559
22489,0.9965585770052624
22490,0.03961879259136837
22491,0.0006427905831896824
22492,0.10145859316772922
22493,0.04641990175003978
22494,0.02639797580682112
22495,0.6603187921305724
22496,0.04585767430968176
22497,0.009957494410043103
22498,0.23500456029086353
22499,0.0029273524235641705
22500,0.014449603772052618
22501,0.0039795243645777394
22502,0.006833800701732976
22503,0.009584834610708129
22504,0.032387038656739975
22505,0.00874563148221572
22506,0.9616057192978406
22507,0.5025412103057644
22508,0.008552430255854832
22509,0.9146762171152157
22510,0.023212879798417647
22511,0.7533392094473994
22512,0.05148448833638791
22513,0.01347430616182607
22514,0.07134547572865779
22515,0.7336293814069161
22516,0.003593116198754351
22517,0.7928198894289125
22518,0.046655925714343266
22519,0.01288303802611194
22520,0.9899757558698917
22521,0.012809524957028535
22522,0.009603335654193473
22523,0.22176059125776848
22524,0.09895204756007189
22525,0.059605101449076506
22526,0.03020445745594931
22527,0.9788458236080381
22528,0.007167485436061456
22529,0.9627371974329058
22530,0.09130799034718616
22531,0.28638392545805497
22532,0.10019729501847231
22533,0.023964982810522013
22534,0.1440894320256641
22535,0.6583452940156749
22536,0.3574768172965339
22537,0.02323044769489864
22538,0.025717629611244543
22539,0.4608322130376974
22540,0.0018877517002170144
22541,0.0033665558371105465
22542,0.0077219188266497395
22543,0.005358248065447261
22544,0.09858522067805188
22545,0.005015909435127497
22546,0.7983478358517091
22547,0.013912852202458135
22548,0.6151066266514142
22549,0.009895481234464527
22550,0.2206173688005859
22551,0.7030178005080469
22552,0.1518871642808115
22553,0.030812475673273665
22554,0.46111846892547614
22555,0.48192623733253453
22556,0.004106135253140964
22557,0.09529188257275484
22558,0.4210133073870428
22559,0.037476225136581366
22560,0.1098775884662873
22561,0.05551483910380821
22562,0.004232237086688439
22563,0.01536823954909509
22564,0.9828375582496687
22565,0.22258376390362378
22566,0.27432429684591225
22567,0.003466141277183315
22568,0.15820310345346872
22569,0.04929000157223702
22570,0.0027341930914026764
22571,0.022306891567074088
22572,0.042934511240486875
22573,0.10680161653389393
22574,0.0027708334634998708
22575,0.134717617523714
22576,0.6506399744716945
22577,0.26477931954924416
22578,0.11768789932139267
22579,0.005172746418033209
22580,0.355194873633545
22581,0.002584299720998453
22582,0.5341098846608283
22583,0.5101310903223911
22584,0.9784862846052458
22585,0.018435758662680587
22586,0.0058813663993919855
22587,0.024850603128955047
22588,0.09743076526764712
22589,0.045529577136301215
22590,0.9896956749307149
22591,0.005480705876791709
22592,0.012754330141993661
22593,0.022401253288565473
22594,0.2519731642239489
22595,0.6377449901331137
22596,0.07181770867068149
22597,0.5752804994767092
22598,0.27658524331984485
22599,0.044577350795550544
22600,0.011547190209716646
22601,0.030258159494556226
22602,0.011032688614808273
22603,0.9753091780595589
22604,0.003574271108335115
22605,0.007413022012645589
22606,0.057973838083696994
22607,0.12394651349089607
22608,0.7754622750110808
22609,0.008712738196459081
22610,0.04691487940299073
22611,0.0105319201577066
22612,0.901924337217927
22613,0.07726429569550665
22614,0.9339596993335949
22615,0.02756065928616422
22616,0.1988196574537117
22617,0.027794359245547885
22618,0.0031158869264026915
22619,0.9959315841124544
22620,0.9325373761476606
22621,0.0041863330951201335
22622,0.005060833658795019
22623,0.033534172461466415
22624,0.38125319633328136
22625,0.004423507562108541
22626,0.028938970829822094
22627,0.925429804762165
22628,0.017974900838735028
22629,0.06075749650654414
22630,0.8885046979879511
22631,0.008614109040035211
22632,0.9471345243791469
22633,0.028734014507577742
22634,0.7309064533719115
22635,0.08738939827190721
22636,0.35184648424622106
22637,0.8821619238111085
22638,0.15684656558616583
22639,0.01773048369004286
22640,0.5131198531626672
22641,0.13755263721378214
22642,0.000839989516349957
22643,0.007228160892341291
22644,0.0013169707521084799
22645,0.02343604075710804
22646,0.002310850788884555
22647,0.19977116782598567
22648,0.022628983442520324
22649,0.9145606517200129
22650,0.0033811708292326346
22651,0.004937808574986376
22652,0.004467001860059376
22653,0.07801211417457012
22654,0.6413705930883674
22655,0.06489728601372872
22656,0.6229553528727036
22657,0.014724858329139017
22658,0.002035954023267239
22659,0.6923724369828126
22660,0.013529823177246644
22661,0.01877609079443278
22662,0.910871259037217
22663,0.16315408756466954
22664,0.003282435828504524
22665,0.017629197971130574
22666,0.004216177620169336
22667,0.054536421210062594
22668,0.058994945425837164
22669,0.04033234574539448
22670,0.0048489672903360695
22671,0.022116213868327735
22672,0.16173191765468595
22673,0.017943017627234156
22674,0.02718015880853547
22675,0.09523038212787102
22676,0.00933570098649345
22677,0.9054242795843418
22678,0.006807192263285744
22679,0.052511488805868034
22680,0.12089353393007178
22681,0.0006274373105070785
22682,0.23909299668635708
22683,0.002630726701908768
22684,0.009313151756741486
22685,0.15597969945929738
22686,0.6838941020473939
22687,0.13814538649496405
22688,0.029938443911259154
22689,0.15216173616558265
22690,0.03299141908119809
22691,0.016260166868586102
22692,0.9760552500053808
22693,0.5239340237263954
22694,0.8314705078516575
22695,0.6999565954603847
22696,0.5337810094141487
22697,0.04578322192942904
22698,0.004120381507067367
22699,0.011935017725209796
22700,0.005410597012689928
22701,0.26976151804310045
22702,0.0017146927651802556
22703,0.06249703241964826
22704,0.002199306148843696
22705,0.038818161344711964
22706,0.14151441083473057
22707,0.09099732890072024
22708,0.03463535111317606
22709,0.01660516848462939
22710,0.7982717552377776
22711,0.09355150761183116
22712,0.0005112551099195874
22713,0.5090778839956415
22714,0.03951737412945903
22715,0.1264337136453081
22716,0.005266756640321919
22717,0.08755061143252625
22718,0.06135711986683232
22719,0.06917211078984416
22720,0.05258849391084944
22721,0.03661878901427609
22722,0.09434319341470387
22723,0.03172252239779949
22724,0.40955877640526295
22725,0.030284267329280867
22726,0.2925423617035964
22727,0.014357616032774951
22728,0.025878896705483396
22729,0.001266280985432777
22730,0.01283593169415565
22731,0.29877756989003174
22732,0.04898872790757735
22733,0.6005679345513005
22734,0.007753195577993118
22735,0.0013722564022779844
22736,0.06171036651394691
22737,0.03268821073132351
22738,0.004408908690582537
22739,0.0031509958921735414
22740,0.0022937315521136996
22741,0.0008075350212840303
22742,0.0023893044160764446
22743,0.0017378494892141255
22744,0.019361507621282314
22745,0.002371313951661792
22746,0.01591285042933057
22747,0.013900853912742742
22748,0.3100477102848807
22749,0.4402572340365455
22750,0.022428741727914925
22751,0.0022903394070857893
22752,0.0049346657237679505
22753,0.45328120977551883
22754,0.2078055225906586
22755,0.11229166845897964
22756,0.0024983149475683447
22757,0.013418879456645697
22758,0.7778041058796286
22759,0.10447837124587014
22760,0.0021250526311325487
22761,0.0385508617765277
22762,0.0634925496303928
22763,0.5662642270662848
22764,0.06560891113165662
22765,0.909461852816929
22766,0.19877760401961223
22767,0.057510273865411944
22768,0.05262276271391627
22769,0.0013987205846570127
22770,0.5368930098812446
22771,0.062254262057742586
22772,0.004756623975289247
22773,0.4625937147353753
22774,0.5965551035655797
22775,0.02603876649404094
22776,0.6932478575826827
22777,0.0058642678127807015
22778,0.1334930406834899
22779,0.005264981507970047
22780,0.09724860347972214
22781,0.5257690200944649
22782,0.009469701277404787
22783,0.006913121250242548
22784,0.037378045559871356
22785,0.009126445486466952
22786,0.09975004813073148
22787,0.41392748378818633
22788,0.003691280960765047
22789,0.7846607328367179
22790,0.019465417968932527
22791,0.0015260588534846346
22792,0.12021736015497407
22793,0.009478178410994112
22794,0.0013355360053685286
22795,0.3975311263650347
22796,0.6020645415948165
22797,0.0010442000393306567
22798,0.010111114303633753
22799,0.09903887573403372
22800,0.0458598417081128
22801,0.0011632859647934752
22802,0.1750518979918497
22803,0.0859891687363221
22804,0.039754303225755204
22805,0.007849433834789034
22806,0.01687758781251808
22807,0.013972199205414232
22808,0.07588351794132683
22809,0.07366940330134379
22810,0.04972172450354427
22811,0.013386436121674535
22812,0.0048600638559641906
22813,0.00490064302094571
22814,0.8647405224062362
22815,0.7055745935475136
22816,0.04351679794088004
22817,0.009396599019403824
22818,0.12758168370487113
22819,0.02050804583711428
22820,0.036581424475359246
22821,0.008310149718276438
22822,0.5854516941234549
22823,0.0032752687644097027
22824,0.004938613068702167
22825,0.020464533176885985
22826,0.21055681165990814
22827,0.055864050061074394
22828,0.02526536906561639
22829,0.0887156911428396
22830,0.001628548610082092
22831,0.01124554290324525
22832,0.012066036130606526
22833,0.3946239001407404
22834,0.9328327228671912
22835,0.9357734520258437
22836,0.04613570921813122
22837,0.08600677014932094
22838,0.46243943038778695
22839,0.4801781482083086
22840,0.6636448705505762
22841,0.01740177729053291
22842,0.0041936564960132474
22843,0.012767325127521973
22844,0.037674597904887225
22845,0.573371475902635
22846,0.835937668916772
22847,0.0011859357534884018
22848,0.6616479695061827
22849,0.005751744913884633
22850,0.02507878726230133
22851,0.12893010106983963
22852,0.0014662566507620753
22853,0.7057481508614349
22854,0.10730674306222136
22855,0.014547604418020003
22856,0.004517850721995061
22857,0.51652168112356
22858,0.9156113866613411
22859,0.02029167768338097
22860,0.024510980043155932
22861,0.018087059191887855
22862,0.9940587980642563
22863,0.014312685090270104
22864,0.1414999765845642
22865,0.24741642485907853
22866,0.03748831442955884
22867,0.0005922713165519037
22868,0.026304061659681778
22869,0.8912818023830891
22870,0.004028905892192834
22871,0.018934839472086313
22872,0.01022447492506504
22873,0.0199903282562127
22874,0.09736954572423376
22875,0.3345496350942211
22876,0.43707588043237566
22877,0.9726394630558332
22878,0.016365258177839664
22879,0.04338093296644015
22880,0.9885338917646783
22881,0.13868078245458343
22882,0.3169146661473722
22883,0.08149384971632044
22884,0.030034994225658872
22885,0.8138951018286102
22886,0.06892258397781477
22887,0.10345606567745516
22888,0.08356450540162182
22889,0.0013930998618908055
22890,0.06699334615841804
22891,0.006591519665527978
22892,0.19483797619362084
22893,0.6240899784921349
22894,0.24587389924265848
22895,0.040170371159096135
22896,0.18958052203499084
22897,0.0010711875401589429
22898,0.17694320742899644
22899,0.8665076653548828
22900,0.030720221351621536
22901,0.26343292438428995
22902,0.023396601955439786
22903,0.8426269842313575
22904,0.297919933924623
22905,0.13783481969682188
22906,0.061320616179033206
22907,0.15325572295726148
22908,0.014226043284063293
22909,0.2055370543370579
22910,0.49297995658676
22911,0.05045710449011905
22912,0.04113237811766935
22913,0.002703050788441672
22914,0.008666318713258738
22915,0.05438381076293861
22916,0.044949014531353505
22917,0.005675199866040566
22918,0.006257555783959427
22919,0.9113000635565777
22920,0.008420253462626266
22921,0.9345516122870493
22922,0.4360261819182626
22923,0.10347020303822944
22924,0.01662795717621453
22925,0.02561265105352122
22926,0.01586371719282604
22927,0.013576029963841624
22928,0.027811322633569825
22929,0.022971627739225817
22930,0.029678551188436635
22931,0.011403841170985748
22932,0.053826512462498456
22933,0.8984167032622011
22934,0.005827089855127658
22935,0.015583791653778288
22936,0.8467274173358693
22937,0.05738399461081036
22938,0.04409022727654539
22939,0.0544355225800826
22940,0.051179749497567345
22941,0.9770304808808772
22942,0.0032306693454572056
22943,0.0039019573335265637
22944,0.010660100479043727
22945,0.05625929663294715
22946,0.002424724808733441
22947,0.18607925256726568
22948,0.006089668888428871
22949,0.06607860052021278
22950,0.040948594199810284
22951,0.025858543482371023
22952,0.1297726443360512
22953,0.8869796193798987
22954,0.01137276259393893
22955,0.010559246820433552
22956,0.12419228831387036
22957,0.002988411128766875
22958,0.019604345911359598
22959,0.00571612547746129
22960,0.35999499010185243
22961,0.0025543310142913376
22962,0.300091673460685
22963,0.16854244453455228
22964,0.005135127836332319
22965,0.005572085286413478
22966,0.05277750918037865
22967,0.0024853221334119194
22968,0.9299733641553972
22969,0.008752054540171151
22970,0.0976825153085855
22971,0.052437790748624646
22972,0.003898888121234996
22973,0.013235564495675726
22974,0.29825830220707883
22975,0.055105837783970546
22976,0.004580131304113771
22977,0.0034344324129598133
22978,0.014166506408763187
22979,0.6894588270284914
22980,0.2497897901570418
22981,0.007732747652997858
22982,0.3383899330423788
22983,0.006030620779065465
22984,0.04256977146358333
22985,0.013622675483436182
22986,0.005874963571535187
22987,0.008700619669983109
22988,0.25047962457982587
22989,0.8206434281760536
22990,0.0036428746447211033
22991,0.02043162586149528
22992,0.02787398498716753
22993,0.009133358280793093
22994,0.00545546212498797
22995,0.002543545717093295
22996,0.009103325026499492
22997,0.017906657940619262
22998,0.017325556278319276
22999,0.021955435195757978
23000,0.034138791293336315
23001,0.34083094705873435
23002,0.4316031117170299
23003,0.08022777910964136
23004,0.3532850131420818
23005,0.005690260209387388
23006,0.004421364858268075
23007,0.09857877146927131
23008,0.05673336766951342
23009,0.9951302388278799
23010,0.005570615252332048
23011,0.011349031616714396
23012,0.42174796223749134
23013,0.9546311706476619
23014,0.003639728378190158
23015,0.6097508944384201
23016,0.3758765031872724
23017,0.9591287726550771
23018,0.168324694229232
23019,0.0010235631173443446
23020,0.0012113595661746124
23021,0.9493907911511723
23022,0.005381132638408133
23023,0.1143977595942194
23024,0.9307794003948996
23025,0.08640834888880498
23026,0.5629990390683527
23027,0.06484241346214117
23028,0.05505236064178509
23029,0.2532981193796284
23030,0.048801520591357915
23031,0.19560338414337658
23032,0.2953327992506086
23033,0.1005405521717461
23034,0.004018912218633664
23035,0.013985981521464774
23036,0.06365027562659599
23037,0.1510921680873245
23038,0.002996124327532758
23039,0.07244280703692878
23040,0.984664342649507
23041,0.011913129998212002
23042,0.15231931018179393
23043,0.1408786382062632
23044,0.005150484710000271
23045,0.9984579206910759
23046,0.017428543301470333
23047,0.01280937392485486
23048,0.021718253949202546
23049,0.010962684586637553
23050,0.9989980418061877
23051,0.04910982249168957
23052,0.07710645480793454
23053,0.0036609465120976577
23054,0.003194179876714354
23055,0.5845196928196409
23056,0.05542145901444872
23057,0.6635449520117976
23058,0.06309317579381
23059,0.003555105854535499
23060,0.08297662797259107
23061,0.005724306027548622
23062,0.029737735991390055
23063,0.06648717616698847
23064,0.8738792647341557
23065,0.011046446250481295
23066,0.41166546650791297
23067,0.3068887486004008
23068,0.7910075039811086
23069,0.007175315614940904
23070,0.000718619918104731
23071,0.9091789200290592
23072,0.015556708598043254
23073,0.49359338078417697
23074,0.013555277400366047
23075,0.019028861540102915
23076,0.06282369341511657
23077,0.03832279654067299
23078,0.049792814040624814
23079,0.02785263546870774
23080,0.016932395327460128
23081,0.19984487055599043
23082,0.003849733973885205
23083,0.008198744779082971
23084,0.6216570604447481
23085,0.04662344862576739
23086,0.003915096573049348
23087,0.576870504827117
23088,0.02677551545438578
23089,0.20120439273277094
23090,0.006780812328152697
23091,0.17291160214026824
23092,0.0006981855621560595
23093,0.17532513257824053
23094,0.196827799390747
23095,0.007191287690575108
23096,0.04938170400998496
23097,0.03865213751343201
23098,0.2359256495101964
23099,0.00015961284858978696
23100,0.015035357405386031
23101,0.94975422132957
23102,0.017021748917704544
23103,0.007420749273452009
23104,0.02471164755063077
23105,0.6067817799880217
23106,0.002537594427658536
23107,0.006993083063853288
23108,0.0025102231702494072
23109,0.6800752895795829
23110,0.17856764686728063
23111,0.0014899069977549351
23112,0.1732437079596646
23113,0.028299398237806663
23114,0.002306623089569197
23115,0.35022105756956806
23116,0.0459867275364239
23117,0.9138571333699305
23118,0.006349749850236917
23119,0.009172667595844257
23120,0.002032844621727729
23121,0.014112936795296346
23122,0.0019439062254118223
23123,0.07552002596531522
23124,0.979171370493129
23125,0.12733375202971953
23126,0.10606459034710165
23127,0.00896790154236353
23128,0.03563819590716829
23129,0.908283997031412
23130,0.0075181380694337415
23131,0.040375809599610846
23132,0.020448711481199706
23133,0.4624740383841046
23134,0.4705756754060115
23135,0.6540995811367928
23136,0.11033195735850222
23137,0.1387406316258471
23138,0.26009324674629714
23139,0.0030527625912286187
23140,0.7272707488894965
23141,0.06492363901119837
23142,0.42521826362749826
23143,0.0196673050533613
23144,0.9289078362010393
23145,0.02816353075092713
23146,0.8093935056573148
23147,0.1318141436030761
23148,0.00936789776484787
23149,0.004000535666536594
23150,0.025797886583561566
23151,0.005031139072230683
23152,0.0021987002097592972
23153,0.022902821345989966
23154,0.5743281454852753
23155,0.04985948750618362
23156,0.008445318317438803
23157,0.12751364653613745
23158,0.1310423721729136
23159,0.11834017456112113
23160,0.09807272258358372
23161,0.06433782781117588
23162,0.9865496172849084
23163,0.14862890709129498
23164,0.002797020519952248
23165,0.0076152370992200605
23166,0.9981451416365137
23167,0.11111693847051185
23168,0.37387745624000945
23169,0.15489058433475253
23170,0.016913835204142795
23171,0.5077254558418061
23172,0.37887010670575605
23173,0.039736134138694514
23174,0.0043583726148805
23175,0.0029053559448890573
23176,0.22252118303026425
23177,0.04920391012501922
23178,0.9759108694974459
23179,0.003242840519692682
23180,0.03299519142879199
23181,0.560860568572744
23182,0.4207153907235459
23183,0.8280300872150566
23184,0.13859713772545654
23185,0.025368338870473912
23186,0.010684285300625037
23187,0.9694844194796154
23188,0.008967529562752772
23189,0.05460240938498383
23190,0.05358972019926288
23191,0.051260646442168746
23192,0.17076131670609834
23193,0.003936260178296929
23194,0.0028869492405754166
23195,0.13908756113881965
23196,0.029155567553127044
23197,0.28716484641787937
23198,0.08200061076088944
23199,0.19861583107054853
23200,0.8775031793402486
23201,0.02353076657030383
23202,0.5283668724612082
23203,0.3893812630877677
23204,0.06975090134905348
23205,0.010292724803873369
23206,0.9526156740201835
23207,0.12014969045183713
23208,0.7900577474456612
23209,0.0004048309235972975
23210,0.26417993586109173
23211,0.07590911883248008
23212,0.23103237942863675
23213,0.1626341813547876
23214,0.03943700042943947
23215,0.004829082895520975
23216,0.10122331036298234
23217,0.0931555749255651
23218,0.6889480317856278
23219,0.006289001045764037
23220,0.03202983743251633
23221,0.031772306282101107
23222,0.011491465398772466
23223,0.1327148430597844
23224,0.6616879501226725
23225,0.05465111983049376
23226,0.028587357300782976
23227,0.0020972592677787555
23228,0.013132046503367278
23229,0.0551585609089647
23230,0.07240775714727322
23231,0.060914959757431365
23232,0.004292066570239392
23233,0.013105247502585465
23234,0.004765090419848524
23235,0.2656302548337836
23236,0.2111766507486114
23237,0.08850077113728959
23238,0.013046444978523534
23239,0.11244114532470266
23240,0.7171155314248517
23241,0.004892530261648204
23242,0.03350011844900088
23243,0.316495197851414
23244,0.03495944054224178
23245,0.7999856782858121
23246,0.5844080830462535
23247,0.44199953300573624
23248,0.006247329400452599
23249,0.4109021911803195
23250,0.5834091384448492
23251,0.01406727955505883
23252,0.012282910423285734
23253,0.05914531714679534
23254,0.09838591367247983
23255,0.01670884111138611
23256,0.017183750495387385
23257,0.01022353827394442
23258,0.07012282973793393
23259,0.3435417892871237
23260,0.9404469072094553
23261,0.8958562774478747
23262,0.024636965292940644
23263,0.05014842248805735
23264,0.004587893806542808
23265,0.011088140783555977
23266,0.05898607007567989
23267,0.14073022184534587
23268,0.786651197594836
23269,0.008835534210211925
23270,0.6806992274551953
23271,0.3135847484506255
23272,0.003276955063835731
23273,0.09834863730458505
23274,0.0630717264088684
23275,0.01788877118672091
23276,0.9920265170174581
23277,0.05647863085718711
23278,0.057233013729714545
23279,0.6532575207140995
23280,0.6548501496886218
23281,0.4154942843706415
23282,0.9964421765994317
23283,0.018419121831437745
23284,0.809046035796823
23285,0.001010339896339973
23286,0.001990808772402515
23287,0.012097598443678255
23288,0.019707091479251867
23289,0.04110544799775949
23290,0.0005569056029437232
23291,0.0744946834497312
23292,0.1090655455312516
23293,0.0051239657924922475
23294,0.07098323767185337
23295,0.010759666712395696
23296,0.3111606172454301
23297,0.19760692211840872
23298,0.18956264843323792
23299,0.019108718453866535
23300,0.0059763017300554855
23301,0.7368562558989922
23302,0.5681537240130434
23303,0.5919282960743621
23304,0.8922027385613227
23305,0.3857784052521191
23306,0.47753288655295595
23307,0.00184941815721093
23308,0.8475403532133651
23309,0.10567406869769906
23310,0.001067251242491284
23311,0.3994505083960408
23312,0.20958750500079745
23313,0.005958552900649694
23314,0.35462270912196114
23315,0.010361450872972402
23316,0.6755748197070365
23317,0.5253587014757821
23318,0.027786077742725117
23319,0.457824931754326
23320,0.8005815534741966
23321,0.06857527298500804
23322,0.5713224702904127
23323,0.005764388329540498
23324,0.11185672318067752
23325,0.005720072018681083
23326,0.009882223629820785
23327,0.00436013905615603
23328,0.9955451611930685
23329,0.17847887872237328
23330,0.026882301573784274
23331,0.0019331391466896055
23332,0.1972117128365925
23333,0.10526035087634286
23334,0.029736960141454237
23335,0.14060466138501504
23336,0.006855583606273063
23337,0.08950393798919702
23338,0.7547731997376621
23339,0.823449297234079
23340,0.4258377525899653
23341,0.0784216735340859
23342,0.005623357111133318
23343,0.06524917130758036
23344,0.04522759021091619
23345,0.3037167387539708
23346,0.5056566878390197
23347,0.09345178082950377
23348,0.01897937785143442
23349,0.009121915482124666
23350,0.2930762734890175
23351,0.9448680408620344
23352,0.009749942284527403
23353,0.05139299811884689
23354,0.2217006287997424
23355,0.7323909732409372
23356,0.03012647656627647
23357,0.16300826799658202
23358,0.950947055446036
23359,0.03887795450401032
23360,0.02898693495116962
23361,0.006434591857315216
23362,0.06560875880483459
23363,0.07857130124458457
23364,0.37450593841964774
23365,0.49458132210866956
23366,0.008540538361540789
23367,0.0010388668575751858
23368,0.12492471057012243
23369,0.0633462057395759
23370,0.09043877951061671
23371,0.1848947388560914
23372,0.018069362188794864
23373,0.010788282189991609
23374,0.012188764565707617
23375,0.007988344875457042
23376,0.9782043071874374
23377,0.005237146641210014
23378,0.9999999999983826
23379,0.6715945286742608
23380,0.003216443735099203
23381,0.27776128912212805
23382,0.011651413938765386
23383,0.7003925254020449
23384,0.004411814283927696
23385,0.12396798954418566
23386,0.08834813949641793
23387,0.26790740531680796
23388,0.6940540865047613
23389,0.6039160703035089
23390,0.9821256800809639
23391,0.017105674662824605
23392,0.0026897632325470293
23393,0.0747169144102559
23394,0.05486158933284772
23395,0.006291870096531901
23396,0.30874757521742574
23397,0.7002409514307308
23398,0.015891819123167922
23399,0.12090940973355924
23400,0.11187543730283865
23401,0.012222864511233219
23402,0.04110916752550006
23403,0.28618579660296567
23404,0.03467072738849664
23405,0.4439802556749315
23406,0.961971269565215
23407,0.010179812191276175
23408,0.09218642734693361
23409,0.17871803986368343
23410,0.028634398036583762
23411,0.13027346963813588
23412,0.07817995647617525
23413,0.0383736607380277
23414,0.03419576736798626
23415,0.0019488782772685142
23416,0.005167232182641973
23417,0.014262430352398138
23418,0.02642834952525929
23419,0.002470897977303214
23420,0.006471254829240681
23421,0.5440844822038742
23422,0.4174963233576703
23423,0.026708987923809453
23424,0.009210234256729828
23425,0.12342845144942026
23426,0.05106961402513328
23427,0.007559080706452985
23428,0.042200737964712014
23429,0.011891925047428567
23430,0.0950319341897779
23431,0.7189159075618881
23432,0.0022948726649791983
23433,0.541137898910625
23434,0.015928758804090913
23435,0.006707581343114331
23436,0.6810788134957799
23437,0.2064118301136309
23438,0.2532941670029277
23439,0.23794938084565728
23440,0.3239936045580598
23441,0.005425744204418775
23442,0.30023119808226484
23443,0.05113447996899486
23444,0.08917793120993771
23445,0.020890145688600457
23446,0.056422354950075776
23447,0.008588675379601887
23448,0.24505683141101214
23449,0.38007533615156885
23450,0.02460547619471678
23451,0.0023824539105357476
23452,0.010124417921849921
23453,0.9216851272097606
23454,0.9865053065863802
23455,0.007357388958972211
23456,0.0054802449388425736
23457,0.9859728855739149
23458,0.31137544584685733
23459,0.12051989637407247
23460,0.05470013834686399
23461,0.13102753976636047
23462,0.0101664472230351
23463,0.3894957286718081
23464,0.004772542596191654
23465,0.3559438839887874
23466,0.4129621448195667
23467,0.006884061138906798
23468,0.11585752138469817
23469,0.0792659096674265
23470,0.0574327516926963
23471,0.04200502653977497
23472,0.49253376040147406
23473,0.8038135420642196
23474,0.039554118609203645
23475,0.0011816676117464904
23476,0.7221269614055419
23477,0.14820758409921056
23478,0.030003082491940482
23479,0.19305246928208783
23480,0.010322369993827329
23481,0.08964603414944808
23482,0.02330022848695378
23483,0.0013529605306932208
23484,0.8939545987349661
23485,0.014646984715986846
23486,0.007672433171141819
23487,0.0014732307422281256
23488,0.001985221503570858
23489,0.03108476798687433
23490,0.19619417061519426
23491,0.0026679834805933386
23492,0.5839523486558053
23493,0.0028225987725668446
23494,0.0193661907672421
23495,0.0804052975741215
23496,0.04538057494837669
23497,0.60068146568981
23498,0.04523180639583082
23499,0.018606010313511515
23500,0.01098583941537329
23501,0.019277285804491447
23502,0.019229375667716216
23503,0.03813258077884147
23504,0.788840995977705
23505,0.01032395908538344
23506,0.013642241015719328
23507,0.05725536802533211
23508,0.07908945003263743
23509,0.03199775641870216
23510,0.01457574696131635
23511,0.5499275378840172
23512,0.7739293648476224
23513,0.010998139320828035
23514,0.9940350409766517
23515,0.3213418970599945
23516,0.005458537923721796
23517,0.015554419898967718
23518,0.008047360110534342
23519,0.012419172980304451
23520,0.25806186181893664
23521,0.8531159955203329
23522,0.03514476597561945
23523,0.06338136070197391
23524,0.0024110986228589397
23525,0.6718355103491916
23526,0.7940208576244183
23527,0.03584216617772298
23528,0.1444912176266863
23529,0.0557553650678854
23530,0.7921123644400524
23531,0.22737547990518042
23532,0.13429407113473965
23533,0.11881111911031152
23534,0.010284015456799672
23535,0.05735749515947941
23536,0.015328263723600064
23537,0.005085790539476495
23538,0.47933262544670663
23539,0.0011214359948026977
23540,0.29454725439063995
23541,0.011020594245200115
23542,0.007838885366701173
23543,0.011523176246081391
23544,0.005261284527467734
23545,0.1222973486571721
23546,0.4407560425224229
23547,0.004984077104841693
23548,0.07080008765654786
23549,0.036436006672866825
23550,0.18493481605486703
23551,0.011327567736380776
23552,0.009816584467652862
23553,0.7913366596482041
23554,0.006260186005327095
23555,0.9953115960473854
23556,0.017916420509912077
23557,0.14445914119927433
23558,0.002729585091665851
23559,0.032972683299469924
23560,0.03611730298927442
23561,0.973884381736501
23562,0.0028402901252572803
23563,0.2685221649499547
23564,0.027596863720701918
23565,0.4660865359119441
23566,0.0676713346664685
23567,0.5384961282042353
23568,0.07658638900515438
23569,0.6502020512949178
23570,0.9580503029011884
23571,0.9233107673200311
23572,0.011122908073460787
23573,0.0047491493894170215
23574,0.006286690388684233
23575,0.012142664962757364
23576,0.01739734761490104
23577,0.00396979449419017
23578,0.0035304320594665307
23579,0.6335564917710822
23580,0.49244021062262583
23581,0.03023848997499914
23582,0.0021682606739112176
23583,0.0026706332389603415
23584,0.008080146522344652
23585,0.0056359293586511405
23586,0.04608183091463374
23587,0.0019719899363334075
23588,0.0028267541134736683
23589,0.32471491894714977
23590,0.0022256661530194086
23591,0.05304688119007465
23592,0.02951801729024041
23593,0.005734665339167282
23594,0.048419296373880996
23595,0.9372401273241041
23596,0.19174266504220583
23597,0.9795688604978569
23598,0.2743087084130341
23599,0.006573732668616278
23600,0.07879794341376786
23601,0.07175485772156742
23602,0.030749055334763863
23603,0.02722583379187874
23604,0.05794144424213181
23605,0.007718709483268552
23606,0.6627374829428899
23607,0.897413608534871
23608,0.03831044963563898
23609,0.06578600700543434
23610,0.04184265813650573
23611,0.024013595796045718
23612,0.09298017126986757
23613,0.4202028742131286
23614,0.0006682356306035095
23615,0.9025845850543851
23616,0.17898230166213838
23617,0.002337314107374341
23618,0.8995361451833932
23619,0.027656509206201132
23620,0.03624920483544388
23621,0.23619395427444337
23622,0.07108947889916362
23623,0.026614175327445803
23624,0.09699301279846408
23625,0.992943947013911
23626,0.009890569525713152
23627,0.0016557878531472299
23628,0.01500214180289241
23629,0.005738502467763492
23630,0.05305965819599578
23631,0.9928111741635716
23632,0.056309678117622095
23633,0.7280050255667966
23634,0.019292242900234846
23635,0.04604953836885994
23636,0.06358664199397683
23637,0.0008023387468074103
23638,0.15320165498792043
23639,0.010508907672139415
23640,0.0003292869300333943
23641,0.0012355114935217975
23642,0.0858970178885954
23643,0.06318549522684917
23644,0.03606839719402803
23645,0.0018734886916740147
23646,0.5791287050938693
23647,0.0002887226283485286
23648,0.32105620654740025
23649,0.09294549060414534
23650,0.8863150983364833
23651,0.04596915832838421
23652,0.03533615237620483
23653,0.917202332317193
23654,0.02201183996181128
23655,0.6268267571437
23656,0.0978324657427592
23657,0.1082574750516172
23658,0.6968126976329215
23659,0.05314314647487296
23660,0.06627683611898147
23661,0.09662195285245395
23662,0.17103355129489825
23663,0.008518860279339206
23664,0.9565594908510285
23665,0.005569597550348814
23666,0.05033805423473577
23667,0.09695572083617864
23668,0.004802613783951786
23669,0.8377468361926237
23670,0.055858543413493056
23671,0.05568026619431239
23672,0.01642548158961787
23673,0.0114536743646655
23674,0.916029680900492
23675,0.06405674173773582
23676,0.003051787596983736
23677,0.06894690766728649
23678,0.8869182038509176
23679,0.12886814926404871
23680,0.08703258893598895
23681,0.3559665862035158
23682,0.004095444888419798
23683,0.15874781022928938
23684,0.003072538700690081
23685,0.34415225757613754
23686,0.04270071275567838
23687,0.9152192578268067
23688,0.00375453826344938
23689,0.15750054664937707
23690,0.09199078267882198
23691,0.3488245775457241
23692,0.000689215676179518
23693,0.9958663241766845
23694,0.9584317250536052
23695,0.002624197435685664
23696,0.287535588758194
23697,0.0045047270460701885
23698,0.577761504618298
23699,0.05219734798089118
23700,0.05836610167448909
23701,0.02111604158071881
23702,0.5431813950031956
23703,0.020632518574947457
23704,0.39216922221520156
23705,0.021730270825280174
23706,0.011406989186639738
23707,0.011745089383305181
23708,0.18118512904361472
23709,0.10279599309911099
23710,0.006695809642495389
23711,0.03167535075055668
23712,0.000929430269356206
23713,0.1470119352873079
23714,0.780728626560999
23715,0.9907707101726004
23716,0.15462897834633016
23717,0.14599752407315555
23718,0.006511564430710592
23719,0.013646886535232204
23720,0.18749207456569986
23721,0.0014576850107949093
23722,0.009674529534926217
23723,0.9986286490833287
23724,0.05070860498055019
23725,0.00222535490029677
23726,0.010835087638874637
23727,0.023599180340631687
23728,0.5213322650619674
23729,0.002294524705253891
23730,0.9606149753019795
23731,0.017612654482636915
23732,0.00891014405905909
23733,0.004830066150815447
23734,0.9423109039259302
23735,0.06715496015422344
23736,0.011659115300285393
23737,0.02486742787421081
23738,0.06995241961421748
23739,0.1598464581066106
23740,0.09049966608730324
23741,0.531673212335384
23742,0.24582034437244488
23743,0.04409197461731187
23744,0.08929830982685692
23745,0.9552647115757864
23746,0.06700130428326559
23747,0.03478758584019139
23748,0.9187149201835875
23749,0.30004019935408
23750,0.23060575275834178
23751,0.015742131765143493
23752,0.9721919506873983
23753,0.017408542429415932
23754,0.01068083124525953
23755,0.1594776209181551
23756,0.01813519715355978
23757,0.3065184711356057
23758,0.004613120058742068
23759,0.5395111149691169
23760,0.012224234173992127
23761,0.006732629091230403
23762,0.008228348808068057
23763,0.9179048045777971
23764,0.003913485668777362
23765,0.015410615014277174
23766,0.023205089555955804
23767,0.04133996386963202
23768,0.8887721247262534
23769,0.060041753637512706
23770,0.04486071217162176
23771,0.012650289512935205
23772,0.1954626175972281
23773,0.0035674212434343776
23774,0.0890844762083706
23775,0.5286406708104654
23776,0.010963871828467123
23777,0.021470745714142824
23778,0.9277979243385998
23779,0.1679459403929032
23780,0.9326088951221537
23781,0.025199601342739342
23782,0.045830644336775875
23783,0.009901798019997233
23784,0.0056131747629591475
23785,0.000204793140152136
23786,0.5267538566465715
23787,0.331727310987773
23788,0.019291224459001607
23789,0.33663978779748305
23790,0.5858930030983018
23791,0.0017628374895568711
23792,0.008867927747481184
23793,0.00552871127299439
23794,0.0022271985158593592
23795,0.0013112629980156119
23796,0.0031576673221797346
23797,0.8517130464178239
23798,0.001941386971635326
23799,0.4106192912824792
23800,0.2110046393277912
23801,0.07006148418324872
23802,0.28103032725487326
23803,0.37562641245101797
23804,0.05845646641271905
23805,0.7612419069230073
23806,0.6062531811788172
23807,0.30198106388786966
23808,0.034203335364008665
23809,0.6106184586535786
23810,0.005506605896721428
23811,0.45781431078322393
23812,0.9249455503148147
23813,0.07251263063543845
23814,0.0053333117986386945
23815,0.008190356154276336
23816,0.020041258628295644
23817,0.8399754563953509
23818,0.0034027042674140743
23819,0.593850023259886
23820,0.004169567761084129
23821,0.013762174122243242
23822,0.015224411067285542
23823,0.0391348412352943
23824,0.010779973220991427
23825,0.027876151502927108
23826,0.5828907070479099
23827,0.3540683230021805
23828,0.007125296612283855
23829,0.09150669018616862
23830,0.008303250764348572
23831,0.29873193744684823
23832,0.618899333189055
23833,0.007985214135523314
23834,0.003942304584222208
23835,0.018720414490129258
23836,0.0028111158963652276
23837,0.19199841720297242
23838,0.006944205562394043
23839,0.012010369053255369
23840,0.3520310532662522
23841,0.8648416719969642
23842,0.34967410280625877
23843,0.03132007930940881
23844,0.22076373569341373
23845,0.32749470586945056
23846,0.0027140252100905943
23847,0.006112564121673377
23848,0.015081337203776713
23849,0.9311039321033284
23850,0.011778681811467833
23851,0.5848691626954744
23852,0.0016238338572959385
23853,0.00974564586372759
23854,0.5401229303555339
23855,0.015345001185972904
23856,0.3064687442434903
23857,0.2787866009339771
23858,0.2815790307437412
23859,0.004542331738633853
23860,0.04717857484964999
23861,0.01698940542208414
23862,0.003384307687816402
23863,0.007818819591444584
23864,0.006039803388973094
23865,0.08544254212405678
23866,0.0640755698216479
23867,0.9458499083390383
23868,0.3225820369520364
23869,0.0511737210008145
23870,0.009903031035731374
23871,0.3176847310473975
23872,0.1801518275428253
23873,0.028547366405430305
23874,0.8682834970617279
23875,0.003120333157685678
23876,0.06819939181856892
23877,0.06397841873331996
23878,0.9681251989288578
23879,0.010564993499193152
23880,0.007941206997987654
23881,0.9203886981779106
23882,0.7896066036683195
23883,0.12185623676483354
23884,0.012454226515020716
23885,0.9864416442172288
23886,0.010874978937870101
23887,0.005146200797650261
23888,0.16362002952325913
23889,0.5370383285746356
23890,0.004980250767345307
23891,0.017609495793137763
23892,0.27118231886348787
23893,0.003604553534879922
23894,0.07135198618258905
23895,0.0016932101286172801
23896,0.164228598593174
23897,0.24945428567348585
23898,0.017712766728402784
23899,0.045239669730626736
23900,0.03736879844943841
23901,0.03366293948306648
23902,0.022474695197918188
23903,0.014417246830028718
23904,0.07131637591679976
23905,0.010063646205680924
23906,0.0020744188573977407
23907,0.0571186774149571
23908,0.006727760863737206
23909,0.011226757678799099
23910,0.010273041838389138
23911,0.011627685890133915
23912,0.35335084403110584
23913,0.017217418205384572
23914,0.016360256611432294
23915,0.0033400819819609144
23916,0.5279489806989832
23917,0.00857181634028222
23918,0.6802952992329514
23919,0.016042288159803228
23920,0.6031417491890704
23921,0.015799777334304075
23922,0.06542328926026085
23923,0.8602536322460481
23924,0.012504327932628869
23925,0.9854084549204732
23926,0.0011554507972170649
23927,0.5727510077918587
23928,0.0938131114467171
23929,0.5808557270683771
23930,0.003597684865692595
23931,0.00943867931124235
23932,0.29476122639843166
23933,0.11621372569068178
23934,0.10198009325098376
23935,0.01488576148787995
23936,0.07835694538851264
23937,0.018440059799326305
23938,0.02905766464993211
23939,0.20198752932695077
23940,0.18323453672679751
23941,0.9229043787746641
23942,0.02816304869748685
23943,0.005902175189478743
23944,0.12493364683727894
23945,0.10898850165239377
23946,0.00933512750857072
23947,0.02627288223638151
23948,0.3281787719677331
23949,0.02573434095858466
23950,0.009526014057009476
23951,0.0043216154565580474
23952,0.046649999909819544
23953,0.009335060418075962
23954,0.04507951899473726
23955,0.0425142648935587
23956,0.04123891956542996
23957,0.006983773338549578
23958,0.6976958212018916
23959,0.0018793626072636732
23960,0.27804393881834844
23961,0.23594773618899634
23962,0.0019569993755630594
23963,0.5037967196978926
23964,0.16858678174436112
23965,0.005036248246976396
23966,0.007803813503571361
23967,0.007341410850595627
23968,0.043054157140408104
23969,0.13860329095995064
23970,0.8534567425711036
23971,0.005869856514696261
23972,0.011784419221401205
23973,0.011346623534865857
23974,0.12273730970846075
23975,0.9640155558359094
23976,0.001215463048654556
23977,0.9728297389456946
23978,0.0017762527009583069
23979,0.5900131863981495
23980,0.7127859821613141
23981,0.0058419401438318105
23982,0.034781892446955426
23983,0.9869756886898252
23984,0.0392739709477543
23985,0.016172302037947558
23986,0.0775278348006918
23987,0.3836492768180843
23988,0.016084457512530095
23989,0.2150473667548174
23990,0.14027315698874923
23991,0.5056501354112851
23992,0.05200694325905554
23993,0.007378436823653911
23994,0.7213548260093676
23995,0.027402999245567123
23996,0.17459844707256209
23997,0.055349353112156316
23998,0.9756584145002439
23999,0.05717215282957283
24000,0.00934069511895606
24001,0.022375695385999542
24002,0.04295625718950165
24003,0.02493068294275487
24004,0.36281153250109144
24005,0.703288621598231
24006,0.32448196834499626
24007,0.0009567028456584477
24008,0.03864399280702511
24009,0.004188246297067607
24010,0.006086166516322256
24011,0.004875641298868617
24012,0.005591810213465375
24013,0.328065262948288
24014,0.9156375158837535
24015,0.625148554852961
24016,0.005961080271200338
24017,0.7524147276841942
24018,0.010903577069614978
24019,0.015850607741957352
24020,0.03154935746430701
24021,0.04461819891870238
24022,0.01799341975200865
24023,0.9633008863601259
24024,0.7101619636633724
24025,0.02946461643025701
24026,0.010803996754142238
24027,0.02379992121193488
24028,0.014272243652163443
24029,0.3079085753605359
24030,0.0007163185386530366
24031,0.0025919290462441155
24032,0.1965518378354394
24033,0.010252313936882694
24034,0.04482326889882904
24035,0.00382303898805873
24036,0.15831930730013233
24037,0.01701212281020136
24038,0.2096450340392172
24039,0.8886200759385852
24040,0.0018658285173998898
24041,0.9488492370783693
24042,0.5003489376504617
24043,0.19860006518756557
24044,0.5312927263414259
24045,0.9872101114499802
24046,0.421677613576735
24047,0.009020677369557556
24048,0.09932045214698146
24049,0.058608765263486816
24050,0.10711099812173287
24051,0.01683707927450473
24052,0.035462682759508354
24053,0.08858366864385375
24054,0.01002518399760519
24055,0.2825820724134194
24056,0.05925541985411292
24057,0.061620442220866455
24058,0.2084675813188756
24059,0.9269731443831842
24060,0.8270586593324207
24061,0.0051578955975384744
24062,0.016762959680485794
24063,0.19871296578412723
24064,0.08080800512346253
24065,0.013444126526693674
24066,0.025252420600064752
24067,0.0004077008904288322
24068,0.01974902556501868
24069,0.01102849681013732
24070,0.09479069803237197
24071,0.2806973531922727
24072,0.09106320623172065
24073,0.622045143590815
24074,0.050513494694120344
24075,0.9507582095434818
24076,0.016849595003523933
24077,0.14791424779501633
24078,0.005109078851788159
24079,0.8192925332448768
24080,0.052144093255864006
24081,0.0004691122503625917
24082,0.491973111890331
24083,0.8777231779219357
24084,0.021259521572363847
24085,0.40484732780000354
24086,0.005655340516973546
24087,0.046788147872133326
24088,0.15282701528531692
24089,0.5916355986200093
24090,0.12044337110712214
24091,0.17994487605274115
24092,0.021824763081653244
24093,0.05161843991681646
24094,0.08809532865485564
24095,0.0009251418240128068
24096,0.40167623662186985
24097,0.21196158983231692
24098,0.4684352358586962
24099,0.3569111850850105
24100,0.006695905912235536
24101,0.07686854384282049
24102,0.009891006464722775
24103,0.9981108217284705
24104,0.02170172991515232
24105,0.23972611039513195
24106,0.004319263563338059
24107,0.004291966079145578
24108,0.005201297332029991
24109,0.9061456467335598
24110,0.9452623165822024
24111,0.995004856707488
24112,0.5793477262351396
24113,0.017865198754608277
24114,0.018685139262720012
24115,0.010266468476802208
24116,0.9784118414583524
24117,0.18809563455626804
24118,0.0707726575027863
24119,0.16866766978866443
24120,0.05097944290269823
24121,0.14492215676112305
24122,0.005179177895873697
24123,0.011362247448984364
24124,0.3511240199291492
24125,0.0017054123774812165
24126,0.02608739955574329
24127,0.0021024992888358453
24128,0.007300821969627207
24129,0.005405018343689581
24130,0.07467562296944297
24131,0.05260913798498806
24132,0.0022537171200078536
24133,0.0038659152492072093
24134,0.9682179377954615
24135,0.8048246999498876
24136,0.16725188659105444
24137,0.008969894255438935
24138,0.03833344186659428
24139,0.003083778925241261
24140,0.002521893013157269
24141,0.8970337200222449
24142,0.15620859971529816
24143,0.9616872294808597
24144,0.5635855407935432
24145,0.02260870731974083
24146,0.20386507908125603
24147,0.035196465049270986
24148,0.06359119631959208
24149,0.03214455716009966
24150,0.12790374284217165
24151,0.540293509611085
24152,0.8085781240248457
24153,0.044709194185013956
24154,0.4048148250439948
24155,0.08460599434359017
24156,0.1174952267815139
24157,0.06679297175221795
24158,0.3602479483466839
24159,0.0685492811188625
24160,0.05948545176671414
24161,0.9795082858896443
24162,0.00018972911051824308
24163,0.11495273422292321
24164,0.044324141696662836
24165,0.02169033786241047
24166,0.04049784819799254
24167,0.8886150535671793
24168,0.03822960571163961
24169,0.0014614180947961836
24170,0.01355302241604882
24171,0.006845374149376939
24172,0.0428422248116329
24173,0.00359618077036668
24174,0.9129877929016247
24175,0.060128601193942935
24176,0.037973039894221815
24177,0.14980854023630735
24178,0.9547090308350532
24179,0.06402311711917265
24180,0.19965825098672332
24181,0.23433997443204255
24182,0.002730387474029933
24183,0.016737752182904863
24184,0.42212018295119674
24185,0.8929621771043522
24186,0.01861703296138871
24187,0.028725392529945912
24188,0.010600014640260731
24189,0.10484902540640018
24190,0.1808170620577119
24191,0.009518218756320905
24192,0.9819902049746986
24193,0.0030162693686219444
24194,0.006100824984214713
24195,0.00758543477489094
24196,0.0831907046079972
24197,0.3681668964568806
24198,0.009965847918302666
24199,0.7881375709278784
24200,0.08781381871807907
24201,0.012811986526181247
24202,0.052771148383072036
24203,0.5275418225104784
24204,0.030545381234396228
24205,0.017914732235414947
24206,0.19752268926180777
24207,0.09972975520261945
24208,0.030499739603424166
24209,0.10266522804681671
24210,0.05019014361145534
24211,0.09842736597294682
24212,0.001758054298588805
24213,0.19353589536146912
24214,0.0160646530513247
24215,0.6119079110809946
24216,0.10638518257109003
24217,0.012862068145564938
24218,0.038244190266236724
24219,0.5244643464038529
24220,0.013669057505738562
24221,0.3089198589783115
24222,0.020855950000465855
24223,0.018643904614413443
24224,0.31704058903376064
24225,0.17166901816578517
24226,0.17104569233087838
24227,0.029775983806344598
24228,0.00837273187391237
24229,0.06925857367583536
24230,0.7107914310329897
24231,0.0031399667506647557
24232,0.016744555127253466
24233,0.010369326470121228
24234,0.009279289202144247
24235,0.19681259338589785
24236,0.8308371507815006
24237,0.0885825023347801
24238,0.050102737985392255
24239,0.41748955549047273
24240,0.03966399164112053
24241,0.45365969470957507
24242,0.0004920849348620287
24243,0.40239374650540033
24244,0.047962134597508754
24245,0.01550239649949322
24246,0.052519309977860855
24247,0.03836019649651327
24248,0.0015962075436689606
24249,0.001278110573790821
24250,0.013963792758477684
24251,0.0006208082463312736
24252,0.0036737848264462615
24253,0.13051786791013673
24254,0.8255657481051617
24255,0.02046511873911943
24256,0.007200799783544499
24257,0.03971262481574835
24258,0.17729584294289513
24259,0.2423462638485948
24260,0.010901225178603808
24261,0.05153243509429892
24262,0.01075653688633596
24263,0.13822854853768277
24264,0.006725077932787621
24265,0.10034777739501496
24266,0.002824269760070194
24267,0.07151756055146061
24268,0.02183681957415804
24269,0.06664518328889293
24270,0.8759799680808774
24271,0.0070114008578682045
24272,0.016010433016566673
24273,0.009284818180849221
24274,0.05440254772085174
24275,0.8761115429256476
24276,0.05706630836843501
24277,0.1454478008340411
24278,0.04177821484936347
24279,0.011363362185357257
24280,0.18650252354175328
24281,0.02430146189776489
24282,0.5482793182339591
24283,0.03402359149086488
24284,0.014274452848877132
24285,0.004638278761411722
24286,0.181851090877926
24287,0.30920999706284596
24288,0.5144079672227528
24289,0.05309501234023261
24290,0.22092562551745823
24291,0.03392035560441814
24292,0.058235752876866415
24293,0.04067441292304064
24294,0.2187668522865717
24295,0.017112420404028803
24296,0.014586042581199237
24297,0.019432039116143086
24298,0.47594890027502246
24299,0.2439813168216811
24300,0.029581618064431138
24301,0.0635317199054731
24302,0.012425908232223573
24303,0.005367052992653562
24304,0.0012852029218257234
24305,0.05320069740182324
24306,0.004779563887572886
24307,0.8668187391173062
24308,0.6430078965652157
24309,0.023148607633142155
24310,0.03171019018583448
24311,0.04781594167067155
24312,0.006904699917023387
24313,0.006266686933762781
24314,0.008191729223309005
24315,0.03224333818986198
24316,0.053022099309753004
24317,0.19037410514144518
24318,0.7128048325278035
24319,0.7924669162498492
24320,0.00033181287575927626
24321,0.028414420884759775
24322,0.1261464266351828
24323,0.031511368708042706
24324,0.007535184349914274
24325,0.9557060367218342
24326,0.9969678759077044
24327,0.02229235568630236
24328,0.001780981990529697
24329,0.0043974266189203024
24330,0.42057949660110217
24331,0.0060455187434150445
24332,0.004508715864956375
24333,0.0644204814240567
24334,0.357186748742535
24335,0.16225897485257496
24336,0.9981476993881708
24337,0.23516963443499506
24338,0.10317325936965778
24339,0.7480613096406658
24340,0.04758701478047003
24341,0.16219046163620637
24342,0.2004409127217604
24343,0.00657881427982621
24344,0.0010973856412256088
24345,0.17921008509012884
24346,0.034010255867546274
24347,0.0958117583379129
24348,0.02123606642735463
24349,0.8824740952238046
24350,0.07797526553883186
24351,0.009947043382489652
24352,0.29009292643727724
24353,0.0057824848329872825
24354,0.00569748291435563
24355,0.01465230187046288
24356,0.007417641276804178
24357,0.05570825072183583
24358,0.01788009288072791
24359,0.015585662687929191
24360,0.0044888377091121005
24361,0.37410968436490527
24362,0.00564752034268185
24363,0.9642549986152731
24364,0.1448839231926374
24365,0.027801515753096036
24366,0.008622326873196428
24367,0.142476513580395
24368,0.07643136697953953
24369,0.005467566038495782
24370,0.0029764602569521056
24371,0.13260510450597013
24372,0.006927850099357938
24373,0.9172976210021353
24374,0.2621845500223628
24375,0.8785252265562594
24376,0.1556632149083863
24377,0.03309454455244458
24378,0.00013429339033889652
24379,0.5901934608243088
24380,0.9341953475236631
24381,0.9835627194571669
24382,0.0038062771593292423
24383,0.1500335587137079
24384,0.5836681094674998
24385,0.04136685090752352
24386,0.1702155403647437
24387,0.8183973253975901
24388,0.0014383071325598771
24389,0.029087357983220152
24390,0.08835161501946123
24391,0.6074637450738292
24392,0.07835695633102474
24393,0.060804582699022815
24394,0.046041214019289116
24395,0.06261879016501952
24396,0.9213377784828911
24397,0.03217101807488587
24398,0.008705767553882528
24399,0.0030214710996452876
24400,0.01066844483706752
24401,0.019048871820102717
24402,0.024181916635340098
24403,0.9679831207663278
24404,0.0016855511516951566
24405,0.10983504053748826
24406,0.0014515822476844947
24407,0.29892640472254095
24408,0.7952710617741983
24409,0.0043427651996654545
24410,0.6955684628809703
24411,0.003079441252910243
24412,0.05593938812558035
24413,0.006146357470338353
24414,0.055417349057144454
24415,0.0020862913267946713
24416,0.001199520577248049
24417,0.00904528966215425
24418,0.7583331708473114
24419,0.00409717264829533
24420,0.007296788672661482
24421,0.003055193409534073
24422,0.7152334737949644
24423,0.0011122229329767065
24424,0.013012009716102163
24425,0.040003511626872476
24426,0.1473794540340339
24427,0.01136334099513767
24428,0.16337003370212372
24429,0.7487971551775043
24430,0.027506379483889523
24431,0.033908626913268125
24432,0.004515100575949242
24433,0.06557825817766616
24434,0.002716671761069125
24435,0.25449438354539683
24436,0.2151079066677104
24437,0.694699893324378
24438,0.0003472560308716661
24439,0.014127723680455728
24440,0.007559319313519044
24441,0.016081994671935926
24442,0.015551833499775566
24443,0.45397955095705383
24444,0.28952196783180645
24445,0.9367185980629947
24446,0.09615330034583947
24447,0.4305716251365789
24448,0.0017952044740281398
24449,0.36665480278178736
24450,0.001265599238342025
24451,0.030861086529293723
24452,0.6276261064453421
24453,0.29382064139205827
24454,0.08547301250944467
24455,0.046149494049949454
24456,0.0736193696922337
24457,0.11413826545022988
24458,0.012508385064419822
24459,0.11753128949717802
24460,0.004295043130998751
24461,0.002647725480847643
24462,0.7418351401081326
24463,0.007667123093044772
24464,0.20669027038775825
24465,0.7420493950514637
24466,0.8792186312943443
24467,0.07319141747782142
24468,0.0006783927156580096
24469,0.0028990554966352067
24470,0.03705137500684114
24471,0.9987035702194376
24472,0.07391005950614626
24473,0.8555458548732399
24474,0.014185348617841388
24475,0.0035293184523941877
24476,0.012496213999094261
24477,0.04365393916133632
24478,0.2735074005570049
24479,0.016522470414520537
24480,0.024180652599601817
24481,0.007481534690379296
24482,0.520996603217886
24483,0.13854929556511358
24484,0.0867121664898229
24485,0.010560032844852626
24486,0.024507617746766405
24487,0.19298977599025205
24488,0.3556111590298013
24489,0.02022358272791659
24490,0.023350608871899152
24491,0.6615108843988842
24492,0.1258305603788653
24493,0.00779246982768934
24494,0.14682184706566745
24495,0.03071064928459452
24496,0.002413980516851307
24497,0.057233816305924126
24498,0.15980730296666765
24499,0.007243453486950184
24500,0.000490682705141702
24501,0.21478078191283786
24502,0.054080991343385336
24503,0.0033101998469142256
24504,0.00246176530190375
24505,0.0033438300456676657
24506,0.015856969001809405
24507,0.0008668380732310764
24508,0.0017358134436221383
24509,0.06543881197784773
24510,0.054383186275474685
24511,0.3527929298389966
24512,0.08281725356895625
24513,0.00386451670600117
24514,0.7187826890267662
24515,0.021223795031620096
24516,0.022970260980142466
24517,0.0034891003827659996
24518,0.9640144213179882
24519,0.9836579200077081
24520,0.006516758650419661
24521,0.13215332554699633
24522,0.0025377409445633894
24523,0.5684404792089134
24524,0.01212382826003412
24525,0.34493411979875094
24526,0.0028595243690121373
24527,0.006986594381870694
24528,0.04505342200071093
24529,0.014792456719945779
24530,0.01055631151304115
24531,0.002694178653178206
24532,0.9810236662296438
24533,0.5766070325468279
24534,0.1721170474328242
24535,0.2586056560927345
24536,0.2707951946327367
24537,0.18506756885647807
24538,0.06686414873165211
24539,0.20435252836117584
24540,0.8867781576599707
24541,0.006005375582135147
24542,0.219514788792994
24543,0.06660551721372832
24544,0.2136078125517441
24545,0.017660239221067426
24546,0.3304615262382297
24547,0.13601743393010246
24548,0.9734824211506321
24549,0.07327057138851681
24550,0.021724527041156058
24551,0.004399707426185308
24552,0.0016714023982448574
24553,0.01140450119355611
24554,0.02923875345083659
24555,0.01537769822459441
24556,0.0005092320207832978
24557,0.03481334699901292
24558,0.985757675865731
24559,0.12306423173032618
24560,0.9192344212562685
24561,0.6087063459348769
24562,0.9438105319095929
24563,0.03642662091799865
24564,0.020022248880887827
24565,0.16639784644924813
24566,0.020963781152823404
24567,0.02715304674471783
24568,0.21453738233504072
24569,0.0109988576058797
24570,0.21494324628204536
24571,0.0029378140117070823
24572,0.1384373523702723
24573,0.002356941450537321
24574,0.01858673129432815
24575,0.019166214313974025
24576,0.9522267250101712
24577,0.003594298137319764
24578,0.0006993058009233934
24579,0.9094609230688071
24580,0.0200239070710499
24581,0.9761125156692726
24582,0.4695039921549057
24583,0.9136980470824118
24584,0.9550189987933553
24585,0.004453866481662316
24586,0.01989963606901863
24587,0.11187154200815443
24588,0.000595034176589705
24589,0.010050787270655512
24590,0.2656217016098503
24591,0.0022675316036947788
24592,0.24735859152695397
24593,0.03073478954232725
24594,0.25864507618044585
24595,0.008231861851594285
24596,0.9515971742938463
24597,0.06493540158797582
24598,0.0027943507718678016
24599,0.0053709333181603345
24600,0.10196768455469102
24601,0.472773921611122
24602,0.004570610594036378
24603,0.0014078613576890514
24604,0.0022151616051590437
24605,0.019508665349835842
24606,0.8992825740687186
24607,0.007391647275918049
24608,0.03871887222187067
24609,0.03634063371103739
24610,0.0013686869398562035
24611,0.010261064089817714
24612,0.5887870866150724
24613,0.02396992734000737
24614,0.004541881552749048
24615,0.10313872717201744
24616,0.9142031748822764
24617,0.0705207387333477
24618,0.8961187810111182
24619,0.020006474675161385
24620,0.16911713629251574
24621,0.4119444646659826
24622,0.01076227769984352
24623,0.22062071177100717
24624,0.005530217024578436
24625,0.8857539581311352
24626,0.4143245350939823
24627,0.016829830806574495
24628,0.26787063199077527
24629,0.028639148809230713
24630,0.4756290744833477
24631,0.03064963311206169
24632,0.003384417991041418
24633,0.004224961672909829
24634,0.3499562821957801
24635,0.06859537841216401
24636,0.12629450945051166
24637,0.0883187181238033
24638,0.008744449334604209
24639,0.019568045899756043
24640,0.0013972794913128016
24641,0.5677621923752214
24642,0.5572621522743358
24643,0.0048893631478295115
24644,0.21063143305096957
24645,0.1395790289915401
24646,0.6912403530381939
24647,0.21157237891535147
24648,0.3112204429217199
24649,0.004592418149128083
24650,0.03389769472006458
24651,0.03504489254304995
24652,0.21362302418749918
24653,0.254414536597499
24654,0.9688538855030735
24655,0.017427142778474358
24656,0.006932469956966683
24657,0.91778228671501
24658,0.5547992671931294
24659,0.0020648198903587133
24660,0.009127538737727516
24661,0.13515565790873507
24662,0.8299609653329785
24663,0.005604912080272057
24664,0.044735558428455946
24665,0.004896100200334028
24666,0.006705121251965639
24667,0.055661189219498544
24668,0.7488850208321349
24669,0.6028704290426835
24670,0.6029016916482938
24671,0.9756302048874355
24672,0.08490747105265566
24673,0.0009170977473210522
24674,0.21071429466727273
24675,0.004773727831575682
24676,0.006700273650620477
24677,0.9175001470603928
24678,0.9768984122068828
24679,0.04139338389766434
24680,0.8566894397603825
24681,0.0056832756809599054
24682,0.0013947147065009808
24683,0.12542998720403534
24684,0.9590246147715042
24685,0.11957639666507322
24686,0.05429267226868019
24687,0.06778424402472383
24688,0.5414644277162977
24689,0.44136320652847577
24690,0.0034558342871429493
24691,0.012289661565353318
24692,0.8277303470990065
24693,0.0806133944815148
24694,0.028751749686020466
24695,0.022735988233241525
24696,0.3323993539140839
24697,0.00026818151330507654
24698,0.036082021172133806
24699,0.5845732932819931
24700,0.046843304356981405
24701,0.008596611423269666
24702,0.13569225047137717
24703,0.03563640408873561
24704,0.10109472813723978
24705,0.23279167184662813
24706,0.3985885929927122
24707,0.6808644393102711
24708,0.007610221419102518
24709,0.05063869038553718
24710,0.042224926061402095
24711,0.016268260224957583
24712,0.42713083928199475
24713,0.14416688179879902
24714,0.3037116311392684
24715,0.054304364035709526
24716,0.42273666276453753
24717,0.01832978008571725
24718,0.001443192694758795
24719,0.3324072350187298
24720,0.30974655172023957
24721,0.40507925669426736
24722,0.006552052978337482
24723,0.007317166294457678
24724,0.044036469628000036
24725,0.5116026469396177
24726,0.26006116955046593
24727,0.009465764794122313
24728,0.7114871673509089
24729,0.03043688247597602
24730,0.004652985082034344
24731,0.07691511643305074
24732,0.035028853884819064
24733,0.0032056063065290337
24734,0.31062710771121277
24735,0.0013553184925707408
24736,0.27335142570232096
24737,0.0007723569263654383
24738,0.34398157074477026
24739,0.004083504770683881
24740,0.1875581464221912
24741,0.12090762430607868
24742,0.5289895075831728
24743,0.005971266099290997
24744,0.09991765840178182
24745,0.09623719933783535
24746,0.006926969374786645
24747,0.04476325180954085
24748,0.5298289171259412
24749,0.004568858994664349
24750,0.14169192308445858
24751,0.004891033886498683
24752,0.014584312435777359
24753,0.15385871931502662
24754,0.32830550092697164
24755,0.013589629505802614
24756,0.0004613741201996879
24757,0.30041349076958285
24758,0.044945426478672
24759,0.00435065442980906
24760,0.006428437964802791
24761,0.017841542677502507
24762,0.4399246844240698
24763,0.05824121027151381
24764,0.010867642286134958
24765,0.022681490410841353
24766,0.014912757481684054
24767,0.04915716114091407
24768,0.0007337437773692483
24769,0.0248909921343289
24770,0.011566319354226895
24771,0.006537817267040968
24772,0.08409764595406649
24773,0.012473126397992576
24774,0.09601416177673572
24775,0.003605892128771886
24776,0.19829948184541948
24777,0.03358860754358706
24778,0.7904851653389812
24779,0.013497428176086505
24780,0.020430755968747032
24781,0.0023611898891202107
24782,0.915740359866692
24783,0.15697570476717795
24784,0.3527808322296335
24785,0.2559657331096141
24786,0.05734033842866499
24787,0.0028599933401850853
24788,0.5851574557783585
24789,0.10435075578338567
24790,0.006777247765914
24791,0.11238640424056427
24792,0.006700677200958879
24793,0.6489017754047683
24794,0.012638732753479069
24795,0.006707644665767594
24796,0.9852582528119097
24797,0.007721602953563947
24798,0.006014986813071305
24799,0.03446345377816317
24800,0.05886469882691203
24801,0.00215238458514683
24802,0.7794143357831818
24803,0.002681803259538791
24804,0.0025800102173228873
24805,0.037146124360863474
24806,0.005654052987990783
24807,0.015291801122832183
24808,0.0035163736606826437
24809,0.30638471069352063
24810,0.023930201248720216
24811,0.0034764439135142626
24812,0.004763872170362027
24813,0.2500839110323583
24814,0.1295775405638405
24815,0.007964145396107744
24816,0.003245418476825863
24817,0.05045667913906076
24818,0.022577696239399397
24819,0.3122067743905127
24820,0.5705994356201295
24821,0.00946376374137463
24822,0.08298122144195984
24823,0.09556429475303749
24824,0.1342810918672986
24825,0.002583096232444179
24826,0.7596144021662071
24827,0.006850477374608518
24828,0.06672963690570907
24829,0.023730057685381258
24830,0.4663134556811448
24831,0.007174467697941235
24832,0.005304312516706547
24833,0.14201929488327533
24834,0.045085730794144796
24835,0.021823159234178255
24836,0.09118387661198839
24837,0.013232432710725186
24838,0.45021475938649785
24839,0.3041527507989861
24840,0.9019862086150674
24841,0.9675314219902961
24842,0.0052629616208098124
24843,0.04195638505855705
24844,0.013212577500098415
24845,0.0016851081933924245
24846,0.002517312160150317
24847,0.566641282227609
24848,0.01494753517231735
24849,0.03432649813405603
24850,0.004326432326734707
24851,0.4828845742785082
24852,0.1837666369792479
24853,0.01265611920187713
24854,0.01110352418027059
24855,0.9755026200164516
24856,0.002534217300273568
24857,0.012614649623702883
24858,0.06456892569314483
24859,0.07927981484956988
24860,0.2433028788047278
24861,0.2634646510965707
24862,0.008401258798043352
24863,0.5219313452312256
24864,0.01731217862610754
24865,0.39437087554892997
24866,0.9964252407368519
24867,0.6267042669919698
24868,0.05352837943720008
24869,0.0510809352838081
24870,0.5944345054644142
24871,0.2751692613371324
24872,0.022218428527633893
24873,0.015293876912552134
24874,0.026398404176270686
24875,0.028961325306616797
24876,0.12786004654709762
24877,0.13371599842301612
24878,0.005366594353179401
24879,0.024008835678061467
24880,0.08331889918882254
24881,0.20936254241853913
24882,0.03764610819479804
24883,0.8233987062040178
24884,0.2373128623129403
24885,0.21450004446353232
24886,0.0795810349572952
24887,0.0019409859603524812
24888,0.010350380048812197
24889,0.7112133836379801
24890,0.033939385182981174
24891,0.03607044322740564
24892,0.017237423424288485
24893,0.30179572559475215
24894,0.0315845816184758
24895,0.9837628054488532
24896,0.9858985054855269
24897,0.12927651294653297
24898,0.9564468573270895
24899,0.011407398796737616
24900,0.09086777353279918
24901,0.02715668350943489
24902,0.48562764530921226
24903,0.02103873209016643
24904,0.016606347256293688
24905,0.6117926310742527
24906,0.14884036514769644
24907,0.40793509656547267
24908,0.180538810185686
24909,0.0295600332162914
24910,0.0037992578861021334
24911,0.0036717500560331574
24912,0.07662528521011544
24913,0.010794520578100262
24914,0.008717947680026676
24915,0.10708959604976995
24916,0.783771050819877
24917,0.03817660930187694
24918,0.5465921954354809
24919,0.005368435771510916
24920,0.1436560238641535
24921,0.6770489683880124
24922,0.00916809964537668
24923,0.048654780109875215
24924,0.006686663598733672
24925,0.056660220642858056
24926,0.0021425266114366895
24927,0.07300586270468629
24928,0.03976004670490849
24929,0.012961138227427525
24930,0.5687794427708602
24931,0.9188332261436232
24932,0.0938649692641817
24933,0.025687823889253836
24934,0.018982278004499784
24935,0.02166674447427325
24936,0.1500922639110265
24937,0.8898526132450162
24938,0.9782266912430725
24939,0.07737396644221453
24940,0.0177547199040738
24941,0.03858850957274408
24942,0.002154952029354016
24943,0.005474645202200632
24944,0.0060427593378868435
24945,0.005143101636259872
24946,0.004385550821447842
24947,0.03579267106152199
24948,0.019596894586688403
24949,0.012341638633563646
24950,0.09172155160102798
24951,0.060969644581451606
24952,0.013548589303990981
24953,0.020231990569555807
24954,0.08967204622889893
24955,0.04883783365356302
24956,0.04233656421705668
24957,0.0014298044205365353
24958,0.009861017309386684
24959,0.20392107411843471
24960,0.7587837863131847
24961,0.014459802361890484
24962,0.0013862674104970338
24963,0.004562073708286028
24964,0.008051536464453819
24965,0.010225439442568368
24966,0.8592890479318467
24967,0.0022559251590446184
24968,0.049284211464922165
24969,0.8041035371780606
24970,0.8252227395793957
24971,0.06717446200064087
24972,0.021461363068745735
24973,0.020366730637675017
24974,0.02761581220884795
24975,0.3103356624768394
24976,0.39336601942092964
24977,0.002281666583471824
24978,0.01061349483016284
24979,0.3670193297096896
24980,0.013279331465489595
24981,0.36642624839910815
24982,0.006937807616287627
24983,0.024896086295732475
24984,0.05704267029710957
24985,0.3970385761306929
24986,0.9185654123833915
24987,0.2097850506168273
24988,0.010032490758259089
24989,0.7814224452794271
24990,0.8491088835967328
24991,0.40048037091700994
24992,0.00440516129437214
24993,0.1574254059821566
24994,0.9992864726063547
24995,0.010767771024343935
24996,0.01093348961802376
24997,0.0019221767530238835
24998,0.14107521150592395
24999,0.06990795355757849
